Copyright 1986-2022 Xilinx, Inc. All Rights Reserved. Copyright 2022-2025 Advanced Micro Devices, Inc. All Rights Reserved.
------------------------------------------------------------------------------------------------------------------------------------------------------------------------------------------------------------------------------------------------------------
| Tool Version : Vivado v.2025.2 (win64) Build 6299465 Fri Nov 14 19:35:11 GMT 2025
| Date         : Mon Jan  5 12:45:23 2026
| Host         : arthur-desktop running 64-bit major release  (build 9200)
| Command      : report_timing_summary -max_paths 10 -routable_nets -report_unconstrained -file design_1_wrapper_timing_summary_routed.rpt -pb design_1_wrapper_timing_summary_routed.pb -rpx design_1_wrapper_timing_summary_routed.rpx -warn_on_violation
| Design       : design_1_wrapper
| Device       : 7z007s-clg225
| Speed File   : -1  PRODUCTION 1.12 2019-11-22
| Design State : Routed
------------------------------------------------------------------------------------------------------------------------------------------------------------------------------------------------------------------------------------------------------------

Timing Summary Report

------------------------------------------------------------------------------------------------
| Timer Settings
| --------------
------------------------------------------------------------------------------------------------

  Enable Multi Corner Analysis               :  Yes
  Enable Pessimism Removal                   :  Yes
  Pessimism Removal Resolution               :  Nearest Common Node
  Enable Input Delay Default Clock           :  No
  Enable Preset / Clear Arcs                 :  No
  Disable Flight Delays                      :  No
  Ignore I/O Paths                           :  No
  Timing Early Launch at Borrowing Latches   :  No
  Borrow Time for Max Delay Exceptions       :  Yes
  Merge Timing Exceptions                    :  Yes
  Inter-SLR Compensation                     :  Conservative

  Corner  Analyze    Analyze    
  Name    Max Paths  Min Paths  
  ------  ---------  ---------  
  Slow    Yes        Yes        
  Fast    Yes        Yes        


------------------------------------------------------------------------------------------------
| Report Methodology
| ------------------
------------------------------------------------------------------------------------------------

No report available as report_methodology has not been run prior. Run report_methodology on the current design for the summary of methodology violations.



check_timing report

Table of Contents
-----------------
1. checking no_clock (0)
2. checking constant_clock (0)
3. checking pulse_width_clock (0)
4. checking unconstrained_internal_endpoints (0)
5. checking no_input_delay (0)
6. checking no_output_delay (0)
7. checking multiple_clock (0)
8. checking generated_clocks (0)
9. checking loops (0)
10. checking partial_input_delay (0)
11. checking partial_output_delay (0)
12. checking latch_loops (0)

1. checking no_clock (0)
------------------------
 There are 0 register/latch pins with no clock.


2. checking constant_clock (0)
------------------------------
 There are 0 register/latch pins with constant_clock.


3. checking pulse_width_clock (0)
---------------------------------
 There are 0 register/latch pins which need pulse_width check


4. checking unconstrained_internal_endpoints (0)
------------------------------------------------
 There are 0 pins that are not constrained for maximum delay.

 There are 0 pins that are not constrained for maximum delay due to constant clock.


5. checking no_input_delay (0)
------------------------------
 There are 0 input ports with no input delay specified.

 There are 0 input ports with no input delay but user has a false path constraint.


6. checking no_output_delay (0)
-------------------------------
 There are 0 ports with no output delay specified.

 There are 0 ports with no output delay but user has a false path constraint

 There are 0 ports with no output delay but with a timing clock defined on it or propagating through it


7. checking multiple_clock (0)
------------------------------
 There are 0 register/latch pins with multiple clocks.


8. checking generated_clocks (0)
--------------------------------
 There are 0 generated clocks that are not connected to a clock source.


9. checking loops (0)
---------------------
 There are 0 combinational loops in the design.


10. checking partial_input_delay (0)
------------------------------------
 There are 0 input ports with partial input delay specified.


11. checking partial_output_delay (0)
-------------------------------------
 There are 0 ports with partial output delay specified.


12. checking latch_loops (0)
----------------------------
 There are 0 combinational latch loops in the design through latch input



------------------------------------------------------------------------------------------------
| Design Timing Summary
| ---------------------
------------------------------------------------------------------------------------------------

    WNS(ns)      TNS(ns)  TNS Failing Endpoints  TNS Total Endpoints      WHS(ns)      THS(ns)  THS Failing Endpoints  THS Total Endpoints     WPWS(ns)     TPWS(ns)  TPWS Failing Endpoints  TPWS Total Endpoints  
    -------      -------  ---------------------  -------------------      -------      -------  ---------------------  -------------------     --------     --------  ----------------------  --------------------  
     18.062        0.000                      0                 5226        0.037        0.000                      0                 5226       19.020        0.000                       0                  2014  


All user specified timing constraints are met.


------------------------------------------------------------------------------------------------
| Clock Summary
| -------------
------------------------------------------------------------------------------------------------

Clock       Waveform(ns)       Period(ns)      Frequency(MHz)
-----       ------------       ----------      --------------
clk_fpga_0  {0.000 20.000}     40.000          25.000          


------------------------------------------------------------------------------------------------
| Intra Clock Table
| -----------------
------------------------------------------------------------------------------------------------

Clock             WNS(ns)      TNS(ns)  TNS Failing Endpoints  TNS Total Endpoints      WHS(ns)      THS(ns)  THS Failing Endpoints  THS Total Endpoints     WPWS(ns)     TPWS(ns)  TPWS Failing Endpoints  TPWS Total Endpoints  
-----             -------      -------  ---------------------  -------------------      -------      -------  ---------------------  -------------------     --------     --------  ----------------------  --------------------  
clk_fpga_0         18.062        0.000                      0                 5226        0.037        0.000                      0                 5226       19.020        0.000                       0                  2014  


------------------------------------------------------------------------------------------------
| Inter Clock Table
| -----------------
------------------------------------------------------------------------------------------------

From Clock    To Clock          WNS(ns)      TNS(ns)  TNS Failing Endpoints  TNS Total Endpoints      WHS(ns)      THS(ns)  THS Failing Endpoints  THS Total Endpoints  
----------    --------          -------      -------  ---------------------  -------------------      -------      -------  ---------------------  -------------------  


------------------------------------------------------------------------------------------------
| Other Path Groups Table
| -----------------------
------------------------------------------------------------------------------------------------

Path Group    From Clock    To Clock          WNS(ns)      TNS(ns)  TNS Failing Endpoints  TNS Total Endpoints      WHS(ns)      THS(ns)  THS Failing Endpoints  THS Total Endpoints  
----------    ----------    --------          -------      -------  ---------------------  -------------------      -------      -------  ---------------------  -------------------  


------------------------------------------------------------------------------------------------
| User Ignored Path Table
| -----------------------
------------------------------------------------------------------------------------------------

Path Group    From Clock    To Clock    
----------    ----------    --------    
(none)                      clk_fpga_0    
(none)        clk_fpga_0    clk_fpga_0    


------------------------------------------------------------------------------------------------
| Unconstrained Path Table
| ------------------------
------------------------------------------------------------------------------------------------

Path Group    From Clock    To Clock    
----------    ----------    --------    


------------------------------------------------------------------------------------------------
| Timing Details
| --------------
------------------------------------------------------------------------------------------------


---------------------------------------------------------------------------------------------------
From Clock:  clk_fpga_0
  To Clock:  clk_fpga_0

Setup :            0  Failing Endpoints,  Worst Slack       18.062ns,  Total Violation        0.000ns
Hold  :            0  Failing Endpoints,  Worst Slack        0.037ns,  Total Violation        0.000ns
PW    :            0  Failing Endpoints,  Worst Slack       19.020ns,  Total Violation        0.000ns
---------------------------------------------------------------------------------------------------


Max Delay Paths
--------------------------------------------------------------------------------------
Slack (MET) :             18.062ns  (required time - arrival time)
  Source:                 design_1_i/logmapAXI_alt_0/U0/logmapAXI_slave_lite_v1_0_S00_AXI_inst/u_iter/r_reg_reg[17]/C
                            (rising edge-triggered cell FDRE clocked by clk_fpga_0  {rise@0.000ns fall@20.000ns period=40.000ns})
  Destination:            design_1_i/logmapAXI_alt_0/U0/logmapAXI_slave_lite_v1_0_S00_AXI_inst/u_iter/r_reg_reg[61]/D
                            (rising edge-triggered cell FDRE clocked by clk_fpga_0  {rise@0.000ns fall@20.000ns period=40.000ns})
  Path Group:             clk_fpga_0
  Path Type:              Setup (Max at Slow Process Corner)
  Requirement:            40.000ns  (clk_fpga_0 rise@40.000ns - clk_fpga_0 rise@0.000ns)
  Data Path Delay:        20.940ns  (logic 8.651ns (41.313%)  route 12.289ns (58.687%))
  Logic Levels:           34  (CARRY4=25 LUT3=3 LUT4=3 LUT5=2 LUT6=1)
  Clock Path Skew:        -0.145ns (DCD - SCD + CPR)
    Destination Clock Delay (DCD):    3.167ns = ( 43.167 - 40.000 ) 
    Source Clock Delay      (SCD):    3.692ns
    Clock Pessimism Removal (CPR):    0.379ns
  Clock Uncertainty:      0.601ns  ((TSJ^2 + TIJ^2)^1/2 + DJ) / 2 + PE
    Total System Jitter     (TSJ):    0.071ns
    Total Input Jitter      (TIJ):    1.200ns
    Discrete Jitter          (DJ):    0.000ns
    Phase Error              (PE):    0.000ns

    Location             Delay type                Incr(ns)  Path(ns)    Netlist Resource(s)
  -------------------------------------------------------------------    -------------------
                         (clock clk_fpga_0 rise edge)
                                                      0.000     0.000 r  
    PS7_X0Y0             PS7                          0.000     0.000 r  design_1_i/processing_system7_0/inst/PS7_i/FCLKCLK[0]
                         net (fo=1, routed)           1.860     1.860    design_1_i/processing_system7_0/inst/FCLK_CLK_unbuffered[0]
    BUFGCTRL_X0Y16       BUFG (Prop_bufg_I_O)         0.101     1.961 r  design_1_i/processing_system7_0/inst/buffer_fclk_clk_0.FCLK_CLK_0_BUFG/O
                         net (fo=2030, routed)        1.731     3.692    design_1_i/logmapAXI_alt_0/U0/logmapAXI_slave_lite_v1_0_S00_AXI_inst/u_iter/s00_axi_aclk
    SLICE_X36Y65         FDRE                                         r  design_1_i/logmapAXI_alt_0/U0/logmapAXI_slave_lite_v1_0_S00_AXI_inst/u_iter/r_reg_reg[17]/C
  -------------------------------------------------------------------    -------------------
    SLICE_X36Y65         FDRE (Prop_fdre_C_Q)         0.456     4.148 r  design_1_i/logmapAXI_alt_0/U0/logmapAXI_slave_lite_v1_0_S00_AXI_inst/u_iter/r_reg_reg[17]/Q
                         net (fo=128, routed)         4.495     8.643    design_1_i/logmapAXI_alt_0/U0/logmapAXI_slave_lite_v1_0_S00_AXI_inst/u_iter/Q[17]
    SLICE_X10Y53         LUT5 (Prop_lut5_I0_O)        0.124     8.767 r  design_1_i/logmapAXI_alt_0/U0/logmapAXI_slave_lite_v1_0_S00_AXI_inst/u_iter/r_reg[3]_i_1487/O
                         net (fo=1, routed)           0.000     8.767    design_1_i/logmapAXI_alt_0/U0/logmapAXI_slave_lite_v1_0_S00_AXI_inst/u_iter/r_reg[3]_i_1487_n_0
    SLICE_X10Y53         CARRY4 (Prop_carry4_S[1]_CO[3])
                                                      0.533     9.300 r  design_1_i/logmapAXI_alt_0/U0/logmapAXI_slave_lite_v1_0_S00_AXI_inst/u_iter/r_reg_reg[3]_i_1356/CO[3]
                         net (fo=1, routed)           0.000     9.300    design_1_i/logmapAXI_alt_0/U0/logmapAXI_slave_lite_v1_0_S00_AXI_inst/u_iter/r_reg_reg[3]_i_1356_n_0
    SLICE_X10Y54         CARRY4 (Prop_carry4_CI_CO[3])
                                                      0.117     9.417 r  design_1_i/logmapAXI_alt_0/U0/logmapAXI_slave_lite_v1_0_S00_AXI_inst/u_iter/r_reg_reg[3]_i_1214/CO[3]
                         net (fo=1, routed)           0.000     9.417    design_1_i/logmapAXI_alt_0/U0/logmapAXI_slave_lite_v1_0_S00_AXI_inst/u_iter/r_reg_reg[3]_i_1214_n_0
    SLICE_X10Y55         CARRY4 (Prop_carry4_CI_O[3])
                                                      0.315     9.732 r  design_1_i/logmapAXI_alt_0/U0/logmapAXI_slave_lite_v1_0_S00_AXI_inst/u_iter/r_reg_reg[3]_i_1059/O[3]
                         net (fo=2, routed)           1.290    11.022    design_1_i/logmapAXI_alt_0/U0/logmapAXI_slave_lite_v1_0_S00_AXI_inst/u_iter/r_reg_reg[3]_i_1059_n_4
    SLICE_X11Y51         LUT3 (Prop_lut3_I0_O)        0.333    11.355 r  design_1_i/logmapAXI_alt_0/U0/logmapAXI_slave_lite_v1_0_S00_AXI_inst/u_iter/r_reg[3]_i_842/O
                         net (fo=2, routed)           0.587    11.942    design_1_i/logmapAXI_alt_0/U0/logmapAXI_slave_lite_v1_0_S00_AXI_inst/u_iter/r_reg[3]_i_842_n_0
    SLICE_X11Y52         LUT4 (Prop_lut4_I3_O)        0.332    12.274 r  design_1_i/logmapAXI_alt_0/U0/logmapAXI_slave_lite_v1_0_S00_AXI_inst/u_iter/r_reg[3]_i_846/O
                         net (fo=1, routed)           0.000    12.274    design_1_i/logmapAXI_alt_0/U0/logmapAXI_slave_lite_v1_0_S00_AXI_inst/u_iter/r_reg[3]_i_846_n_0
    SLICE_X11Y52         CARRY4 (Prop_carry4_S[0]_CO[3])
                                                      0.532    12.806 r  design_1_i/logmapAXI_alt_0/U0/logmapAXI_slave_lite_v1_0_S00_AXI_inst/u_iter/r_reg_reg[3]_i_649/CO[3]
                         net (fo=1, routed)           0.000    12.806    design_1_i/logmapAXI_alt_0/U0/logmapAXI_slave_lite_v1_0_S00_AXI_inst/u_iter/r_reg_reg[3]_i_649_n_0
    SLICE_X11Y53         CARRY4 (Prop_carry4_CI_CO[3])
                                                      0.114    12.920 r  design_1_i/logmapAXI_alt_0/U0/logmapAXI_slave_lite_v1_0_S00_AXI_inst/u_iter/r_reg_reg[3]_i_482/CO[3]
                         net (fo=1, routed)           0.000    12.920    design_1_i/logmapAXI_alt_0/U0/logmapAXI_slave_lite_v1_0_S00_AXI_inst/u_iter/r_reg_reg[3]_i_482_n_0
    SLICE_X11Y54         CARRY4 (Prop_carry4_CI_CO[3])
                                                      0.114    13.034 r  design_1_i/logmapAXI_alt_0/U0/logmapAXI_slave_lite_v1_0_S00_AXI_inst/u_iter/r_reg_reg[3]_i_354/CO[3]
                         net (fo=1, routed)           0.000    13.034    design_1_i/logmapAXI_alt_0/U0/logmapAXI_slave_lite_v1_0_S00_AXI_inst/u_iter/r_reg_reg[3]_i_354_n_0
    SLICE_X11Y55         CARRY4 (Prop_carry4_CI_O[1])
                                                      0.334    13.368 r  design_1_i/logmapAXI_alt_0/U0/logmapAXI_slave_lite_v1_0_S00_AXI_inst/u_iter/r_reg_reg[3]_i_196/O[1]
                         net (fo=2, routed)           1.426    14.794    design_1_i/logmapAXI_alt_0/U0/logmapAXI_slave_lite_v1_0_S00_AXI_inst/u_iter/r_reg_reg[3]_i_196_n_6
    SLICE_X22Y55         LUT3 (Prop_lut3_I1_O)        0.329    15.123 r  design_1_i/logmapAXI_alt_0/U0/logmapAXI_slave_lite_v1_0_S00_AXI_inst/u_iter/r_reg[3]_i_115/O
                         net (fo=2, routed)           0.437    15.561    design_1_i/logmapAXI_alt_0/U0/logmapAXI_slave_lite_v1_0_S00_AXI_inst/u_iter/r_reg[3]_i_115_n_0
    SLICE_X22Y56         LUT4 (Prop_lut4_I3_O)        0.332    15.893 r  design_1_i/logmapAXI_alt_0/U0/logmapAXI_slave_lite_v1_0_S00_AXI_inst/u_iter/r_reg[3]_i_119/O
                         net (fo=1, routed)           0.000    15.893    design_1_i/logmapAXI_alt_0/U0/logmapAXI_slave_lite_v1_0_S00_AXI_inst/u_iter/r_reg[3]_i_119_n_0
    SLICE_X22Y56         CARRY4 (Prop_carry4_S[0]_CO[3])
                                                      0.532    16.425 r  design_1_i/logmapAXI_alt_0/U0/logmapAXI_slave_lite_v1_0_S00_AXI_inst/u_iter/r_reg_reg[3]_i_41/CO[3]
                         net (fo=1, routed)           0.000    16.425    design_1_i/logmapAXI_alt_0/U0/logmapAXI_slave_lite_v1_0_S00_AXI_inst/u_iter/r_reg_reg[3]_i_41_n_0
    SLICE_X22Y57         CARRY4 (Prop_carry4_CI_O[1])
                                                      0.334    16.759 r  design_1_i/logmapAXI_alt_0/U0/logmapAXI_slave_lite_v1_0_S00_AXI_inst/u_iter/r_reg_reg[3]_i_23/O[1]
                         net (fo=2, routed)           1.054    17.812    design_1_i/logmapAXI_alt_0/U0/logmapAXI_slave_lite_v1_0_S00_AXI_inst/u_iter/r_reg_reg[3]_i_23_n_6
    SLICE_X33Y52         LUT4 (Prop_lut4_I1_O)        0.329    18.141 r  design_1_i/logmapAXI_alt_0/U0/logmapAXI_slave_lite_v1_0_S00_AXI_inst/u_iter/r_reg[3]_i_27/O
                         net (fo=2, routed)           0.933    19.075    design_1_i/logmapAXI_alt_0/U0/logmapAXI_slave_lite_v1_0_S00_AXI_inst/u_iter/r_reg[3]_i_27_n_0
    SLICE_X33Y55         LUT5 (Prop_lut5_I1_O)        0.351    19.426 r  design_1_i/logmapAXI_alt_0/U0/logmapAXI_slave_lite_v1_0_S00_AXI_inst/u_iter/r_reg[3]_i_7/O
                         net (fo=2, routed)           0.607    20.033    design_1_i/logmapAXI_alt_0/U0/logmapAXI_slave_lite_v1_0_S00_AXI_inst/u_iter/r_reg[3]_i_7_n_0
    SLICE_X32Y57         LUT6 (Prop_lut6_I0_O)        0.332    20.365 r  design_1_i/logmapAXI_alt_0/U0/logmapAXI_slave_lite_v1_0_S00_AXI_inst/u_iter/r_reg[3]_i_11/O
                         net (fo=1, routed)           0.000    20.365    design_1_i/logmapAXI_alt_0/U0/logmapAXI_slave_lite_v1_0_S00_AXI_inst/u_iter/r_reg[3]_i_11_n_0
    SLICE_X32Y57         CARRY4 (Prop_carry4_S[0]_CO[3])
                                                      0.513    20.878 r  design_1_i/logmapAXI_alt_0/U0/logmapAXI_slave_lite_v1_0_S00_AXI_inst/u_iter/r_reg_reg[3]_i_2/CO[3]
                         net (fo=1, routed)           0.000    20.878    design_1_i/logmapAXI_alt_0/U0/logmapAXI_slave_lite_v1_0_S00_AXI_inst/u_iter/r_reg_reg[3]_i_2_n_0
    SLICE_X32Y58         CARRY4 (Prop_carry4_CI_CO[3])
                                                      0.117    20.995 r  design_1_i/logmapAXI_alt_0/U0/logmapAXI_slave_lite_v1_0_S00_AXI_inst/u_iter/r_reg_reg[7]_i_2/CO[3]
                         net (fo=1, routed)           0.000    20.995    design_1_i/logmapAXI_alt_0/U0/logmapAXI_slave_lite_v1_0_S00_AXI_inst/u_iter/r_reg_reg[7]_i_2_n_0
    SLICE_X32Y59         CARRY4 (Prop_carry4_CI_CO[3])
                                                      0.117    21.112 r  design_1_i/logmapAXI_alt_0/U0/logmapAXI_slave_lite_v1_0_S00_AXI_inst/u_iter/r_reg_reg[11]_i_2/CO[3]
                         net (fo=1, routed)           0.000    21.112    design_1_i/logmapAXI_alt_0/U0/logmapAXI_slave_lite_v1_0_S00_AXI_inst/u_iter/r_reg_reg[11]_i_2_n_0
    SLICE_X32Y60         CARRY4 (Prop_carry4_CI_CO[3])
                                                      0.117    21.229 r  design_1_i/logmapAXI_alt_0/U0/logmapAXI_slave_lite_v1_0_S00_AXI_inst/u_iter/r_reg_reg[15]_i_2/CO[3]
                         net (fo=1, routed)           0.000    21.229    design_1_i/logmapAXI_alt_0/U0/logmapAXI_slave_lite_v1_0_S00_AXI_inst/u_iter/r_reg_reg[15]_i_2_n_0
    SLICE_X32Y61         CARRY4 (Prop_carry4_CI_CO[3])
                                                      0.117    21.346 r  design_1_i/logmapAXI_alt_0/U0/logmapAXI_slave_lite_v1_0_S00_AXI_inst/u_iter/r_reg_reg[19]_i_2/CO[3]
                         net (fo=1, routed)           0.000    21.346    design_1_i/logmapAXI_alt_0/U0/logmapAXI_slave_lite_v1_0_S00_AXI_inst/u_iter/r_reg_reg[19]_i_2_n_0
    SLICE_X32Y62         CARRY4 (Prop_carry4_CI_CO[3])
                                                      0.117    21.463 r  design_1_i/logmapAXI_alt_0/U0/logmapAXI_slave_lite_v1_0_S00_AXI_inst/u_iter/r_reg_reg[23]_i_2/CO[3]
                         net (fo=1, routed)           0.000    21.463    design_1_i/logmapAXI_alt_0/U0/logmapAXI_slave_lite_v1_0_S00_AXI_inst/u_iter/r_reg_reg[23]_i_2_n_0
    SLICE_X32Y63         CARRY4 (Prop_carry4_CI_CO[3])
                                                      0.117    21.580 r  design_1_i/logmapAXI_alt_0/U0/logmapAXI_slave_lite_v1_0_S00_AXI_inst/u_iter/r_reg_reg[27]_i_2/CO[3]
                         net (fo=1, routed)           0.000    21.580    design_1_i/logmapAXI_alt_0/U0/logmapAXI_slave_lite_v1_0_S00_AXI_inst/u_iter/r_reg_reg[27]_i_2_n_0
    SLICE_X32Y64         CARRY4 (Prop_carry4_CI_CO[3])
                                                      0.117    21.697 r  design_1_i/logmapAXI_alt_0/U0/logmapAXI_slave_lite_v1_0_S00_AXI_inst/u_iter/r_reg_reg[31]_i_2/CO[3]
                         net (fo=1, routed)           0.000    21.697    design_1_i/logmapAXI_alt_0/U0/logmapAXI_slave_lite_v1_0_S00_AXI_inst/u_iter/r_reg_reg[31]_i_2_n_0
    SLICE_X32Y65         CARRY4 (Prop_carry4_CI_CO[3])
                                                      0.117    21.814 r  design_1_i/logmapAXI_alt_0/U0/logmapAXI_slave_lite_v1_0_S00_AXI_inst/u_iter/r_reg_reg[35]_i_2/CO[3]
                         net (fo=1, routed)           0.000    21.814    design_1_i/logmapAXI_alt_0/U0/logmapAXI_slave_lite_v1_0_S00_AXI_inst/u_iter/r_reg_reg[35]_i_2_n_0
    SLICE_X32Y66         CARRY4 (Prop_carry4_CI_CO[3])
                                                      0.117    21.931 r  design_1_i/logmapAXI_alt_0/U0/logmapAXI_slave_lite_v1_0_S00_AXI_inst/u_iter/r_reg_reg[39]_i_2/CO[3]
                         net (fo=1, routed)           0.000    21.931    design_1_i/logmapAXI_alt_0/U0/logmapAXI_slave_lite_v1_0_S00_AXI_inst/u_iter/r_reg_reg[39]_i_2_n_0
    SLICE_X32Y67         CARRY4 (Prop_carry4_CI_CO[3])
                                                      0.117    22.048 r  design_1_i/logmapAXI_alt_0/U0/logmapAXI_slave_lite_v1_0_S00_AXI_inst/u_iter/r_reg_reg[43]_i_2/CO[3]
                         net (fo=1, routed)           0.000    22.048    design_1_i/logmapAXI_alt_0/U0/logmapAXI_slave_lite_v1_0_S00_AXI_inst/u_iter/r_reg_reg[43]_i_2_n_0
    SLICE_X32Y68         CARRY4 (Prop_carry4_CI_CO[3])
                                                      0.117    22.165 r  design_1_i/logmapAXI_alt_0/U0/logmapAXI_slave_lite_v1_0_S00_AXI_inst/u_iter/r_reg_reg[47]_i_2/CO[3]
                         net (fo=1, routed)           0.000    22.165    design_1_i/logmapAXI_alt_0/U0/logmapAXI_slave_lite_v1_0_S00_AXI_inst/u_iter/r_reg_reg[47]_i_2_n_0
    SLICE_X32Y69         CARRY4 (Prop_carry4_CI_CO[3])
                                                      0.117    22.282 r  design_1_i/logmapAXI_alt_0/U0/logmapAXI_slave_lite_v1_0_S00_AXI_inst/u_iter/r_reg_reg[51]_i_2/CO[3]
                         net (fo=1, routed)           0.000    22.282    design_1_i/logmapAXI_alt_0/U0/logmapAXI_slave_lite_v1_0_S00_AXI_inst/u_iter/r_reg_reg[51]_i_2_n_0
    SLICE_X32Y70         CARRY4 (Prop_carry4_CI_CO[3])
                                                      0.117    22.399 r  design_1_i/logmapAXI_alt_0/U0/logmapAXI_slave_lite_v1_0_S00_AXI_inst/u_iter/r_reg_reg[55]_i_2/CO[3]
                         net (fo=1, routed)           0.000    22.399    design_1_i/logmapAXI_alt_0/U0/logmapAXI_slave_lite_v1_0_S00_AXI_inst/u_iter/r_reg_reg[55]_i_2_n_0
    SLICE_X32Y71         CARRY4 (Prop_carry4_CI_CO[3])
                                                      0.117    22.516 r  design_1_i/logmapAXI_alt_0/U0/logmapAXI_slave_lite_v1_0_S00_AXI_inst/u_iter/r_reg_reg[59]_i_2/CO[3]
                         net (fo=1, routed)           0.000    22.516    design_1_i/logmapAXI_alt_0/U0/logmapAXI_slave_lite_v1_0_S00_AXI_inst/u_iter/r_reg_reg[59]_i_2_n_0
    SLICE_X32Y72         CARRY4 (Prop_carry4_CI_O[1])
                                                      0.323    22.839 r  design_1_i/logmapAXI_alt_0/U0/logmapAXI_slave_lite_v1_0_S00_AXI_inst/u_iter/r_reg_reg[63]_i_3/O[1]
                         net (fo=1, routed)           0.842    23.681    design_1_i/logmapAXI_alt_0/U0/logmapAXI_slave_lite_v1_0_S00_AXI_inst/u_iter/plusOp[123]
    SLICE_X30Y72         LUT3 (Prop_lut3_I1_O)        0.334    24.015 r  design_1_i/logmapAXI_alt_0/U0/logmapAXI_slave_lite_v1_0_S00_AXI_inst/u_iter/r_reg[61]_i_1/O
                         net (fo=1, routed)           0.617    24.632    design_1_i/logmapAXI_alt_0/U0/logmapAXI_slave_lite_v1_0_S00_AXI_inst/u_iter/r_next[61]
    SLICE_X30Y72         FDRE                                         r  design_1_i/logmapAXI_alt_0/U0/logmapAXI_slave_lite_v1_0_S00_AXI_inst/u_iter/r_reg_reg[61]/D
  -------------------------------------------------------------------    -------------------

                         (clock clk_fpga_0 rise edge)
                                                     40.000    40.000 r  
    PS7_X0Y0             PS7                          0.000    40.000 r  design_1_i/processing_system7_0/inst/PS7_i/FCLKCLK[0]
                         net (fo=1, routed)           1.605    41.605    design_1_i/processing_system7_0/inst/FCLK_CLK_unbuffered[0]
    BUFGCTRL_X0Y16       BUFG (Prop_bufg_I_O)         0.091    41.696 r  design_1_i/processing_system7_0/inst/buffer_fclk_clk_0.FCLK_CLK_0_BUFG/O
                         net (fo=2030, routed)        1.472    43.167    design_1_i/logmapAXI_alt_0/U0/logmapAXI_slave_lite_v1_0_S00_AXI_inst/u_iter/s00_axi_aclk
    SLICE_X30Y72         FDRE                                         r  design_1_i/logmapAXI_alt_0/U0/logmapAXI_slave_lite_v1_0_S00_AXI_inst/u_iter/r_reg_reg[61]/C
                         clock pessimism              0.379    43.547    
                         clock uncertainty           -0.601    42.946    
    SLICE_X30Y72         FDRE (Setup_fdre_C_D)       -0.252    42.694    design_1_i/logmapAXI_alt_0/U0/logmapAXI_slave_lite_v1_0_S00_AXI_inst/u_iter/r_reg_reg[61]
  -------------------------------------------------------------------
                         required time                         42.694    
                         arrival time                         -24.632    
  -------------------------------------------------------------------
                         slack                                 18.062    

Slack (MET) :             18.066ns  (required time - arrival time)
  Source:                 design_1_i/logmapAXI_alt_0/U0/logmapAXI_slave_lite_v1_0_S00_AXI_inst/u_iter/r_reg_reg[17]/C
                            (rising edge-triggered cell FDRE clocked by clk_fpga_0  {rise@0.000ns fall@20.000ns period=40.000ns})
  Destination:            design_1_i/logmapAXI_alt_0/U0/logmapAXI_slave_lite_v1_0_S00_AXI_inst/u_iter/r_reg_reg[62]/D
                            (rising edge-triggered cell FDRE clocked by clk_fpga_0  {rise@0.000ns fall@20.000ns period=40.000ns})
  Path Group:             clk_fpga_0
  Path Type:              Setup (Max at Slow Process Corner)
  Requirement:            40.000ns  (clk_fpga_0 rise@40.000ns - clk_fpga_0 rise@0.000ns)
  Data Path Delay:        20.938ns  (logic 8.556ns (40.863%)  route 12.382ns (59.137%))
  Logic Levels:           34  (CARRY4=25 LUT3=3 LUT4=3 LUT5=2 LUT6=1)
  Clock Path Skew:        -0.146ns (DCD - SCD + CPR)
    Destination Clock Delay (DCD):    3.166ns = ( 43.166 - 40.000 ) 
    Source Clock Delay      (SCD):    3.692ns
    Clock Pessimism Removal (CPR):    0.379ns
  Clock Uncertainty:      0.601ns  ((TSJ^2 + TIJ^2)^1/2 + DJ) / 2 + PE
    Total System Jitter     (TSJ):    0.071ns
    Total Input Jitter      (TIJ):    1.200ns
    Discrete Jitter          (DJ):    0.000ns
    Phase Error              (PE):    0.000ns

    Location             Delay type                Incr(ns)  Path(ns)    Netlist Resource(s)
  -------------------------------------------------------------------    -------------------
                         (clock clk_fpga_0 rise edge)
                                                      0.000     0.000 r  
    PS7_X0Y0             PS7                          0.000     0.000 r  design_1_i/processing_system7_0/inst/PS7_i/FCLKCLK[0]
                         net (fo=1, routed)           1.860     1.860    design_1_i/processing_system7_0/inst/FCLK_CLK_unbuffered[0]
    BUFGCTRL_X0Y16       BUFG (Prop_bufg_I_O)         0.101     1.961 r  design_1_i/processing_system7_0/inst/buffer_fclk_clk_0.FCLK_CLK_0_BUFG/O
                         net (fo=2030, routed)        1.731     3.692    design_1_i/logmapAXI_alt_0/U0/logmapAXI_slave_lite_v1_0_S00_AXI_inst/u_iter/s00_axi_aclk
    SLICE_X36Y65         FDRE                                         r  design_1_i/logmapAXI_alt_0/U0/logmapAXI_slave_lite_v1_0_S00_AXI_inst/u_iter/r_reg_reg[17]/C
  -------------------------------------------------------------------    -------------------
    SLICE_X36Y65         FDRE (Prop_fdre_C_Q)         0.456     4.148 r  design_1_i/logmapAXI_alt_0/U0/logmapAXI_slave_lite_v1_0_S00_AXI_inst/u_iter/r_reg_reg[17]/Q
                         net (fo=128, routed)         4.495     8.643    design_1_i/logmapAXI_alt_0/U0/logmapAXI_slave_lite_v1_0_S00_AXI_inst/u_iter/Q[17]
    SLICE_X10Y53         LUT5 (Prop_lut5_I0_O)        0.124     8.767 r  design_1_i/logmapAXI_alt_0/U0/logmapAXI_slave_lite_v1_0_S00_AXI_inst/u_iter/r_reg[3]_i_1487/O
                         net (fo=1, routed)           0.000     8.767    design_1_i/logmapAXI_alt_0/U0/logmapAXI_slave_lite_v1_0_S00_AXI_inst/u_iter/r_reg[3]_i_1487_n_0
    SLICE_X10Y53         CARRY4 (Prop_carry4_S[1]_CO[3])
                                                      0.533     9.300 r  design_1_i/logmapAXI_alt_0/U0/logmapAXI_slave_lite_v1_0_S00_AXI_inst/u_iter/r_reg_reg[3]_i_1356/CO[3]
                         net (fo=1, routed)           0.000     9.300    design_1_i/logmapAXI_alt_0/U0/logmapAXI_slave_lite_v1_0_S00_AXI_inst/u_iter/r_reg_reg[3]_i_1356_n_0
    SLICE_X10Y54         CARRY4 (Prop_carry4_CI_CO[3])
                                                      0.117     9.417 r  design_1_i/logmapAXI_alt_0/U0/logmapAXI_slave_lite_v1_0_S00_AXI_inst/u_iter/r_reg_reg[3]_i_1214/CO[3]
                         net (fo=1, routed)           0.000     9.417    design_1_i/logmapAXI_alt_0/U0/logmapAXI_slave_lite_v1_0_S00_AXI_inst/u_iter/r_reg_reg[3]_i_1214_n_0
    SLICE_X10Y55         CARRY4 (Prop_carry4_CI_O[3])
                                                      0.315     9.732 r  design_1_i/logmapAXI_alt_0/U0/logmapAXI_slave_lite_v1_0_S00_AXI_inst/u_iter/r_reg_reg[3]_i_1059/O[3]
                         net (fo=2, routed)           1.290    11.022    design_1_i/logmapAXI_alt_0/U0/logmapAXI_slave_lite_v1_0_S00_AXI_inst/u_iter/r_reg_reg[3]_i_1059_n_4
    SLICE_X11Y51         LUT3 (Prop_lut3_I0_O)        0.333    11.355 r  design_1_i/logmapAXI_alt_0/U0/logmapAXI_slave_lite_v1_0_S00_AXI_inst/u_iter/r_reg[3]_i_842/O
                         net (fo=2, routed)           0.587    11.942    design_1_i/logmapAXI_alt_0/U0/logmapAXI_slave_lite_v1_0_S00_AXI_inst/u_iter/r_reg[3]_i_842_n_0
    SLICE_X11Y52         LUT4 (Prop_lut4_I3_O)        0.332    12.274 r  design_1_i/logmapAXI_alt_0/U0/logmapAXI_slave_lite_v1_0_S00_AXI_inst/u_iter/r_reg[3]_i_846/O
                         net (fo=1, routed)           0.000    12.274    design_1_i/logmapAXI_alt_0/U0/logmapAXI_slave_lite_v1_0_S00_AXI_inst/u_iter/r_reg[3]_i_846_n_0
    SLICE_X11Y52         CARRY4 (Prop_carry4_S[0]_CO[3])
                                                      0.532    12.806 r  design_1_i/logmapAXI_alt_0/U0/logmapAXI_slave_lite_v1_0_S00_AXI_inst/u_iter/r_reg_reg[3]_i_649/CO[3]
                         net (fo=1, routed)           0.000    12.806    design_1_i/logmapAXI_alt_0/U0/logmapAXI_slave_lite_v1_0_S00_AXI_inst/u_iter/r_reg_reg[3]_i_649_n_0
    SLICE_X11Y53         CARRY4 (Prop_carry4_CI_CO[3])
                                                      0.114    12.920 r  design_1_i/logmapAXI_alt_0/U0/logmapAXI_slave_lite_v1_0_S00_AXI_inst/u_iter/r_reg_reg[3]_i_482/CO[3]
                         net (fo=1, routed)           0.000    12.920    design_1_i/logmapAXI_alt_0/U0/logmapAXI_slave_lite_v1_0_S00_AXI_inst/u_iter/r_reg_reg[3]_i_482_n_0
    SLICE_X11Y54         CARRY4 (Prop_carry4_CI_CO[3])
                                                      0.114    13.034 r  design_1_i/logmapAXI_alt_0/U0/logmapAXI_slave_lite_v1_0_S00_AXI_inst/u_iter/r_reg_reg[3]_i_354/CO[3]
                         net (fo=1, routed)           0.000    13.034    design_1_i/logmapAXI_alt_0/U0/logmapAXI_slave_lite_v1_0_S00_AXI_inst/u_iter/r_reg_reg[3]_i_354_n_0
    SLICE_X11Y55         CARRY4 (Prop_carry4_CI_O[1])
                                                      0.334    13.368 r  design_1_i/logmapAXI_alt_0/U0/logmapAXI_slave_lite_v1_0_S00_AXI_inst/u_iter/r_reg_reg[3]_i_196/O[1]
                         net (fo=2, routed)           1.426    14.794    design_1_i/logmapAXI_alt_0/U0/logmapAXI_slave_lite_v1_0_S00_AXI_inst/u_iter/r_reg_reg[3]_i_196_n_6
    SLICE_X22Y55         LUT3 (Prop_lut3_I1_O)        0.329    15.123 r  design_1_i/logmapAXI_alt_0/U0/logmapAXI_slave_lite_v1_0_S00_AXI_inst/u_iter/r_reg[3]_i_115/O
                         net (fo=2, routed)           0.437    15.561    design_1_i/logmapAXI_alt_0/U0/logmapAXI_slave_lite_v1_0_S00_AXI_inst/u_iter/r_reg[3]_i_115_n_0
    SLICE_X22Y56         LUT4 (Prop_lut4_I3_O)        0.332    15.893 r  design_1_i/logmapAXI_alt_0/U0/logmapAXI_slave_lite_v1_0_S00_AXI_inst/u_iter/r_reg[3]_i_119/O
                         net (fo=1, routed)           0.000    15.893    design_1_i/logmapAXI_alt_0/U0/logmapAXI_slave_lite_v1_0_S00_AXI_inst/u_iter/r_reg[3]_i_119_n_0
    SLICE_X22Y56         CARRY4 (Prop_carry4_S[0]_CO[3])
                                                      0.532    16.425 r  design_1_i/logmapAXI_alt_0/U0/logmapAXI_slave_lite_v1_0_S00_AXI_inst/u_iter/r_reg_reg[3]_i_41/CO[3]
                         net (fo=1, routed)           0.000    16.425    design_1_i/logmapAXI_alt_0/U0/logmapAXI_slave_lite_v1_0_S00_AXI_inst/u_iter/r_reg_reg[3]_i_41_n_0
    SLICE_X22Y57         CARRY4 (Prop_carry4_CI_O[1])
                                                      0.334    16.759 r  design_1_i/logmapAXI_alt_0/U0/logmapAXI_slave_lite_v1_0_S00_AXI_inst/u_iter/r_reg_reg[3]_i_23/O[1]
                         net (fo=2, routed)           1.054    17.812    design_1_i/logmapAXI_alt_0/U0/logmapAXI_slave_lite_v1_0_S00_AXI_inst/u_iter/r_reg_reg[3]_i_23_n_6
    SLICE_X33Y52         LUT4 (Prop_lut4_I1_O)        0.329    18.141 r  design_1_i/logmapAXI_alt_0/U0/logmapAXI_slave_lite_v1_0_S00_AXI_inst/u_iter/r_reg[3]_i_27/O
                         net (fo=2, routed)           0.933    19.075    design_1_i/logmapAXI_alt_0/U0/logmapAXI_slave_lite_v1_0_S00_AXI_inst/u_iter/r_reg[3]_i_27_n_0
    SLICE_X33Y55         LUT5 (Prop_lut5_I1_O)        0.351    19.426 r  design_1_i/logmapAXI_alt_0/U0/logmapAXI_slave_lite_v1_0_S00_AXI_inst/u_iter/r_reg[3]_i_7/O
                         net (fo=2, routed)           0.607    20.033    design_1_i/logmapAXI_alt_0/U0/logmapAXI_slave_lite_v1_0_S00_AXI_inst/u_iter/r_reg[3]_i_7_n_0
    SLICE_X32Y57         LUT6 (Prop_lut6_I0_O)        0.332    20.365 r  design_1_i/logmapAXI_alt_0/U0/logmapAXI_slave_lite_v1_0_S00_AXI_inst/u_iter/r_reg[3]_i_11/O
                         net (fo=1, routed)           0.000    20.365    design_1_i/logmapAXI_alt_0/U0/logmapAXI_slave_lite_v1_0_S00_AXI_inst/u_iter/r_reg[3]_i_11_n_0
    SLICE_X32Y57         CARRY4 (Prop_carry4_S[0]_CO[3])
                                                      0.513    20.878 r  design_1_i/logmapAXI_alt_0/U0/logmapAXI_slave_lite_v1_0_S00_AXI_inst/u_iter/r_reg_reg[3]_i_2/CO[3]
                         net (fo=1, routed)           0.000    20.878    design_1_i/logmapAXI_alt_0/U0/logmapAXI_slave_lite_v1_0_S00_AXI_inst/u_iter/r_reg_reg[3]_i_2_n_0
    SLICE_X32Y58         CARRY4 (Prop_carry4_CI_CO[3])
                                                      0.117    20.995 r  design_1_i/logmapAXI_alt_0/U0/logmapAXI_slave_lite_v1_0_S00_AXI_inst/u_iter/r_reg_reg[7]_i_2/CO[3]
                         net (fo=1, routed)           0.000    20.995    design_1_i/logmapAXI_alt_0/U0/logmapAXI_slave_lite_v1_0_S00_AXI_inst/u_iter/r_reg_reg[7]_i_2_n_0
    SLICE_X32Y59         CARRY4 (Prop_carry4_CI_CO[3])
                                                      0.117    21.112 r  design_1_i/logmapAXI_alt_0/U0/logmapAXI_slave_lite_v1_0_S00_AXI_inst/u_iter/r_reg_reg[11]_i_2/CO[3]
                         net (fo=1, routed)           0.000    21.112    design_1_i/logmapAXI_alt_0/U0/logmapAXI_slave_lite_v1_0_S00_AXI_inst/u_iter/r_reg_reg[11]_i_2_n_0
    SLICE_X32Y60         CARRY4 (Prop_carry4_CI_CO[3])
                                                      0.117    21.229 r  design_1_i/logmapAXI_alt_0/U0/logmapAXI_slave_lite_v1_0_S00_AXI_inst/u_iter/r_reg_reg[15]_i_2/CO[3]
                         net (fo=1, routed)           0.000    21.229    design_1_i/logmapAXI_alt_0/U0/logmapAXI_slave_lite_v1_0_S00_AXI_inst/u_iter/r_reg_reg[15]_i_2_n_0
    SLICE_X32Y61         CARRY4 (Prop_carry4_CI_CO[3])
                                                      0.117    21.346 r  design_1_i/logmapAXI_alt_0/U0/logmapAXI_slave_lite_v1_0_S00_AXI_inst/u_iter/r_reg_reg[19]_i_2/CO[3]
                         net (fo=1, routed)           0.000    21.346    design_1_i/logmapAXI_alt_0/U0/logmapAXI_slave_lite_v1_0_S00_AXI_inst/u_iter/r_reg_reg[19]_i_2_n_0
    SLICE_X32Y62         CARRY4 (Prop_carry4_CI_CO[3])
                                                      0.117    21.463 r  design_1_i/logmapAXI_alt_0/U0/logmapAXI_slave_lite_v1_0_S00_AXI_inst/u_iter/r_reg_reg[23]_i_2/CO[3]
                         net (fo=1, routed)           0.000    21.463    design_1_i/logmapAXI_alt_0/U0/logmapAXI_slave_lite_v1_0_S00_AXI_inst/u_iter/r_reg_reg[23]_i_2_n_0
    SLICE_X32Y63         CARRY4 (Prop_carry4_CI_CO[3])
                                                      0.117    21.580 r  design_1_i/logmapAXI_alt_0/U0/logmapAXI_slave_lite_v1_0_S00_AXI_inst/u_iter/r_reg_reg[27]_i_2/CO[3]
                         net (fo=1, routed)           0.000    21.580    design_1_i/logmapAXI_alt_0/U0/logmapAXI_slave_lite_v1_0_S00_AXI_inst/u_iter/r_reg_reg[27]_i_2_n_0
    SLICE_X32Y64         CARRY4 (Prop_carry4_CI_CO[3])
                                                      0.117    21.697 r  design_1_i/logmapAXI_alt_0/U0/logmapAXI_slave_lite_v1_0_S00_AXI_inst/u_iter/r_reg_reg[31]_i_2/CO[3]
                         net (fo=1, routed)           0.000    21.697    design_1_i/logmapAXI_alt_0/U0/logmapAXI_slave_lite_v1_0_S00_AXI_inst/u_iter/r_reg_reg[31]_i_2_n_0
    SLICE_X32Y65         CARRY4 (Prop_carry4_CI_CO[3])
                                                      0.117    21.814 r  design_1_i/logmapAXI_alt_0/U0/logmapAXI_slave_lite_v1_0_S00_AXI_inst/u_iter/r_reg_reg[35]_i_2/CO[3]
                         net (fo=1, routed)           0.000    21.814    design_1_i/logmapAXI_alt_0/U0/logmapAXI_slave_lite_v1_0_S00_AXI_inst/u_iter/r_reg_reg[35]_i_2_n_0
    SLICE_X32Y66         CARRY4 (Prop_carry4_CI_CO[3])
                                                      0.117    21.931 r  design_1_i/logmapAXI_alt_0/U0/logmapAXI_slave_lite_v1_0_S00_AXI_inst/u_iter/r_reg_reg[39]_i_2/CO[3]
                         net (fo=1, routed)           0.000    21.931    design_1_i/logmapAXI_alt_0/U0/logmapAXI_slave_lite_v1_0_S00_AXI_inst/u_iter/r_reg_reg[39]_i_2_n_0
    SLICE_X32Y67         CARRY4 (Prop_carry4_CI_CO[3])
                                                      0.117    22.048 r  design_1_i/logmapAXI_alt_0/U0/logmapAXI_slave_lite_v1_0_S00_AXI_inst/u_iter/r_reg_reg[43]_i_2/CO[3]
                         net (fo=1, routed)           0.000    22.048    design_1_i/logmapAXI_alt_0/U0/logmapAXI_slave_lite_v1_0_S00_AXI_inst/u_iter/r_reg_reg[43]_i_2_n_0
    SLICE_X32Y68         CARRY4 (Prop_carry4_CI_CO[3])
                                                      0.117    22.165 r  design_1_i/logmapAXI_alt_0/U0/logmapAXI_slave_lite_v1_0_S00_AXI_inst/u_iter/r_reg_reg[47]_i_2/CO[3]
                         net (fo=1, routed)           0.000    22.165    design_1_i/logmapAXI_alt_0/U0/logmapAXI_slave_lite_v1_0_S00_AXI_inst/u_iter/r_reg_reg[47]_i_2_n_0
    SLICE_X32Y69         CARRY4 (Prop_carry4_CI_CO[3])
                                                      0.117    22.282 r  design_1_i/logmapAXI_alt_0/U0/logmapAXI_slave_lite_v1_0_S00_AXI_inst/u_iter/r_reg_reg[51]_i_2/CO[3]
                         net (fo=1, routed)           0.000    22.282    design_1_i/logmapAXI_alt_0/U0/logmapAXI_slave_lite_v1_0_S00_AXI_inst/u_iter/r_reg_reg[51]_i_2_n_0
    SLICE_X32Y70         CARRY4 (Prop_carry4_CI_CO[3])
                                                      0.117    22.399 r  design_1_i/logmapAXI_alt_0/U0/logmapAXI_slave_lite_v1_0_S00_AXI_inst/u_iter/r_reg_reg[55]_i_2/CO[3]
                         net (fo=1, routed)           0.000    22.399    design_1_i/logmapAXI_alt_0/U0/logmapAXI_slave_lite_v1_0_S00_AXI_inst/u_iter/r_reg_reg[55]_i_2_n_0
    SLICE_X32Y71         CARRY4 (Prop_carry4_CI_CO[3])
                                                      0.117    22.516 r  design_1_i/logmapAXI_alt_0/U0/logmapAXI_slave_lite_v1_0_S00_AXI_inst/u_iter/r_reg_reg[59]_i_2/CO[3]
                         net (fo=1, routed)           0.000    22.516    design_1_i/logmapAXI_alt_0/U0/logmapAXI_slave_lite_v1_0_S00_AXI_inst/u_iter/r_reg_reg[59]_i_2_n_0
    SLICE_X32Y72         CARRY4 (Prop_carry4_CI_O[2])
                                                      0.239    22.755 r  design_1_i/logmapAXI_alt_0/U0/logmapAXI_slave_lite_v1_0_S00_AXI_inst/u_iter/r_reg_reg[63]_i_3/O[2]
                         net (fo=1, routed)           0.981    23.735    design_1_i/logmapAXI_alt_0/U0/logmapAXI_slave_lite_v1_0_S00_AXI_inst/u_iter/plusOp[124]
    SLICE_X28Y73         LUT3 (Prop_lut3_I1_O)        0.323    24.058 r  design_1_i/logmapAXI_alt_0/U0/logmapAXI_slave_lite_v1_0_S00_AXI_inst/u_iter/r_reg[62]_i_1/O
                         net (fo=1, routed)           0.572    24.630    design_1_i/logmapAXI_alt_0/U0/logmapAXI_slave_lite_v1_0_S00_AXI_inst/u_iter/r_next[62]
    SLICE_X28Y73         FDRE                                         r  design_1_i/logmapAXI_alt_0/U0/logmapAXI_slave_lite_v1_0_S00_AXI_inst/u_iter/r_reg_reg[62]/D
  -------------------------------------------------------------------    -------------------

                         (clock clk_fpga_0 rise edge)
                                                     40.000    40.000 r  
    PS7_X0Y0             PS7                          0.000    40.000 r  design_1_i/processing_system7_0/inst/PS7_i/FCLKCLK[0]
                         net (fo=1, routed)           1.605    41.605    design_1_i/processing_system7_0/inst/FCLK_CLK_unbuffered[0]
    BUFGCTRL_X0Y16       BUFG (Prop_bufg_I_O)         0.091    41.696 r  design_1_i/processing_system7_0/inst/buffer_fclk_clk_0.FCLK_CLK_0_BUFG/O
                         net (fo=2030, routed)        1.471    43.166    design_1_i/logmapAXI_alt_0/U0/logmapAXI_slave_lite_v1_0_S00_AXI_inst/u_iter/s00_axi_aclk
    SLICE_X28Y73         FDRE                                         r  design_1_i/logmapAXI_alt_0/U0/logmapAXI_slave_lite_v1_0_S00_AXI_inst/u_iter/r_reg_reg[62]/C
                         clock pessimism              0.379    43.546    
                         clock uncertainty           -0.601    42.945    
    SLICE_X28Y73         FDRE (Setup_fdre_C_D)       -0.249    42.696    design_1_i/logmapAXI_alt_0/U0/logmapAXI_slave_lite_v1_0_S00_AXI_inst/u_iter/r_reg_reg[62]
  -------------------------------------------------------------------
                         required time                         42.696    
                         arrival time                         -24.630    
  -------------------------------------------------------------------
                         slack                                 18.066    

Slack (MET) :             18.074ns  (required time - arrival time)
  Source:                 design_1_i/logmapAXI_alt_0/U0/logmapAXI_slave_lite_v1_0_S00_AXI_inst/u_iter/r_reg_reg[17]/C
                            (rising edge-triggered cell FDRE clocked by clk_fpga_0  {rise@0.000ns fall@20.000ns period=40.000ns})
  Destination:            design_1_i/logmapAXI_alt_0/U0/logmapAXI_slave_lite_v1_0_S00_AXI_inst/u_iter/r_reg_reg[57]/D
                            (rising edge-triggered cell FDRE clocked by clk_fpga_0  {rise@0.000ns fall@20.000ns period=40.000ns})
  Path Group:             clk_fpga_0
  Path Type:              Setup (Max at Slow Process Corner)
  Requirement:            40.000ns  (clk_fpga_0 rise@40.000ns - clk_fpga_0 rise@0.000ns)
  Data Path Delay:        20.931ns  (logic 8.528ns (40.744%)  route 12.403ns (59.256%))
  Logic Levels:           33  (CARRY4=24 LUT3=3 LUT4=3 LUT5=2 LUT6=1)
  Clock Path Skew:        -0.145ns (DCD - SCD + CPR)
    Destination Clock Delay (DCD):    3.167ns = ( 43.167 - 40.000 ) 
    Source Clock Delay      (SCD):    3.692ns
    Clock Pessimism Removal (CPR):    0.379ns
  Clock Uncertainty:      0.601ns  ((TSJ^2 + TIJ^2)^1/2 + DJ) / 2 + PE
    Total System Jitter     (TSJ):    0.071ns
    Total Input Jitter      (TIJ):    1.200ns
    Discrete Jitter          (DJ):    0.000ns
    Phase Error              (PE):    0.000ns

    Location             Delay type                Incr(ns)  Path(ns)    Netlist Resource(s)
  -------------------------------------------------------------------    -------------------
                         (clock clk_fpga_0 rise edge)
                                                      0.000     0.000 r  
    PS7_X0Y0             PS7                          0.000     0.000 r  design_1_i/processing_system7_0/inst/PS7_i/FCLKCLK[0]
                         net (fo=1, routed)           1.860     1.860    design_1_i/processing_system7_0/inst/FCLK_CLK_unbuffered[0]
    BUFGCTRL_X0Y16       BUFG (Prop_bufg_I_O)         0.101     1.961 r  design_1_i/processing_system7_0/inst/buffer_fclk_clk_0.FCLK_CLK_0_BUFG/O
                         net (fo=2030, routed)        1.731     3.692    design_1_i/logmapAXI_alt_0/U0/logmapAXI_slave_lite_v1_0_S00_AXI_inst/u_iter/s00_axi_aclk
    SLICE_X36Y65         FDRE                                         r  design_1_i/logmapAXI_alt_0/U0/logmapAXI_slave_lite_v1_0_S00_AXI_inst/u_iter/r_reg_reg[17]/C
  -------------------------------------------------------------------    -------------------
    SLICE_X36Y65         FDRE (Prop_fdre_C_Q)         0.456     4.148 r  design_1_i/logmapAXI_alt_0/U0/logmapAXI_slave_lite_v1_0_S00_AXI_inst/u_iter/r_reg_reg[17]/Q
                         net (fo=128, routed)         4.495     8.643    design_1_i/logmapAXI_alt_0/U0/logmapAXI_slave_lite_v1_0_S00_AXI_inst/u_iter/Q[17]
    SLICE_X10Y53         LUT5 (Prop_lut5_I0_O)        0.124     8.767 r  design_1_i/logmapAXI_alt_0/U0/logmapAXI_slave_lite_v1_0_S00_AXI_inst/u_iter/r_reg[3]_i_1487/O
                         net (fo=1, routed)           0.000     8.767    design_1_i/logmapAXI_alt_0/U0/logmapAXI_slave_lite_v1_0_S00_AXI_inst/u_iter/r_reg[3]_i_1487_n_0
    SLICE_X10Y53         CARRY4 (Prop_carry4_S[1]_CO[3])
                                                      0.533     9.300 r  design_1_i/logmapAXI_alt_0/U0/logmapAXI_slave_lite_v1_0_S00_AXI_inst/u_iter/r_reg_reg[3]_i_1356/CO[3]
                         net (fo=1, routed)           0.000     9.300    design_1_i/logmapAXI_alt_0/U0/logmapAXI_slave_lite_v1_0_S00_AXI_inst/u_iter/r_reg_reg[3]_i_1356_n_0
    SLICE_X10Y54         CARRY4 (Prop_carry4_CI_CO[3])
                                                      0.117     9.417 r  design_1_i/logmapAXI_alt_0/U0/logmapAXI_slave_lite_v1_0_S00_AXI_inst/u_iter/r_reg_reg[3]_i_1214/CO[3]
                         net (fo=1, routed)           0.000     9.417    design_1_i/logmapAXI_alt_0/U0/logmapAXI_slave_lite_v1_0_S00_AXI_inst/u_iter/r_reg_reg[3]_i_1214_n_0
    SLICE_X10Y55         CARRY4 (Prop_carry4_CI_O[3])
                                                      0.315     9.732 r  design_1_i/logmapAXI_alt_0/U0/logmapAXI_slave_lite_v1_0_S00_AXI_inst/u_iter/r_reg_reg[3]_i_1059/O[3]
                         net (fo=2, routed)           1.290    11.022    design_1_i/logmapAXI_alt_0/U0/logmapAXI_slave_lite_v1_0_S00_AXI_inst/u_iter/r_reg_reg[3]_i_1059_n_4
    SLICE_X11Y51         LUT3 (Prop_lut3_I0_O)        0.333    11.355 r  design_1_i/logmapAXI_alt_0/U0/logmapAXI_slave_lite_v1_0_S00_AXI_inst/u_iter/r_reg[3]_i_842/O
                         net (fo=2, routed)           0.587    11.942    design_1_i/logmapAXI_alt_0/U0/logmapAXI_slave_lite_v1_0_S00_AXI_inst/u_iter/r_reg[3]_i_842_n_0
    SLICE_X11Y52         LUT4 (Prop_lut4_I3_O)        0.332    12.274 r  design_1_i/logmapAXI_alt_0/U0/logmapAXI_slave_lite_v1_0_S00_AXI_inst/u_iter/r_reg[3]_i_846/O
                         net (fo=1, routed)           0.000    12.274    design_1_i/logmapAXI_alt_0/U0/logmapAXI_slave_lite_v1_0_S00_AXI_inst/u_iter/r_reg[3]_i_846_n_0
    SLICE_X11Y52         CARRY4 (Prop_carry4_S[0]_CO[3])
                                                      0.532    12.806 r  design_1_i/logmapAXI_alt_0/U0/logmapAXI_slave_lite_v1_0_S00_AXI_inst/u_iter/r_reg_reg[3]_i_649/CO[3]
                         net (fo=1, routed)           0.000    12.806    design_1_i/logmapAXI_alt_0/U0/logmapAXI_slave_lite_v1_0_S00_AXI_inst/u_iter/r_reg_reg[3]_i_649_n_0
    SLICE_X11Y53         CARRY4 (Prop_carry4_CI_CO[3])
                                                      0.114    12.920 r  design_1_i/logmapAXI_alt_0/U0/logmapAXI_slave_lite_v1_0_S00_AXI_inst/u_iter/r_reg_reg[3]_i_482/CO[3]
                         net (fo=1, routed)           0.000    12.920    design_1_i/logmapAXI_alt_0/U0/logmapAXI_slave_lite_v1_0_S00_AXI_inst/u_iter/r_reg_reg[3]_i_482_n_0
    SLICE_X11Y54         CARRY4 (Prop_carry4_CI_CO[3])
                                                      0.114    13.034 r  design_1_i/logmapAXI_alt_0/U0/logmapAXI_slave_lite_v1_0_S00_AXI_inst/u_iter/r_reg_reg[3]_i_354/CO[3]
                         net (fo=1, routed)           0.000    13.034    design_1_i/logmapAXI_alt_0/U0/logmapAXI_slave_lite_v1_0_S00_AXI_inst/u_iter/r_reg_reg[3]_i_354_n_0
    SLICE_X11Y55         CARRY4 (Prop_carry4_CI_O[1])
                                                      0.334    13.368 r  design_1_i/logmapAXI_alt_0/U0/logmapAXI_slave_lite_v1_0_S00_AXI_inst/u_iter/r_reg_reg[3]_i_196/O[1]
                         net (fo=2, routed)           1.426    14.794    design_1_i/logmapAXI_alt_0/U0/logmapAXI_slave_lite_v1_0_S00_AXI_inst/u_iter/r_reg_reg[3]_i_196_n_6
    SLICE_X22Y55         LUT3 (Prop_lut3_I1_O)        0.329    15.123 r  design_1_i/logmapAXI_alt_0/U0/logmapAXI_slave_lite_v1_0_S00_AXI_inst/u_iter/r_reg[3]_i_115/O
                         net (fo=2, routed)           0.437    15.561    design_1_i/logmapAXI_alt_0/U0/logmapAXI_slave_lite_v1_0_S00_AXI_inst/u_iter/r_reg[3]_i_115_n_0
    SLICE_X22Y56         LUT4 (Prop_lut4_I3_O)        0.332    15.893 r  design_1_i/logmapAXI_alt_0/U0/logmapAXI_slave_lite_v1_0_S00_AXI_inst/u_iter/r_reg[3]_i_119/O
                         net (fo=1, routed)           0.000    15.893    design_1_i/logmapAXI_alt_0/U0/logmapAXI_slave_lite_v1_0_S00_AXI_inst/u_iter/r_reg[3]_i_119_n_0
    SLICE_X22Y56         CARRY4 (Prop_carry4_S[0]_CO[3])
                                                      0.532    16.425 r  design_1_i/logmapAXI_alt_0/U0/logmapAXI_slave_lite_v1_0_S00_AXI_inst/u_iter/r_reg_reg[3]_i_41/CO[3]
                         net (fo=1, routed)           0.000    16.425    design_1_i/logmapAXI_alt_0/U0/logmapAXI_slave_lite_v1_0_S00_AXI_inst/u_iter/r_reg_reg[3]_i_41_n_0
    SLICE_X22Y57         CARRY4 (Prop_carry4_CI_O[1])
                                                      0.334    16.759 r  design_1_i/logmapAXI_alt_0/U0/logmapAXI_slave_lite_v1_0_S00_AXI_inst/u_iter/r_reg_reg[3]_i_23/O[1]
                         net (fo=2, routed)           1.054    17.812    design_1_i/logmapAXI_alt_0/U0/logmapAXI_slave_lite_v1_0_S00_AXI_inst/u_iter/r_reg_reg[3]_i_23_n_6
    SLICE_X33Y52         LUT4 (Prop_lut4_I1_O)        0.329    18.141 r  design_1_i/logmapAXI_alt_0/U0/logmapAXI_slave_lite_v1_0_S00_AXI_inst/u_iter/r_reg[3]_i_27/O
                         net (fo=2, routed)           0.933    19.075    design_1_i/logmapAXI_alt_0/U0/logmapAXI_slave_lite_v1_0_S00_AXI_inst/u_iter/r_reg[3]_i_27_n_0
    SLICE_X33Y55         LUT5 (Prop_lut5_I1_O)        0.351    19.426 r  design_1_i/logmapAXI_alt_0/U0/logmapAXI_slave_lite_v1_0_S00_AXI_inst/u_iter/r_reg[3]_i_7/O
                         net (fo=2, routed)           0.607    20.033    design_1_i/logmapAXI_alt_0/U0/logmapAXI_slave_lite_v1_0_S00_AXI_inst/u_iter/r_reg[3]_i_7_n_0
    SLICE_X32Y57         LUT6 (Prop_lut6_I0_O)        0.332    20.365 r  design_1_i/logmapAXI_alt_0/U0/logmapAXI_slave_lite_v1_0_S00_AXI_inst/u_iter/r_reg[3]_i_11/O
                         net (fo=1, routed)           0.000    20.365    design_1_i/logmapAXI_alt_0/U0/logmapAXI_slave_lite_v1_0_S00_AXI_inst/u_iter/r_reg[3]_i_11_n_0
    SLICE_X32Y57         CARRY4 (Prop_carry4_S[0]_CO[3])
                                                      0.513    20.878 r  design_1_i/logmapAXI_alt_0/U0/logmapAXI_slave_lite_v1_0_S00_AXI_inst/u_iter/r_reg_reg[3]_i_2/CO[3]
                         net (fo=1, routed)           0.000    20.878    design_1_i/logmapAXI_alt_0/U0/logmapAXI_slave_lite_v1_0_S00_AXI_inst/u_iter/r_reg_reg[3]_i_2_n_0
    SLICE_X32Y58         CARRY4 (Prop_carry4_CI_CO[3])
                                                      0.117    20.995 r  design_1_i/logmapAXI_alt_0/U0/logmapAXI_slave_lite_v1_0_S00_AXI_inst/u_iter/r_reg_reg[7]_i_2/CO[3]
                         net (fo=1, routed)           0.000    20.995    design_1_i/logmapAXI_alt_0/U0/logmapAXI_slave_lite_v1_0_S00_AXI_inst/u_iter/r_reg_reg[7]_i_2_n_0
    SLICE_X32Y59         CARRY4 (Prop_carry4_CI_CO[3])
                                                      0.117    21.112 r  design_1_i/logmapAXI_alt_0/U0/logmapAXI_slave_lite_v1_0_S00_AXI_inst/u_iter/r_reg_reg[11]_i_2/CO[3]
                         net (fo=1, routed)           0.000    21.112    design_1_i/logmapAXI_alt_0/U0/logmapAXI_slave_lite_v1_0_S00_AXI_inst/u_iter/r_reg_reg[11]_i_2_n_0
    SLICE_X32Y60         CARRY4 (Prop_carry4_CI_CO[3])
                                                      0.117    21.229 r  design_1_i/logmapAXI_alt_0/U0/logmapAXI_slave_lite_v1_0_S00_AXI_inst/u_iter/r_reg_reg[15]_i_2/CO[3]
                         net (fo=1, routed)           0.000    21.229    design_1_i/logmapAXI_alt_0/U0/logmapAXI_slave_lite_v1_0_S00_AXI_inst/u_iter/r_reg_reg[15]_i_2_n_0
    SLICE_X32Y61         CARRY4 (Prop_carry4_CI_CO[3])
                                                      0.117    21.346 r  design_1_i/logmapAXI_alt_0/U0/logmapAXI_slave_lite_v1_0_S00_AXI_inst/u_iter/r_reg_reg[19]_i_2/CO[3]
                         net (fo=1, routed)           0.000    21.346    design_1_i/logmapAXI_alt_0/U0/logmapAXI_slave_lite_v1_0_S00_AXI_inst/u_iter/r_reg_reg[19]_i_2_n_0
    SLICE_X32Y62         CARRY4 (Prop_carry4_CI_CO[3])
                                                      0.117    21.463 r  design_1_i/logmapAXI_alt_0/U0/logmapAXI_slave_lite_v1_0_S00_AXI_inst/u_iter/r_reg_reg[23]_i_2/CO[3]
                         net (fo=1, routed)           0.000    21.463    design_1_i/logmapAXI_alt_0/U0/logmapAXI_slave_lite_v1_0_S00_AXI_inst/u_iter/r_reg_reg[23]_i_2_n_0
    SLICE_X32Y63         CARRY4 (Prop_carry4_CI_CO[3])
                                                      0.117    21.580 r  design_1_i/logmapAXI_alt_0/U0/logmapAXI_slave_lite_v1_0_S00_AXI_inst/u_iter/r_reg_reg[27]_i_2/CO[3]
                         net (fo=1, routed)           0.000    21.580    design_1_i/logmapAXI_alt_0/U0/logmapAXI_slave_lite_v1_0_S00_AXI_inst/u_iter/r_reg_reg[27]_i_2_n_0
    SLICE_X32Y64         CARRY4 (Prop_carry4_CI_CO[3])
                                                      0.117    21.697 r  design_1_i/logmapAXI_alt_0/U0/logmapAXI_slave_lite_v1_0_S00_AXI_inst/u_iter/r_reg_reg[31]_i_2/CO[3]
                         net (fo=1, routed)           0.000    21.697    design_1_i/logmapAXI_alt_0/U0/logmapAXI_slave_lite_v1_0_S00_AXI_inst/u_iter/r_reg_reg[31]_i_2_n_0
    SLICE_X32Y65         CARRY4 (Prop_carry4_CI_CO[3])
                                                      0.117    21.814 r  design_1_i/logmapAXI_alt_0/U0/logmapAXI_slave_lite_v1_0_S00_AXI_inst/u_iter/r_reg_reg[35]_i_2/CO[3]
                         net (fo=1, routed)           0.000    21.814    design_1_i/logmapAXI_alt_0/U0/logmapAXI_slave_lite_v1_0_S00_AXI_inst/u_iter/r_reg_reg[35]_i_2_n_0
    SLICE_X32Y66         CARRY4 (Prop_carry4_CI_CO[3])
                                                      0.117    21.931 r  design_1_i/logmapAXI_alt_0/U0/logmapAXI_slave_lite_v1_0_S00_AXI_inst/u_iter/r_reg_reg[39]_i_2/CO[3]
                         net (fo=1, routed)           0.000    21.931    design_1_i/logmapAXI_alt_0/U0/logmapAXI_slave_lite_v1_0_S00_AXI_inst/u_iter/r_reg_reg[39]_i_2_n_0
    SLICE_X32Y67         CARRY4 (Prop_carry4_CI_CO[3])
                                                      0.117    22.048 r  design_1_i/logmapAXI_alt_0/U0/logmapAXI_slave_lite_v1_0_S00_AXI_inst/u_iter/r_reg_reg[43]_i_2/CO[3]
                         net (fo=1, routed)           0.000    22.048    design_1_i/logmapAXI_alt_0/U0/logmapAXI_slave_lite_v1_0_S00_AXI_inst/u_iter/r_reg_reg[43]_i_2_n_0
    SLICE_X32Y68         CARRY4 (Prop_carry4_CI_CO[3])
                                                      0.117    22.165 r  design_1_i/logmapAXI_alt_0/U0/logmapAXI_slave_lite_v1_0_S00_AXI_inst/u_iter/r_reg_reg[47]_i_2/CO[3]
                         net (fo=1, routed)           0.000    22.165    design_1_i/logmapAXI_alt_0/U0/logmapAXI_slave_lite_v1_0_S00_AXI_inst/u_iter/r_reg_reg[47]_i_2_n_0
    SLICE_X32Y69         CARRY4 (Prop_carry4_CI_CO[3])
                                                      0.117    22.282 r  design_1_i/logmapAXI_alt_0/U0/logmapAXI_slave_lite_v1_0_S00_AXI_inst/u_iter/r_reg_reg[51]_i_2/CO[3]
                         net (fo=1, routed)           0.000    22.282    design_1_i/logmapAXI_alt_0/U0/logmapAXI_slave_lite_v1_0_S00_AXI_inst/u_iter/r_reg_reg[51]_i_2_n_0
    SLICE_X32Y70         CARRY4 (Prop_carry4_CI_CO[3])
                                                      0.117    22.399 r  design_1_i/logmapAXI_alt_0/U0/logmapAXI_slave_lite_v1_0_S00_AXI_inst/u_iter/r_reg_reg[55]_i_2/CO[3]
                         net (fo=1, routed)           0.000    22.399    design_1_i/logmapAXI_alt_0/U0/logmapAXI_slave_lite_v1_0_S00_AXI_inst/u_iter/r_reg_reg[55]_i_2_n_0
    SLICE_X32Y71         CARRY4 (Prop_carry4_CI_O[1])
                                                      0.323    22.722 r  design_1_i/logmapAXI_alt_0/U0/logmapAXI_slave_lite_v1_0_S00_AXI_inst/u_iter/r_reg_reg[59]_i_2/O[1]
                         net (fo=1, routed)           0.957    23.679    design_1_i/logmapAXI_alt_0/U0/logmapAXI_slave_lite_v1_0_S00_AXI_inst/u_iter/plusOp[119]
    SLICE_X30Y72         LUT3 (Prop_lut3_I1_O)        0.328    24.007 r  design_1_i/logmapAXI_alt_0/U0/logmapAXI_slave_lite_v1_0_S00_AXI_inst/u_iter/r_reg[57]_i_1/O
                         net (fo=1, routed)           0.615    24.622    design_1_i/logmapAXI_alt_0/U0/logmapAXI_slave_lite_v1_0_S00_AXI_inst/u_iter/r_next[57]
    SLICE_X30Y72         FDRE                                         r  design_1_i/logmapAXI_alt_0/U0/logmapAXI_slave_lite_v1_0_S00_AXI_inst/u_iter/r_reg_reg[57]/D
  -------------------------------------------------------------------    -------------------

                         (clock clk_fpga_0 rise edge)
                                                     40.000    40.000 r  
    PS7_X0Y0             PS7                          0.000    40.000 r  design_1_i/processing_system7_0/inst/PS7_i/FCLKCLK[0]
                         net (fo=1, routed)           1.605    41.605    design_1_i/processing_system7_0/inst/FCLK_CLK_unbuffered[0]
    BUFGCTRL_X0Y16       BUFG (Prop_bufg_I_O)         0.091    41.696 r  design_1_i/processing_system7_0/inst/buffer_fclk_clk_0.FCLK_CLK_0_BUFG/O
                         net (fo=2030, routed)        1.472    43.167    design_1_i/logmapAXI_alt_0/U0/logmapAXI_slave_lite_v1_0_S00_AXI_inst/u_iter/s00_axi_aclk
    SLICE_X30Y72         FDRE                                         r  design_1_i/logmapAXI_alt_0/U0/logmapAXI_slave_lite_v1_0_S00_AXI_inst/u_iter/r_reg_reg[57]/C
                         clock pessimism              0.379    43.547    
                         clock uncertainty           -0.601    42.946    
    SLICE_X30Y72         FDRE (Setup_fdre_C_D)       -0.249    42.697    design_1_i/logmapAXI_alt_0/U0/logmapAXI_slave_lite_v1_0_S00_AXI_inst/u_iter/r_reg_reg[57]
  -------------------------------------------------------------------
                         required time                         42.697    
                         arrival time                         -24.622    
  -------------------------------------------------------------------
                         slack                                 18.074    

Slack (MET) :             18.090ns  (required time - arrival time)
  Source:                 design_1_i/logmapAXI_alt_0/U0/logmapAXI_slave_lite_v1_0_S00_AXI_inst/u_iter/r_reg_reg[17]/C
                            (rising edge-triggered cell FDRE clocked by clk_fpga_0  {rise@0.000ns fall@20.000ns period=40.000ns})
  Destination:            design_1_i/logmapAXI_alt_0/U0/logmapAXI_slave_lite_v1_0_S00_AXI_inst/u_iter/r_reg_reg[59]/D
                            (rising edge-triggered cell FDRE clocked by clk_fpga_0  {rise@0.000ns fall@20.000ns period=40.000ns})
  Path Group:             clk_fpga_0
  Path Type:              Setup (Max at Slow Process Corner)
  Requirement:            40.000ns  (clk_fpga_0 rise@40.000ns - clk_fpga_0 rise@0.000ns)
  Data Path Delay:        20.912ns  (logic 8.523ns (40.756%)  route 12.389ns (59.244%))
  Logic Levels:           33  (CARRY4=24 LUT3=3 LUT4=3 LUT5=2 LUT6=1)
  Clock Path Skew:        -0.148ns (DCD - SCD + CPR)
    Destination Clock Delay (DCD):    3.164ns = ( 43.164 - 40.000 ) 
    Source Clock Delay      (SCD):    3.692ns
    Clock Pessimism Removal (CPR):    0.379ns
  Clock Uncertainty:      0.601ns  ((TSJ^2 + TIJ^2)^1/2 + DJ) / 2 + PE
    Total System Jitter     (TSJ):    0.071ns
    Total Input Jitter      (TIJ):    1.200ns
    Discrete Jitter          (DJ):    0.000ns
    Phase Error              (PE):    0.000ns

    Location             Delay type                Incr(ns)  Path(ns)    Netlist Resource(s)
  -------------------------------------------------------------------    -------------------
                         (clock clk_fpga_0 rise edge)
                                                      0.000     0.000 r  
    PS7_X0Y0             PS7                          0.000     0.000 r  design_1_i/processing_system7_0/inst/PS7_i/FCLKCLK[0]
                         net (fo=1, routed)           1.860     1.860    design_1_i/processing_system7_0/inst/FCLK_CLK_unbuffered[0]
    BUFGCTRL_X0Y16       BUFG (Prop_bufg_I_O)         0.101     1.961 r  design_1_i/processing_system7_0/inst/buffer_fclk_clk_0.FCLK_CLK_0_BUFG/O
                         net (fo=2030, routed)        1.731     3.692    design_1_i/logmapAXI_alt_0/U0/logmapAXI_slave_lite_v1_0_S00_AXI_inst/u_iter/s00_axi_aclk
    SLICE_X36Y65         FDRE                                         r  design_1_i/logmapAXI_alt_0/U0/logmapAXI_slave_lite_v1_0_S00_AXI_inst/u_iter/r_reg_reg[17]/C
  -------------------------------------------------------------------    -------------------
    SLICE_X36Y65         FDRE (Prop_fdre_C_Q)         0.456     4.148 r  design_1_i/logmapAXI_alt_0/U0/logmapAXI_slave_lite_v1_0_S00_AXI_inst/u_iter/r_reg_reg[17]/Q
                         net (fo=128, routed)         4.495     8.643    design_1_i/logmapAXI_alt_0/U0/logmapAXI_slave_lite_v1_0_S00_AXI_inst/u_iter/Q[17]
    SLICE_X10Y53         LUT5 (Prop_lut5_I0_O)        0.124     8.767 r  design_1_i/logmapAXI_alt_0/U0/logmapAXI_slave_lite_v1_0_S00_AXI_inst/u_iter/r_reg[3]_i_1487/O
                         net (fo=1, routed)           0.000     8.767    design_1_i/logmapAXI_alt_0/U0/logmapAXI_slave_lite_v1_0_S00_AXI_inst/u_iter/r_reg[3]_i_1487_n_0
    SLICE_X10Y53         CARRY4 (Prop_carry4_S[1]_CO[3])
                                                      0.533     9.300 r  design_1_i/logmapAXI_alt_0/U0/logmapAXI_slave_lite_v1_0_S00_AXI_inst/u_iter/r_reg_reg[3]_i_1356/CO[3]
                         net (fo=1, routed)           0.000     9.300    design_1_i/logmapAXI_alt_0/U0/logmapAXI_slave_lite_v1_0_S00_AXI_inst/u_iter/r_reg_reg[3]_i_1356_n_0
    SLICE_X10Y54         CARRY4 (Prop_carry4_CI_CO[3])
                                                      0.117     9.417 r  design_1_i/logmapAXI_alt_0/U0/logmapAXI_slave_lite_v1_0_S00_AXI_inst/u_iter/r_reg_reg[3]_i_1214/CO[3]
                         net (fo=1, routed)           0.000     9.417    design_1_i/logmapAXI_alt_0/U0/logmapAXI_slave_lite_v1_0_S00_AXI_inst/u_iter/r_reg_reg[3]_i_1214_n_0
    SLICE_X10Y55         CARRY4 (Prop_carry4_CI_O[3])
                                                      0.315     9.732 r  design_1_i/logmapAXI_alt_0/U0/logmapAXI_slave_lite_v1_0_S00_AXI_inst/u_iter/r_reg_reg[3]_i_1059/O[3]
                         net (fo=2, routed)           1.290    11.022    design_1_i/logmapAXI_alt_0/U0/logmapAXI_slave_lite_v1_0_S00_AXI_inst/u_iter/r_reg_reg[3]_i_1059_n_4
    SLICE_X11Y51         LUT3 (Prop_lut3_I0_O)        0.333    11.355 r  design_1_i/logmapAXI_alt_0/U0/logmapAXI_slave_lite_v1_0_S00_AXI_inst/u_iter/r_reg[3]_i_842/O
                         net (fo=2, routed)           0.587    11.942    design_1_i/logmapAXI_alt_0/U0/logmapAXI_slave_lite_v1_0_S00_AXI_inst/u_iter/r_reg[3]_i_842_n_0
    SLICE_X11Y52         LUT4 (Prop_lut4_I3_O)        0.332    12.274 r  design_1_i/logmapAXI_alt_0/U0/logmapAXI_slave_lite_v1_0_S00_AXI_inst/u_iter/r_reg[3]_i_846/O
                         net (fo=1, routed)           0.000    12.274    design_1_i/logmapAXI_alt_0/U0/logmapAXI_slave_lite_v1_0_S00_AXI_inst/u_iter/r_reg[3]_i_846_n_0
    SLICE_X11Y52         CARRY4 (Prop_carry4_S[0]_CO[3])
                                                      0.532    12.806 r  design_1_i/logmapAXI_alt_0/U0/logmapAXI_slave_lite_v1_0_S00_AXI_inst/u_iter/r_reg_reg[3]_i_649/CO[3]
                         net (fo=1, routed)           0.000    12.806    design_1_i/logmapAXI_alt_0/U0/logmapAXI_slave_lite_v1_0_S00_AXI_inst/u_iter/r_reg_reg[3]_i_649_n_0
    SLICE_X11Y53         CARRY4 (Prop_carry4_CI_CO[3])
                                                      0.114    12.920 r  design_1_i/logmapAXI_alt_0/U0/logmapAXI_slave_lite_v1_0_S00_AXI_inst/u_iter/r_reg_reg[3]_i_482/CO[3]
                         net (fo=1, routed)           0.000    12.920    design_1_i/logmapAXI_alt_0/U0/logmapAXI_slave_lite_v1_0_S00_AXI_inst/u_iter/r_reg_reg[3]_i_482_n_0
    SLICE_X11Y54         CARRY4 (Prop_carry4_CI_CO[3])
                                                      0.114    13.034 r  design_1_i/logmapAXI_alt_0/U0/logmapAXI_slave_lite_v1_0_S00_AXI_inst/u_iter/r_reg_reg[3]_i_354/CO[3]
                         net (fo=1, routed)           0.000    13.034    design_1_i/logmapAXI_alt_0/U0/logmapAXI_slave_lite_v1_0_S00_AXI_inst/u_iter/r_reg_reg[3]_i_354_n_0
    SLICE_X11Y55         CARRY4 (Prop_carry4_CI_O[1])
                                                      0.334    13.368 r  design_1_i/logmapAXI_alt_0/U0/logmapAXI_slave_lite_v1_0_S00_AXI_inst/u_iter/r_reg_reg[3]_i_196/O[1]
                         net (fo=2, routed)           1.426    14.794    design_1_i/logmapAXI_alt_0/U0/logmapAXI_slave_lite_v1_0_S00_AXI_inst/u_iter/r_reg_reg[3]_i_196_n_6
    SLICE_X22Y55         LUT3 (Prop_lut3_I1_O)        0.329    15.123 r  design_1_i/logmapAXI_alt_0/U0/logmapAXI_slave_lite_v1_0_S00_AXI_inst/u_iter/r_reg[3]_i_115/O
                         net (fo=2, routed)           0.437    15.561    design_1_i/logmapAXI_alt_0/U0/logmapAXI_slave_lite_v1_0_S00_AXI_inst/u_iter/r_reg[3]_i_115_n_0
    SLICE_X22Y56         LUT4 (Prop_lut4_I3_O)        0.332    15.893 r  design_1_i/logmapAXI_alt_0/U0/logmapAXI_slave_lite_v1_0_S00_AXI_inst/u_iter/r_reg[3]_i_119/O
                         net (fo=1, routed)           0.000    15.893    design_1_i/logmapAXI_alt_0/U0/logmapAXI_slave_lite_v1_0_S00_AXI_inst/u_iter/r_reg[3]_i_119_n_0
    SLICE_X22Y56         CARRY4 (Prop_carry4_S[0]_CO[3])
                                                      0.532    16.425 r  design_1_i/logmapAXI_alt_0/U0/logmapAXI_slave_lite_v1_0_S00_AXI_inst/u_iter/r_reg_reg[3]_i_41/CO[3]
                         net (fo=1, routed)           0.000    16.425    design_1_i/logmapAXI_alt_0/U0/logmapAXI_slave_lite_v1_0_S00_AXI_inst/u_iter/r_reg_reg[3]_i_41_n_0
    SLICE_X22Y57         CARRY4 (Prop_carry4_CI_O[1])
                                                      0.334    16.759 r  design_1_i/logmapAXI_alt_0/U0/logmapAXI_slave_lite_v1_0_S00_AXI_inst/u_iter/r_reg_reg[3]_i_23/O[1]
                         net (fo=2, routed)           1.054    17.812    design_1_i/logmapAXI_alt_0/U0/logmapAXI_slave_lite_v1_0_S00_AXI_inst/u_iter/r_reg_reg[3]_i_23_n_6
    SLICE_X33Y52         LUT4 (Prop_lut4_I1_O)        0.329    18.141 r  design_1_i/logmapAXI_alt_0/U0/logmapAXI_slave_lite_v1_0_S00_AXI_inst/u_iter/r_reg[3]_i_27/O
                         net (fo=2, routed)           0.933    19.075    design_1_i/logmapAXI_alt_0/U0/logmapAXI_slave_lite_v1_0_S00_AXI_inst/u_iter/r_reg[3]_i_27_n_0
    SLICE_X33Y55         LUT5 (Prop_lut5_I1_O)        0.351    19.426 r  design_1_i/logmapAXI_alt_0/U0/logmapAXI_slave_lite_v1_0_S00_AXI_inst/u_iter/r_reg[3]_i_7/O
                         net (fo=2, routed)           0.607    20.033    design_1_i/logmapAXI_alt_0/U0/logmapAXI_slave_lite_v1_0_S00_AXI_inst/u_iter/r_reg[3]_i_7_n_0
    SLICE_X32Y57         LUT6 (Prop_lut6_I0_O)        0.332    20.365 r  design_1_i/logmapAXI_alt_0/U0/logmapAXI_slave_lite_v1_0_S00_AXI_inst/u_iter/r_reg[3]_i_11/O
                         net (fo=1, routed)           0.000    20.365    design_1_i/logmapAXI_alt_0/U0/logmapAXI_slave_lite_v1_0_S00_AXI_inst/u_iter/r_reg[3]_i_11_n_0
    SLICE_X32Y57         CARRY4 (Prop_carry4_S[0]_CO[3])
                                                      0.513    20.878 r  design_1_i/logmapAXI_alt_0/U0/logmapAXI_slave_lite_v1_0_S00_AXI_inst/u_iter/r_reg_reg[3]_i_2/CO[3]
                         net (fo=1, routed)           0.000    20.878    design_1_i/logmapAXI_alt_0/U0/logmapAXI_slave_lite_v1_0_S00_AXI_inst/u_iter/r_reg_reg[3]_i_2_n_0
    SLICE_X32Y58         CARRY4 (Prop_carry4_CI_CO[3])
                                                      0.117    20.995 r  design_1_i/logmapAXI_alt_0/U0/logmapAXI_slave_lite_v1_0_S00_AXI_inst/u_iter/r_reg_reg[7]_i_2/CO[3]
                         net (fo=1, routed)           0.000    20.995    design_1_i/logmapAXI_alt_0/U0/logmapAXI_slave_lite_v1_0_S00_AXI_inst/u_iter/r_reg_reg[7]_i_2_n_0
    SLICE_X32Y59         CARRY4 (Prop_carry4_CI_CO[3])
                                                      0.117    21.112 r  design_1_i/logmapAXI_alt_0/U0/logmapAXI_slave_lite_v1_0_S00_AXI_inst/u_iter/r_reg_reg[11]_i_2/CO[3]
                         net (fo=1, routed)           0.000    21.112    design_1_i/logmapAXI_alt_0/U0/logmapAXI_slave_lite_v1_0_S00_AXI_inst/u_iter/r_reg_reg[11]_i_2_n_0
    SLICE_X32Y60         CARRY4 (Prop_carry4_CI_CO[3])
                                                      0.117    21.229 r  design_1_i/logmapAXI_alt_0/U0/logmapAXI_slave_lite_v1_0_S00_AXI_inst/u_iter/r_reg_reg[15]_i_2/CO[3]
                         net (fo=1, routed)           0.000    21.229    design_1_i/logmapAXI_alt_0/U0/logmapAXI_slave_lite_v1_0_S00_AXI_inst/u_iter/r_reg_reg[15]_i_2_n_0
    SLICE_X32Y61         CARRY4 (Prop_carry4_CI_CO[3])
                                                      0.117    21.346 r  design_1_i/logmapAXI_alt_0/U0/logmapAXI_slave_lite_v1_0_S00_AXI_inst/u_iter/r_reg_reg[19]_i_2/CO[3]
                         net (fo=1, routed)           0.000    21.346    design_1_i/logmapAXI_alt_0/U0/logmapAXI_slave_lite_v1_0_S00_AXI_inst/u_iter/r_reg_reg[19]_i_2_n_0
    SLICE_X32Y62         CARRY4 (Prop_carry4_CI_CO[3])
                                                      0.117    21.463 r  design_1_i/logmapAXI_alt_0/U0/logmapAXI_slave_lite_v1_0_S00_AXI_inst/u_iter/r_reg_reg[23]_i_2/CO[3]
                         net (fo=1, routed)           0.000    21.463    design_1_i/logmapAXI_alt_0/U0/logmapAXI_slave_lite_v1_0_S00_AXI_inst/u_iter/r_reg_reg[23]_i_2_n_0
    SLICE_X32Y63         CARRY4 (Prop_carry4_CI_CO[3])
                                                      0.117    21.580 r  design_1_i/logmapAXI_alt_0/U0/logmapAXI_slave_lite_v1_0_S00_AXI_inst/u_iter/r_reg_reg[27]_i_2/CO[3]
                         net (fo=1, routed)           0.000    21.580    design_1_i/logmapAXI_alt_0/U0/logmapAXI_slave_lite_v1_0_S00_AXI_inst/u_iter/r_reg_reg[27]_i_2_n_0
    SLICE_X32Y64         CARRY4 (Prop_carry4_CI_CO[3])
                                                      0.117    21.697 r  design_1_i/logmapAXI_alt_0/U0/logmapAXI_slave_lite_v1_0_S00_AXI_inst/u_iter/r_reg_reg[31]_i_2/CO[3]
                         net (fo=1, routed)           0.000    21.697    design_1_i/logmapAXI_alt_0/U0/logmapAXI_slave_lite_v1_0_S00_AXI_inst/u_iter/r_reg_reg[31]_i_2_n_0
    SLICE_X32Y65         CARRY4 (Prop_carry4_CI_CO[3])
                                                      0.117    21.814 r  design_1_i/logmapAXI_alt_0/U0/logmapAXI_slave_lite_v1_0_S00_AXI_inst/u_iter/r_reg_reg[35]_i_2/CO[3]
                         net (fo=1, routed)           0.000    21.814    design_1_i/logmapAXI_alt_0/U0/logmapAXI_slave_lite_v1_0_S00_AXI_inst/u_iter/r_reg_reg[35]_i_2_n_0
    SLICE_X32Y66         CARRY4 (Prop_carry4_CI_CO[3])
                                                      0.117    21.931 r  design_1_i/logmapAXI_alt_0/U0/logmapAXI_slave_lite_v1_0_S00_AXI_inst/u_iter/r_reg_reg[39]_i_2/CO[3]
                         net (fo=1, routed)           0.000    21.931    design_1_i/logmapAXI_alt_0/U0/logmapAXI_slave_lite_v1_0_S00_AXI_inst/u_iter/r_reg_reg[39]_i_2_n_0
    SLICE_X32Y67         CARRY4 (Prop_carry4_CI_CO[3])
                                                      0.117    22.048 r  design_1_i/logmapAXI_alt_0/U0/logmapAXI_slave_lite_v1_0_S00_AXI_inst/u_iter/r_reg_reg[43]_i_2/CO[3]
                         net (fo=1, routed)           0.000    22.048    design_1_i/logmapAXI_alt_0/U0/logmapAXI_slave_lite_v1_0_S00_AXI_inst/u_iter/r_reg_reg[43]_i_2_n_0
    SLICE_X32Y68         CARRY4 (Prop_carry4_CI_CO[3])
                                                      0.117    22.165 r  design_1_i/logmapAXI_alt_0/U0/logmapAXI_slave_lite_v1_0_S00_AXI_inst/u_iter/r_reg_reg[47]_i_2/CO[3]
                         net (fo=1, routed)           0.000    22.165    design_1_i/logmapAXI_alt_0/U0/logmapAXI_slave_lite_v1_0_S00_AXI_inst/u_iter/r_reg_reg[47]_i_2_n_0
    SLICE_X32Y69         CARRY4 (Prop_carry4_CI_CO[3])
                                                      0.117    22.282 r  design_1_i/logmapAXI_alt_0/U0/logmapAXI_slave_lite_v1_0_S00_AXI_inst/u_iter/r_reg_reg[51]_i_2/CO[3]
                         net (fo=1, routed)           0.000    22.282    design_1_i/logmapAXI_alt_0/U0/logmapAXI_slave_lite_v1_0_S00_AXI_inst/u_iter/r_reg_reg[51]_i_2_n_0
    SLICE_X32Y70         CARRY4 (Prop_carry4_CI_CO[3])
                                                      0.117    22.399 r  design_1_i/logmapAXI_alt_0/U0/logmapAXI_slave_lite_v1_0_S00_AXI_inst/u_iter/r_reg_reg[55]_i_2/CO[3]
                         net (fo=1, routed)           0.000    22.399    design_1_i/logmapAXI_alt_0/U0/logmapAXI_slave_lite_v1_0_S00_AXI_inst/u_iter/r_reg_reg[55]_i_2_n_0
    SLICE_X32Y71         CARRY4 (Prop_carry4_CI_O[3])
                                                      0.315    22.714 r  design_1_i/logmapAXI_alt_0/U0/logmapAXI_slave_lite_v1_0_S00_AXI_inst/u_iter/r_reg_reg[59]_i_2/O[3]
                         net (fo=1, routed)           0.944    23.658    design_1_i/logmapAXI_alt_0/U0/logmapAXI_slave_lite_v1_0_S00_AXI_inst/u_iter/plusOp[121]
    SLICE_X28Y74         LUT3 (Prop_lut3_I1_O)        0.331    23.989 r  design_1_i/logmapAXI_alt_0/U0/logmapAXI_slave_lite_v1_0_S00_AXI_inst/u_iter/r_reg[59]_i_1/O
                         net (fo=1, routed)           0.615    24.604    design_1_i/logmapAXI_alt_0/U0/logmapAXI_slave_lite_v1_0_S00_AXI_inst/u_iter/r_next[59]
    SLICE_X28Y74         FDRE                                         r  design_1_i/logmapAXI_alt_0/U0/logmapAXI_slave_lite_v1_0_S00_AXI_inst/u_iter/r_reg_reg[59]/D
  -------------------------------------------------------------------    -------------------

                         (clock clk_fpga_0 rise edge)
                                                     40.000    40.000 r  
    PS7_X0Y0             PS7                          0.000    40.000 r  design_1_i/processing_system7_0/inst/PS7_i/FCLKCLK[0]
                         net (fo=1, routed)           1.605    41.605    design_1_i/processing_system7_0/inst/FCLK_CLK_unbuffered[0]
    BUFGCTRL_X0Y16       BUFG (Prop_bufg_I_O)         0.091    41.696 r  design_1_i/processing_system7_0/inst/buffer_fclk_clk_0.FCLK_CLK_0_BUFG/O
                         net (fo=2030, routed)        1.469    43.164    design_1_i/logmapAXI_alt_0/U0/logmapAXI_slave_lite_v1_0_S00_AXI_inst/u_iter/s00_axi_aclk
    SLICE_X28Y74         FDRE                                         r  design_1_i/logmapAXI_alt_0/U0/logmapAXI_slave_lite_v1_0_S00_AXI_inst/u_iter/r_reg_reg[59]/C
                         clock pessimism              0.379    43.544    
                         clock uncertainty           -0.601    42.943    
    SLICE_X28Y74         FDRE (Setup_fdre_C_D)       -0.249    42.694    design_1_i/logmapAXI_alt_0/U0/logmapAXI_slave_lite_v1_0_S00_AXI_inst/u_iter/r_reg_reg[59]
  -------------------------------------------------------------------
                         required time                         42.694    
                         arrival time                         -24.604    
  -------------------------------------------------------------------
                         slack                                 18.090    

Slack (MET) :             18.113ns  (required time - arrival time)
  Source:                 design_1_i/logmapAXI_alt_0/U0/logmapAXI_slave_lite_v1_0_S00_AXI_inst/u_iter/r_reg_reg[17]/C
                            (rising edge-triggered cell FDRE clocked by clk_fpga_0  {rise@0.000ns fall@20.000ns period=40.000ns})
  Destination:            design_1_i/logmapAXI_alt_0/U0/logmapAXI_slave_lite_v1_0_S00_AXI_inst/u_iter/r_reg_reg[49]/D
                            (rising edge-triggered cell FDRE clocked by clk_fpga_0  {rise@0.000ns fall@20.000ns period=40.000ns})
  Path Group:             clk_fpga_0
  Path Type:              Setup (Max at Slow Process Corner)
  Requirement:            40.000ns  (clk_fpga_0 rise@40.000ns - clk_fpga_0 rise@0.000ns)
  Data Path Delay:        20.890ns  (logic 8.298ns (39.722%)  route 12.592ns (60.278%))
  Logic Levels:           31  (CARRY4=22 LUT3=3 LUT4=3 LUT5=2 LUT6=1)
  Clock Path Skew:        -0.147ns (DCD - SCD + CPR)
    Destination Clock Delay (DCD):    3.165ns = ( 43.165 - 40.000 ) 
    Source Clock Delay      (SCD):    3.692ns
    Clock Pessimism Removal (CPR):    0.379ns
  Clock Uncertainty:      0.601ns  ((TSJ^2 + TIJ^2)^1/2 + DJ) / 2 + PE
    Total System Jitter     (TSJ):    0.071ns
    Total Input Jitter      (TIJ):    1.200ns
    Discrete Jitter          (DJ):    0.000ns
    Phase Error              (PE):    0.000ns

    Location             Delay type                Incr(ns)  Path(ns)    Netlist Resource(s)
  -------------------------------------------------------------------    -------------------
                         (clock clk_fpga_0 rise edge)
                                                      0.000     0.000 r  
    PS7_X0Y0             PS7                          0.000     0.000 r  design_1_i/processing_system7_0/inst/PS7_i/FCLKCLK[0]
                         net (fo=1, routed)           1.860     1.860    design_1_i/processing_system7_0/inst/FCLK_CLK_unbuffered[0]
    BUFGCTRL_X0Y16       BUFG (Prop_bufg_I_O)         0.101     1.961 r  design_1_i/processing_system7_0/inst/buffer_fclk_clk_0.FCLK_CLK_0_BUFG/O
                         net (fo=2030, routed)        1.731     3.692    design_1_i/logmapAXI_alt_0/U0/logmapAXI_slave_lite_v1_0_S00_AXI_inst/u_iter/s00_axi_aclk
    SLICE_X36Y65         FDRE                                         r  design_1_i/logmapAXI_alt_0/U0/logmapAXI_slave_lite_v1_0_S00_AXI_inst/u_iter/r_reg_reg[17]/C
  -------------------------------------------------------------------    -------------------
    SLICE_X36Y65         FDRE (Prop_fdre_C_Q)         0.456     4.148 r  design_1_i/logmapAXI_alt_0/U0/logmapAXI_slave_lite_v1_0_S00_AXI_inst/u_iter/r_reg_reg[17]/Q
                         net (fo=128, routed)         4.495     8.643    design_1_i/logmapAXI_alt_0/U0/logmapAXI_slave_lite_v1_0_S00_AXI_inst/u_iter/Q[17]
    SLICE_X10Y53         LUT5 (Prop_lut5_I0_O)        0.124     8.767 r  design_1_i/logmapAXI_alt_0/U0/logmapAXI_slave_lite_v1_0_S00_AXI_inst/u_iter/r_reg[3]_i_1487/O
                         net (fo=1, routed)           0.000     8.767    design_1_i/logmapAXI_alt_0/U0/logmapAXI_slave_lite_v1_0_S00_AXI_inst/u_iter/r_reg[3]_i_1487_n_0
    SLICE_X10Y53         CARRY4 (Prop_carry4_S[1]_CO[3])
                                                      0.533     9.300 r  design_1_i/logmapAXI_alt_0/U0/logmapAXI_slave_lite_v1_0_S00_AXI_inst/u_iter/r_reg_reg[3]_i_1356/CO[3]
                         net (fo=1, routed)           0.000     9.300    design_1_i/logmapAXI_alt_0/U0/logmapAXI_slave_lite_v1_0_S00_AXI_inst/u_iter/r_reg_reg[3]_i_1356_n_0
    SLICE_X10Y54         CARRY4 (Prop_carry4_CI_CO[3])
                                                      0.117     9.417 r  design_1_i/logmapAXI_alt_0/U0/logmapAXI_slave_lite_v1_0_S00_AXI_inst/u_iter/r_reg_reg[3]_i_1214/CO[3]
                         net (fo=1, routed)           0.000     9.417    design_1_i/logmapAXI_alt_0/U0/logmapAXI_slave_lite_v1_0_S00_AXI_inst/u_iter/r_reg_reg[3]_i_1214_n_0
    SLICE_X10Y55         CARRY4 (Prop_carry4_CI_O[3])
                                                      0.315     9.732 r  design_1_i/logmapAXI_alt_0/U0/logmapAXI_slave_lite_v1_0_S00_AXI_inst/u_iter/r_reg_reg[3]_i_1059/O[3]
                         net (fo=2, routed)           1.290    11.022    design_1_i/logmapAXI_alt_0/U0/logmapAXI_slave_lite_v1_0_S00_AXI_inst/u_iter/r_reg_reg[3]_i_1059_n_4
    SLICE_X11Y51         LUT3 (Prop_lut3_I0_O)        0.333    11.355 r  design_1_i/logmapAXI_alt_0/U0/logmapAXI_slave_lite_v1_0_S00_AXI_inst/u_iter/r_reg[3]_i_842/O
                         net (fo=2, routed)           0.587    11.942    design_1_i/logmapAXI_alt_0/U0/logmapAXI_slave_lite_v1_0_S00_AXI_inst/u_iter/r_reg[3]_i_842_n_0
    SLICE_X11Y52         LUT4 (Prop_lut4_I3_O)        0.332    12.274 r  design_1_i/logmapAXI_alt_0/U0/logmapAXI_slave_lite_v1_0_S00_AXI_inst/u_iter/r_reg[3]_i_846/O
                         net (fo=1, routed)           0.000    12.274    design_1_i/logmapAXI_alt_0/U0/logmapAXI_slave_lite_v1_0_S00_AXI_inst/u_iter/r_reg[3]_i_846_n_0
    SLICE_X11Y52         CARRY4 (Prop_carry4_S[0]_CO[3])
                                                      0.532    12.806 r  design_1_i/logmapAXI_alt_0/U0/logmapAXI_slave_lite_v1_0_S00_AXI_inst/u_iter/r_reg_reg[3]_i_649/CO[3]
                         net (fo=1, routed)           0.000    12.806    design_1_i/logmapAXI_alt_0/U0/logmapAXI_slave_lite_v1_0_S00_AXI_inst/u_iter/r_reg_reg[3]_i_649_n_0
    SLICE_X11Y53         CARRY4 (Prop_carry4_CI_CO[3])
                                                      0.114    12.920 r  design_1_i/logmapAXI_alt_0/U0/logmapAXI_slave_lite_v1_0_S00_AXI_inst/u_iter/r_reg_reg[3]_i_482/CO[3]
                         net (fo=1, routed)           0.000    12.920    design_1_i/logmapAXI_alt_0/U0/logmapAXI_slave_lite_v1_0_S00_AXI_inst/u_iter/r_reg_reg[3]_i_482_n_0
    SLICE_X11Y54         CARRY4 (Prop_carry4_CI_CO[3])
                                                      0.114    13.034 r  design_1_i/logmapAXI_alt_0/U0/logmapAXI_slave_lite_v1_0_S00_AXI_inst/u_iter/r_reg_reg[3]_i_354/CO[3]
                         net (fo=1, routed)           0.000    13.034    design_1_i/logmapAXI_alt_0/U0/logmapAXI_slave_lite_v1_0_S00_AXI_inst/u_iter/r_reg_reg[3]_i_354_n_0
    SLICE_X11Y55         CARRY4 (Prop_carry4_CI_O[1])
                                                      0.334    13.368 r  design_1_i/logmapAXI_alt_0/U0/logmapAXI_slave_lite_v1_0_S00_AXI_inst/u_iter/r_reg_reg[3]_i_196/O[1]
                         net (fo=2, routed)           1.426    14.794    design_1_i/logmapAXI_alt_0/U0/logmapAXI_slave_lite_v1_0_S00_AXI_inst/u_iter/r_reg_reg[3]_i_196_n_6
    SLICE_X22Y55         LUT3 (Prop_lut3_I1_O)        0.329    15.123 r  design_1_i/logmapAXI_alt_0/U0/logmapAXI_slave_lite_v1_0_S00_AXI_inst/u_iter/r_reg[3]_i_115/O
                         net (fo=2, routed)           0.437    15.561    design_1_i/logmapAXI_alt_0/U0/logmapAXI_slave_lite_v1_0_S00_AXI_inst/u_iter/r_reg[3]_i_115_n_0
    SLICE_X22Y56         LUT4 (Prop_lut4_I3_O)        0.332    15.893 r  design_1_i/logmapAXI_alt_0/U0/logmapAXI_slave_lite_v1_0_S00_AXI_inst/u_iter/r_reg[3]_i_119/O
                         net (fo=1, routed)           0.000    15.893    design_1_i/logmapAXI_alt_0/U0/logmapAXI_slave_lite_v1_0_S00_AXI_inst/u_iter/r_reg[3]_i_119_n_0
    SLICE_X22Y56         CARRY4 (Prop_carry4_S[0]_CO[3])
                                                      0.532    16.425 r  design_1_i/logmapAXI_alt_0/U0/logmapAXI_slave_lite_v1_0_S00_AXI_inst/u_iter/r_reg_reg[3]_i_41/CO[3]
                         net (fo=1, routed)           0.000    16.425    design_1_i/logmapAXI_alt_0/U0/logmapAXI_slave_lite_v1_0_S00_AXI_inst/u_iter/r_reg_reg[3]_i_41_n_0
    SLICE_X22Y57         CARRY4 (Prop_carry4_CI_O[1])
                                                      0.334    16.759 r  design_1_i/logmapAXI_alt_0/U0/logmapAXI_slave_lite_v1_0_S00_AXI_inst/u_iter/r_reg_reg[3]_i_23/O[1]
                         net (fo=2, routed)           1.054    17.812    design_1_i/logmapAXI_alt_0/U0/logmapAXI_slave_lite_v1_0_S00_AXI_inst/u_iter/r_reg_reg[3]_i_23_n_6
    SLICE_X33Y52         LUT4 (Prop_lut4_I1_O)        0.329    18.141 r  design_1_i/logmapAXI_alt_0/U0/logmapAXI_slave_lite_v1_0_S00_AXI_inst/u_iter/r_reg[3]_i_27/O
                         net (fo=2, routed)           0.933    19.075    design_1_i/logmapAXI_alt_0/U0/logmapAXI_slave_lite_v1_0_S00_AXI_inst/u_iter/r_reg[3]_i_27_n_0
    SLICE_X33Y55         LUT5 (Prop_lut5_I1_O)        0.351    19.426 r  design_1_i/logmapAXI_alt_0/U0/logmapAXI_slave_lite_v1_0_S00_AXI_inst/u_iter/r_reg[3]_i_7/O
                         net (fo=2, routed)           0.607    20.033    design_1_i/logmapAXI_alt_0/U0/logmapAXI_slave_lite_v1_0_S00_AXI_inst/u_iter/r_reg[3]_i_7_n_0
    SLICE_X32Y57         LUT6 (Prop_lut6_I0_O)        0.332    20.365 r  design_1_i/logmapAXI_alt_0/U0/logmapAXI_slave_lite_v1_0_S00_AXI_inst/u_iter/r_reg[3]_i_11/O
                         net (fo=1, routed)           0.000    20.365    design_1_i/logmapAXI_alt_0/U0/logmapAXI_slave_lite_v1_0_S00_AXI_inst/u_iter/r_reg[3]_i_11_n_0
    SLICE_X32Y57         CARRY4 (Prop_carry4_S[0]_CO[3])
                                                      0.513    20.878 r  design_1_i/logmapAXI_alt_0/U0/logmapAXI_slave_lite_v1_0_S00_AXI_inst/u_iter/r_reg_reg[3]_i_2/CO[3]
                         net (fo=1, routed)           0.000    20.878    design_1_i/logmapAXI_alt_0/U0/logmapAXI_slave_lite_v1_0_S00_AXI_inst/u_iter/r_reg_reg[3]_i_2_n_0
    SLICE_X32Y58         CARRY4 (Prop_carry4_CI_CO[3])
                                                      0.117    20.995 r  design_1_i/logmapAXI_alt_0/U0/logmapAXI_slave_lite_v1_0_S00_AXI_inst/u_iter/r_reg_reg[7]_i_2/CO[3]
                         net (fo=1, routed)           0.000    20.995    design_1_i/logmapAXI_alt_0/U0/logmapAXI_slave_lite_v1_0_S00_AXI_inst/u_iter/r_reg_reg[7]_i_2_n_0
    SLICE_X32Y59         CARRY4 (Prop_carry4_CI_CO[3])
                                                      0.117    21.112 r  design_1_i/logmapAXI_alt_0/U0/logmapAXI_slave_lite_v1_0_S00_AXI_inst/u_iter/r_reg_reg[11]_i_2/CO[3]
                         net (fo=1, routed)           0.000    21.112    design_1_i/logmapAXI_alt_0/U0/logmapAXI_slave_lite_v1_0_S00_AXI_inst/u_iter/r_reg_reg[11]_i_2_n_0
    SLICE_X32Y60         CARRY4 (Prop_carry4_CI_CO[3])
                                                      0.117    21.229 r  design_1_i/logmapAXI_alt_0/U0/logmapAXI_slave_lite_v1_0_S00_AXI_inst/u_iter/r_reg_reg[15]_i_2/CO[3]
                         net (fo=1, routed)           0.000    21.229    design_1_i/logmapAXI_alt_0/U0/logmapAXI_slave_lite_v1_0_S00_AXI_inst/u_iter/r_reg_reg[15]_i_2_n_0
    SLICE_X32Y61         CARRY4 (Prop_carry4_CI_CO[3])
                                                      0.117    21.346 r  design_1_i/logmapAXI_alt_0/U0/logmapAXI_slave_lite_v1_0_S00_AXI_inst/u_iter/r_reg_reg[19]_i_2/CO[3]
                         net (fo=1, routed)           0.000    21.346    design_1_i/logmapAXI_alt_0/U0/logmapAXI_slave_lite_v1_0_S00_AXI_inst/u_iter/r_reg_reg[19]_i_2_n_0
    SLICE_X32Y62         CARRY4 (Prop_carry4_CI_CO[3])
                                                      0.117    21.463 r  design_1_i/logmapAXI_alt_0/U0/logmapAXI_slave_lite_v1_0_S00_AXI_inst/u_iter/r_reg_reg[23]_i_2/CO[3]
                         net (fo=1, routed)           0.000    21.463    design_1_i/logmapAXI_alt_0/U0/logmapAXI_slave_lite_v1_0_S00_AXI_inst/u_iter/r_reg_reg[23]_i_2_n_0
    SLICE_X32Y63         CARRY4 (Prop_carry4_CI_CO[3])
                                                      0.117    21.580 r  design_1_i/logmapAXI_alt_0/U0/logmapAXI_slave_lite_v1_0_S00_AXI_inst/u_iter/r_reg_reg[27]_i_2/CO[3]
                         net (fo=1, routed)           0.000    21.580    design_1_i/logmapAXI_alt_0/U0/logmapAXI_slave_lite_v1_0_S00_AXI_inst/u_iter/r_reg_reg[27]_i_2_n_0
    SLICE_X32Y64         CARRY4 (Prop_carry4_CI_CO[3])
                                                      0.117    21.697 r  design_1_i/logmapAXI_alt_0/U0/logmapAXI_slave_lite_v1_0_S00_AXI_inst/u_iter/r_reg_reg[31]_i_2/CO[3]
                         net (fo=1, routed)           0.000    21.697    design_1_i/logmapAXI_alt_0/U0/logmapAXI_slave_lite_v1_0_S00_AXI_inst/u_iter/r_reg_reg[31]_i_2_n_0
    SLICE_X32Y65         CARRY4 (Prop_carry4_CI_CO[3])
                                                      0.117    21.814 r  design_1_i/logmapAXI_alt_0/U0/logmapAXI_slave_lite_v1_0_S00_AXI_inst/u_iter/r_reg_reg[35]_i_2/CO[3]
                         net (fo=1, routed)           0.000    21.814    design_1_i/logmapAXI_alt_0/U0/logmapAXI_slave_lite_v1_0_S00_AXI_inst/u_iter/r_reg_reg[35]_i_2_n_0
    SLICE_X32Y66         CARRY4 (Prop_carry4_CI_CO[3])
                                                      0.117    21.931 r  design_1_i/logmapAXI_alt_0/U0/logmapAXI_slave_lite_v1_0_S00_AXI_inst/u_iter/r_reg_reg[39]_i_2/CO[3]
                         net (fo=1, routed)           0.000    21.931    design_1_i/logmapAXI_alt_0/U0/logmapAXI_slave_lite_v1_0_S00_AXI_inst/u_iter/r_reg_reg[39]_i_2_n_0
    SLICE_X32Y67         CARRY4 (Prop_carry4_CI_CO[3])
                                                      0.117    22.048 r  design_1_i/logmapAXI_alt_0/U0/logmapAXI_slave_lite_v1_0_S00_AXI_inst/u_iter/r_reg_reg[43]_i_2/CO[3]
                         net (fo=1, routed)           0.000    22.048    design_1_i/logmapAXI_alt_0/U0/logmapAXI_slave_lite_v1_0_S00_AXI_inst/u_iter/r_reg_reg[43]_i_2_n_0
    SLICE_X32Y68         CARRY4 (Prop_carry4_CI_CO[3])
                                                      0.117    22.165 r  design_1_i/logmapAXI_alt_0/U0/logmapAXI_slave_lite_v1_0_S00_AXI_inst/u_iter/r_reg_reg[47]_i_2/CO[3]
                         net (fo=1, routed)           0.000    22.165    design_1_i/logmapAXI_alt_0/U0/logmapAXI_slave_lite_v1_0_S00_AXI_inst/u_iter/r_reg_reg[47]_i_2_n_0
    SLICE_X32Y69         CARRY4 (Prop_carry4_CI_O[1])
                                                      0.323    22.488 r  design_1_i/logmapAXI_alt_0/U0/logmapAXI_slave_lite_v1_0_S00_AXI_inst/u_iter/r_reg_reg[51]_i_2/O[1]
                         net (fo=1, routed)           1.143    23.631    design_1_i/logmapAXI_alt_0/U0/logmapAXI_slave_lite_v1_0_S00_AXI_inst/u_iter/plusOp[111]
    SLICE_X32Y75         LUT3 (Prop_lut3_I1_O)        0.332    23.963 r  design_1_i/logmapAXI_alt_0/U0/logmapAXI_slave_lite_v1_0_S00_AXI_inst/u_iter/r_reg[49]_i_1/O
                         net (fo=1, routed)           0.619    24.582    design_1_i/logmapAXI_alt_0/U0/logmapAXI_slave_lite_v1_0_S00_AXI_inst/u_iter/r_next[49]
    SLICE_X32Y75         FDRE                                         r  design_1_i/logmapAXI_alt_0/U0/logmapAXI_slave_lite_v1_0_S00_AXI_inst/u_iter/r_reg_reg[49]/D
  -------------------------------------------------------------------    -------------------

                         (clock clk_fpga_0 rise edge)
                                                     40.000    40.000 r  
    PS7_X0Y0             PS7                          0.000    40.000 r  design_1_i/processing_system7_0/inst/PS7_i/FCLKCLK[0]
                         net (fo=1, routed)           1.605    41.605    design_1_i/processing_system7_0/inst/FCLK_CLK_unbuffered[0]
    BUFGCTRL_X0Y16       BUFG (Prop_bufg_I_O)         0.091    41.696 r  design_1_i/processing_system7_0/inst/buffer_fclk_clk_0.FCLK_CLK_0_BUFG/O
                         net (fo=2030, routed)        1.470    43.165    design_1_i/logmapAXI_alt_0/U0/logmapAXI_slave_lite_v1_0_S00_AXI_inst/u_iter/s00_axi_aclk
    SLICE_X32Y75         FDRE                                         r  design_1_i/logmapAXI_alt_0/U0/logmapAXI_slave_lite_v1_0_S00_AXI_inst/u_iter/r_reg_reg[49]/C
                         clock pessimism              0.379    43.545    
                         clock uncertainty           -0.601    42.944    
    SLICE_X32Y75         FDRE (Setup_fdre_C_D)       -0.249    42.695    design_1_i/logmapAXI_alt_0/U0/logmapAXI_slave_lite_v1_0_S00_AXI_inst/u_iter/r_reg_reg[49]
  -------------------------------------------------------------------
                         required time                         42.695    
                         arrival time                         -24.582    
  -------------------------------------------------------------------
                         slack                                 18.113    

Slack (MET) :             18.188ns  (required time - arrival time)
  Source:                 design_1_i/logmapAXI_0/U0/logmapAXI_slave_lite_v1_0_S00_AXI_inst/u_iter/x_reg[16]/C
                            (rising edge-triggered cell FDRE clocked by clk_fpga_0  {rise@0.000ns fall@20.000ns period=40.000ns})
  Destination:            design_1_i/logmapAXI_0/U0/logmapAXI_slave_lite_v1_0_S00_AXI_inst/u_iter/x0__4/B[11]
                            (rising edge-triggered cell DSP48E1 clocked by clk_fpga_0  {rise@0.000ns fall@20.000ns period=40.000ns})
  Path Group:             clk_fpga_0
  Path Type:              Setup (Max at Slow Process Corner)
  Requirement:            40.000ns  (clk_fpga_0 rise@40.000ns - clk_fpga_0 rise@0.000ns)
  Data Path Delay:        20.493ns  (logic 12.054ns (58.820%)  route 8.439ns (41.180%))
  Logic Levels:           20  (CARRY4=11 DSP48E1=4 LUT1=1 LUT3=1 LUT4=1 LUT5=1 LUT6=1)
  Clock Path Skew:        -0.060ns (DCD - SCD + CPR)
    Destination Clock Delay (DCD):    3.269ns = ( 43.269 - 40.000 ) 
    Source Clock Delay      (SCD):    3.608ns
    Clock Pessimism Removal (CPR):    0.279ns
  Clock Uncertainty:      0.601ns  ((TSJ^2 + TIJ^2)^1/2 + DJ) / 2 + PE
    Total System Jitter     (TSJ):    0.071ns
    Total Input Jitter      (TIJ):    1.200ns
    Discrete Jitter          (DJ):    0.000ns
    Phase Error              (PE):    0.000ns

    Location             Delay type                Incr(ns)  Path(ns)    Netlist Resource(s)
  -------------------------------------------------------------------    -------------------
                         (clock clk_fpga_0 rise edge)
                                                      0.000     0.000 r  
    PS7_X0Y0             PS7                          0.000     0.000 r  design_1_i/processing_system7_0/inst/PS7_i/FCLKCLK[0]
                         net (fo=1, routed)           1.860     1.860    design_1_i/processing_system7_0/inst/FCLK_CLK_unbuffered[0]
    BUFGCTRL_X0Y16       BUFG (Prop_bufg_I_O)         0.101     1.961 r  design_1_i/processing_system7_0/inst/buffer_fclk_clk_0.FCLK_CLK_0_BUFG/O
                         net (fo=2030, routed)        1.647     3.608    design_1_i/logmapAXI_0/U0/logmapAXI_slave_lite_v1_0_S00_AXI_inst/u_iter/s00_axi_aclk
    SLICE_X22Y66         FDRE                                         r  design_1_i/logmapAXI_0/U0/logmapAXI_slave_lite_v1_0_S00_AXI_inst/u_iter/x_reg[16]/C
  -------------------------------------------------------------------    -------------------
    SLICE_X22Y66         FDRE (Prop_fdre_C_Q)         0.456     4.064 f  design_1_i/logmapAXI_0/U0/logmapAXI_slave_lite_v1_0_S00_AXI_inst/u_iter/x_reg[16]/Q
                         net (fo=2, routed)           0.522     4.585    design_1_i/logmapAXI_0/U0/logmapAXI_slave_lite_v1_0_S00_AXI_inst/u_iter/x[16]
    SLICE_X22Y66         LUT1 (Prop_lut1_I0_O)        0.124     4.709 r  design_1_i/logmapAXI_0/U0/logmapAXI_slave_lite_v1_0_S00_AXI_inst/u_iter/x0__4_i_1/O
                         net (fo=4, routed)           2.293     7.002    design_1_i/logmapAXI_0/U0/logmapAXI_slave_lite_v1_0_S00_AXI_inst/u_iter/not[16]
    DSP48_X0Y18          DSP48E1 (Prop_dsp48e1_B[16]_PCOUT[47])
                                                      3.851    10.853 r  design_1_i/logmapAXI_0/U0/logmapAXI_slave_lite_v1_0_S00_AXI_inst/u_iter/x0__11/PCOUT[47]
                         net (fo=1, routed)           0.002    10.855    design_1_i/logmapAXI_0/U0/logmapAXI_slave_lite_v1_0_S00_AXI_inst/u_iter/x0__11_n_106
    DSP48_X0Y19          DSP48E1 (Prop_dsp48e1_PCIN[47]_PCOUT[47])
                                                      1.713    12.568 r  design_1_i/logmapAXI_0/U0/logmapAXI_slave_lite_v1_0_S00_AXI_inst/u_iter/x0__12/PCOUT[47]
                         net (fo=1, routed)           0.002    12.570    design_1_i/logmapAXI_0/U0/logmapAXI_slave_lite_v1_0_S00_AXI_inst/u_iter/x0__12_n_106
    DSP48_X0Y20          DSP48E1 (Prop_dsp48e1_PCIN[47]_PCOUT[47])
                                                      1.713    14.283 r  design_1_i/logmapAXI_0/U0/logmapAXI_slave_lite_v1_0_S00_AXI_inst/u_iter/x0__13/PCOUT[47]
                         net (fo=1, routed)           0.002    14.285    design_1_i/logmapAXI_0/U0/logmapAXI_slave_lite_v1_0_S00_AXI_inst/u_iter/x0__13_n_106
    DSP48_X0Y21          DSP48E1 (Prop_dsp48e1_PCIN[47]_P[47])
                                                      1.518    15.803 r  design_1_i/logmapAXI_0/U0/logmapAXI_slave_lite_v1_0_S00_AXI_inst/u_iter/x0__14/P[47]
                         net (fo=4, routed)           1.362    17.166    design_1_i/logmapAXI_0/U0/logmapAXI_slave_lite_v1_0_S00_AXI_inst/u_iter/x0__14_n_58
    SLICE_X10Y68         LUT5 (Prop_lut5_I3_O)        0.153    17.319 r  design_1_i/logmapAXI_0/U0/logmapAXI_slave_lite_v1_0_S00_AXI_inst/u_iter/x0__4_carry__11_i_9/O
                         net (fo=3, routed)           0.824    18.142    design_1_i/logmapAXI_0/U0/logmapAXI_slave_lite_v1_0_S00_AXI_inst/u_iter/x0__4_carry__11_i_9_n_0
    SLICE_X10Y68         LUT4 (Prop_lut4_I0_O)        0.331    18.473 r  design_1_i/logmapAXI_0/U0/logmapAXI_slave_lite_v1_0_S00_AXI_inst/u_iter/x0__4_carry__11_i_1/O
                         net (fo=2, routed)           0.672    19.145    design_1_i/logmapAXI_0/U0/logmapAXI_slave_lite_v1_0_S00_AXI_inst/u_iter/x0__4_carry__11_i_1_n_0
    SLICE_X9Y68          LUT6 (Prop_lut6_I0_O)        0.124    19.269 r  design_1_i/logmapAXI_0/U0/logmapAXI_slave_lite_v1_0_S00_AXI_inst/u_iter/x0__4_carry__11_i_5/O
                         net (fo=1, routed)           0.000    19.269    design_1_i/logmapAXI_0/U0/logmapAXI_slave_lite_v1_0_S00_AXI_inst/u_iter/x0__4_carry__11_i_5_n_0
    SLICE_X9Y68          CARRY4 (Prop_carry4_S[3]_CO[3])
                                                      0.401    19.670 r  design_1_i/logmapAXI_0/U0/logmapAXI_slave_lite_v1_0_S00_AXI_inst/u_iter/x0__4_carry__11/CO[3]
                         net (fo=1, routed)           0.000    19.670    design_1_i/logmapAXI_0/U0/logmapAXI_slave_lite_v1_0_S00_AXI_inst/u_iter/x0__4_carry__11_n_0
    SLICE_X9Y69          CARRY4 (Prop_carry4_CI_CO[3])
                                                      0.114    19.784 r  design_1_i/logmapAXI_0/U0/logmapAXI_slave_lite_v1_0_S00_AXI_inst/u_iter/x0__4_carry__12/CO[3]
                         net (fo=1, routed)           0.000    19.784    design_1_i/logmapAXI_0/U0/logmapAXI_slave_lite_v1_0_S00_AXI_inst/u_iter/x0__4_carry__12_n_0
    SLICE_X9Y70          CARRY4 (Prop_carry4_CI_CO[3])
                                                      0.114    19.898 r  design_1_i/logmapAXI_0/U0/logmapAXI_slave_lite_v1_0_S00_AXI_inst/u_iter/x0__4_carry__13/CO[3]
                         net (fo=1, routed)           0.000    19.898    design_1_i/logmapAXI_0/U0/logmapAXI_slave_lite_v1_0_S00_AXI_inst/u_iter/x0__4_carry__13_n_0
    SLICE_X9Y71          CARRY4 (Prop_carry4_CI_CO[3])
                                                      0.114    20.012 r  design_1_i/logmapAXI_0/U0/logmapAXI_slave_lite_v1_0_S00_AXI_inst/u_iter/x0__4_carry__14/CO[3]
                         net (fo=1, routed)           0.000    20.012    design_1_i/logmapAXI_0/U0/logmapAXI_slave_lite_v1_0_S00_AXI_inst/u_iter/x0__4_carry__14_n_0
    SLICE_X9Y72          CARRY4 (Prop_carry4_CI_CO[3])
                                                      0.114    20.126 r  design_1_i/logmapAXI_0/U0/logmapAXI_slave_lite_v1_0_S00_AXI_inst/u_iter/x0__4_carry__15/CO[3]
                         net (fo=1, routed)           0.000    20.126    design_1_i/logmapAXI_0/U0/logmapAXI_slave_lite_v1_0_S00_AXI_inst/u_iter/x0__4_carry__15_n_0
    SLICE_X9Y73          CARRY4 (Prop_carry4_CI_CO[3])
                                                      0.114    20.240 r  design_1_i/logmapAXI_0/U0/logmapAXI_slave_lite_v1_0_S00_AXI_inst/u_iter/x0__4_carry__16/CO[3]
                         net (fo=1, routed)           0.000    20.240    design_1_i/logmapAXI_0/U0/logmapAXI_slave_lite_v1_0_S00_AXI_inst/u_iter/x0__4_carry__16_n_0
    SLICE_X9Y74          CARRY4 (Prop_carry4_CI_CO[3])
                                                      0.114    20.354 r  design_1_i/logmapAXI_0/U0/logmapAXI_slave_lite_v1_0_S00_AXI_inst/u_iter/x0__4_carry__17/CO[3]
                         net (fo=1, routed)           0.009    20.363    design_1_i/logmapAXI_0/U0/logmapAXI_slave_lite_v1_0_S00_AXI_inst/u_iter/x0__4_carry__17_n_0
    SLICE_X9Y75          CARRY4 (Prop_carry4_CI_CO[3])
                                                      0.114    20.477 r  design_1_i/logmapAXI_0/U0/logmapAXI_slave_lite_v1_0_S00_AXI_inst/u_iter/x0__4_carry__18/CO[3]
                         net (fo=1, routed)           0.000    20.477    design_1_i/logmapAXI_0/U0/logmapAXI_slave_lite_v1_0_S00_AXI_inst/u_iter/x0__4_carry__18_n_0
    SLICE_X9Y76          CARRY4 (Prop_carry4_CI_CO[3])
                                                      0.114    20.591 r  design_1_i/logmapAXI_0/U0/logmapAXI_slave_lite_v1_0_S00_AXI_inst/u_iter/x0__4_carry__19/CO[3]
                         net (fo=1, routed)           0.000    20.591    design_1_i/logmapAXI_0/U0/logmapAXI_slave_lite_v1_0_S00_AXI_inst/u_iter/x0__4_carry__19_n_0
    SLICE_X9Y77          CARRY4 (Prop_carry4_CI_CO[3])
                                                      0.114    20.705 r  design_1_i/logmapAXI_0/U0/logmapAXI_slave_lite_v1_0_S00_AXI_inst/u_iter/x0__4_carry__20/CO[3]
                         net (fo=1, routed)           0.000    20.705    design_1_i/logmapAXI_0/U0/logmapAXI_slave_lite_v1_0_S00_AXI_inst/u_iter/x0__4_carry__20_n_0
    SLICE_X9Y78          CARRY4 (Prop_carry4_CI_O[3])
                                                      0.313    21.018 r  design_1_i/logmapAXI_0/U0/logmapAXI_slave_lite_v1_0_S00_AXI_inst/u_iter/x0__4_carry__21/O[3]
                         net (fo=1, routed)           0.728    21.747    design_1_i/logmapAXI_0/U0/logmapAXI_slave_lite_v1_0_S00_AXI_inst/u_iter/x0__4_carry__21_n_4
    SLICE_X13Y78         LUT3 (Prop_lut3_I2_O)        0.331    22.078 r  design_1_i/logmapAXI_0/U0/logmapAXI_slave_lite_v1_0_S00_AXI_inst/u_iter/x0_i_3/O
                         net (fo=5, routed)           2.023    24.101    design_1_i/logmapAXI_0/U0/logmapAXI_slave_lite_v1_0_S00_AXI_inst/u_iter/p_1_in[62]
    DSP48_X0Y27          DSP48E1                                      r  design_1_i/logmapAXI_0/U0/logmapAXI_slave_lite_v1_0_S00_AXI_inst/u_iter/x0__4/B[11]
  -------------------------------------------------------------------    -------------------

                         (clock clk_fpga_0 rise edge)
                                                     40.000    40.000 r  
    PS7_X0Y0             PS7                          0.000    40.000 r  design_1_i/processing_system7_0/inst/PS7_i/FCLKCLK[0]
                         net (fo=1, routed)           1.605    41.605    design_1_i/processing_system7_0/inst/FCLK_CLK_unbuffered[0]
    BUFGCTRL_X0Y16       BUFG (Prop_bufg_I_O)         0.091    41.696 r  design_1_i/processing_system7_0/inst/buffer_fclk_clk_0.FCLK_CLK_0_BUFG/O
                         net (fo=2030, routed)        1.573    43.269    design_1_i/logmapAXI_0/U0/logmapAXI_slave_lite_v1_0_S00_AXI_inst/u_iter/s00_axi_aclk
    DSP48_X0Y27          DSP48E1                                      r  design_1_i/logmapAXI_0/U0/logmapAXI_slave_lite_v1_0_S00_AXI_inst/u_iter/x0__4/CLK
                         clock pessimism              0.279    43.548    
                         clock uncertainty           -0.601    42.947    
    DSP48_X0Y27          DSP48E1 (Setup_dsp48e1_CLK_B[11])
                                                     -0.658    42.289    design_1_i/logmapAXI_0/U0/logmapAXI_slave_lite_v1_0_S00_AXI_inst/u_iter/x0__4
  -------------------------------------------------------------------
                         required time                         42.289    
                         arrival time                         -24.101    
  -------------------------------------------------------------------
                         slack                                 18.188    

Slack (MET) :             18.212ns  (required time - arrival time)
  Source:                 design_1_i/logmapAXI_alt_0/U0/logmapAXI_slave_lite_v1_0_S00_AXI_inst/u_iter/r_reg_reg[17]/C
                            (rising edge-triggered cell FDRE clocked by clk_fpga_0  {rise@0.000ns fall@20.000ns period=40.000ns})
  Destination:            design_1_i/logmapAXI_alt_0/U0/logmapAXI_slave_lite_v1_0_S00_AXI_inst/u_iter/r_reg_reg[53]/D
                            (rising edge-triggered cell FDRE clocked by clk_fpga_0  {rise@0.000ns fall@20.000ns period=40.000ns})
  Path Group:             clk_fpga_0
  Path Type:              Setup (Max at Slow Process Corner)
  Requirement:            40.000ns  (clk_fpga_0 rise@40.000ns - clk_fpga_0 rise@0.000ns)
  Data Path Delay:        20.785ns  (logic 8.417ns (40.496%)  route 12.368ns (59.504%))
  Logic Levels:           32  (CARRY4=23 LUT3=3 LUT4=3 LUT5=2 LUT6=1)
  Clock Path Skew:        -0.147ns (DCD - SCD + CPR)
    Destination Clock Delay (DCD):    3.165ns = ( 43.165 - 40.000 ) 
    Source Clock Delay      (SCD):    3.692ns
    Clock Pessimism Removal (CPR):    0.379ns
  Clock Uncertainty:      0.601ns  ((TSJ^2 + TIJ^2)^1/2 + DJ) / 2 + PE
    Total System Jitter     (TSJ):    0.071ns
    Total Input Jitter      (TIJ):    1.200ns
    Discrete Jitter          (DJ):    0.000ns
    Phase Error              (PE):    0.000ns

    Location             Delay type                Incr(ns)  Path(ns)    Netlist Resource(s)
  -------------------------------------------------------------------    -------------------
                         (clock clk_fpga_0 rise edge)
                                                      0.000     0.000 r  
    PS7_X0Y0             PS7                          0.000     0.000 r  design_1_i/processing_system7_0/inst/PS7_i/FCLKCLK[0]
                         net (fo=1, routed)           1.860     1.860    design_1_i/processing_system7_0/inst/FCLK_CLK_unbuffered[0]
    BUFGCTRL_X0Y16       BUFG (Prop_bufg_I_O)         0.101     1.961 r  design_1_i/processing_system7_0/inst/buffer_fclk_clk_0.FCLK_CLK_0_BUFG/O
                         net (fo=2030, routed)        1.731     3.692    design_1_i/logmapAXI_alt_0/U0/logmapAXI_slave_lite_v1_0_S00_AXI_inst/u_iter/s00_axi_aclk
    SLICE_X36Y65         FDRE                                         r  design_1_i/logmapAXI_alt_0/U0/logmapAXI_slave_lite_v1_0_S00_AXI_inst/u_iter/r_reg_reg[17]/C
  -------------------------------------------------------------------    -------------------
    SLICE_X36Y65         FDRE (Prop_fdre_C_Q)         0.456     4.148 r  design_1_i/logmapAXI_alt_0/U0/logmapAXI_slave_lite_v1_0_S00_AXI_inst/u_iter/r_reg_reg[17]/Q
                         net (fo=128, routed)         4.495     8.643    design_1_i/logmapAXI_alt_0/U0/logmapAXI_slave_lite_v1_0_S00_AXI_inst/u_iter/Q[17]
    SLICE_X10Y53         LUT5 (Prop_lut5_I0_O)        0.124     8.767 r  design_1_i/logmapAXI_alt_0/U0/logmapAXI_slave_lite_v1_0_S00_AXI_inst/u_iter/r_reg[3]_i_1487/O
                         net (fo=1, routed)           0.000     8.767    design_1_i/logmapAXI_alt_0/U0/logmapAXI_slave_lite_v1_0_S00_AXI_inst/u_iter/r_reg[3]_i_1487_n_0
    SLICE_X10Y53         CARRY4 (Prop_carry4_S[1]_CO[3])
                                                      0.533     9.300 r  design_1_i/logmapAXI_alt_0/U0/logmapAXI_slave_lite_v1_0_S00_AXI_inst/u_iter/r_reg_reg[3]_i_1356/CO[3]
                         net (fo=1, routed)           0.000     9.300    design_1_i/logmapAXI_alt_0/U0/logmapAXI_slave_lite_v1_0_S00_AXI_inst/u_iter/r_reg_reg[3]_i_1356_n_0
    SLICE_X10Y54         CARRY4 (Prop_carry4_CI_CO[3])
                                                      0.117     9.417 r  design_1_i/logmapAXI_alt_0/U0/logmapAXI_slave_lite_v1_0_S00_AXI_inst/u_iter/r_reg_reg[3]_i_1214/CO[3]
                         net (fo=1, routed)           0.000     9.417    design_1_i/logmapAXI_alt_0/U0/logmapAXI_slave_lite_v1_0_S00_AXI_inst/u_iter/r_reg_reg[3]_i_1214_n_0
    SLICE_X10Y55         CARRY4 (Prop_carry4_CI_O[3])
                                                      0.315     9.732 r  design_1_i/logmapAXI_alt_0/U0/logmapAXI_slave_lite_v1_0_S00_AXI_inst/u_iter/r_reg_reg[3]_i_1059/O[3]
                         net (fo=2, routed)           1.290    11.022    design_1_i/logmapAXI_alt_0/U0/logmapAXI_slave_lite_v1_0_S00_AXI_inst/u_iter/r_reg_reg[3]_i_1059_n_4
    SLICE_X11Y51         LUT3 (Prop_lut3_I0_O)        0.333    11.355 r  design_1_i/logmapAXI_alt_0/U0/logmapAXI_slave_lite_v1_0_S00_AXI_inst/u_iter/r_reg[3]_i_842/O
                         net (fo=2, routed)           0.587    11.942    design_1_i/logmapAXI_alt_0/U0/logmapAXI_slave_lite_v1_0_S00_AXI_inst/u_iter/r_reg[3]_i_842_n_0
    SLICE_X11Y52         LUT4 (Prop_lut4_I3_O)        0.332    12.274 r  design_1_i/logmapAXI_alt_0/U0/logmapAXI_slave_lite_v1_0_S00_AXI_inst/u_iter/r_reg[3]_i_846/O
                         net (fo=1, routed)           0.000    12.274    design_1_i/logmapAXI_alt_0/U0/logmapAXI_slave_lite_v1_0_S00_AXI_inst/u_iter/r_reg[3]_i_846_n_0
    SLICE_X11Y52         CARRY4 (Prop_carry4_S[0]_CO[3])
                                                      0.532    12.806 r  design_1_i/logmapAXI_alt_0/U0/logmapAXI_slave_lite_v1_0_S00_AXI_inst/u_iter/r_reg_reg[3]_i_649/CO[3]
                         net (fo=1, routed)           0.000    12.806    design_1_i/logmapAXI_alt_0/U0/logmapAXI_slave_lite_v1_0_S00_AXI_inst/u_iter/r_reg_reg[3]_i_649_n_0
    SLICE_X11Y53         CARRY4 (Prop_carry4_CI_CO[3])
                                                      0.114    12.920 r  design_1_i/logmapAXI_alt_0/U0/logmapAXI_slave_lite_v1_0_S00_AXI_inst/u_iter/r_reg_reg[3]_i_482/CO[3]
                         net (fo=1, routed)           0.000    12.920    design_1_i/logmapAXI_alt_0/U0/logmapAXI_slave_lite_v1_0_S00_AXI_inst/u_iter/r_reg_reg[3]_i_482_n_0
    SLICE_X11Y54         CARRY4 (Prop_carry4_CI_CO[3])
                                                      0.114    13.034 r  design_1_i/logmapAXI_alt_0/U0/logmapAXI_slave_lite_v1_0_S00_AXI_inst/u_iter/r_reg_reg[3]_i_354/CO[3]
                         net (fo=1, routed)           0.000    13.034    design_1_i/logmapAXI_alt_0/U0/logmapAXI_slave_lite_v1_0_S00_AXI_inst/u_iter/r_reg_reg[3]_i_354_n_0
    SLICE_X11Y55         CARRY4 (Prop_carry4_CI_O[1])
                                                      0.334    13.368 r  design_1_i/logmapAXI_alt_0/U0/logmapAXI_slave_lite_v1_0_S00_AXI_inst/u_iter/r_reg_reg[3]_i_196/O[1]
                         net (fo=2, routed)           1.426    14.794    design_1_i/logmapAXI_alt_0/U0/logmapAXI_slave_lite_v1_0_S00_AXI_inst/u_iter/r_reg_reg[3]_i_196_n_6
    SLICE_X22Y55         LUT3 (Prop_lut3_I1_O)        0.329    15.123 r  design_1_i/logmapAXI_alt_0/U0/logmapAXI_slave_lite_v1_0_S00_AXI_inst/u_iter/r_reg[3]_i_115/O
                         net (fo=2, routed)           0.437    15.561    design_1_i/logmapAXI_alt_0/U0/logmapAXI_slave_lite_v1_0_S00_AXI_inst/u_iter/r_reg[3]_i_115_n_0
    SLICE_X22Y56         LUT4 (Prop_lut4_I3_O)        0.332    15.893 r  design_1_i/logmapAXI_alt_0/U0/logmapAXI_slave_lite_v1_0_S00_AXI_inst/u_iter/r_reg[3]_i_119/O
                         net (fo=1, routed)           0.000    15.893    design_1_i/logmapAXI_alt_0/U0/logmapAXI_slave_lite_v1_0_S00_AXI_inst/u_iter/r_reg[3]_i_119_n_0
    SLICE_X22Y56         CARRY4 (Prop_carry4_S[0]_CO[3])
                                                      0.532    16.425 r  design_1_i/logmapAXI_alt_0/U0/logmapAXI_slave_lite_v1_0_S00_AXI_inst/u_iter/r_reg_reg[3]_i_41/CO[3]
                         net (fo=1, routed)           0.000    16.425    design_1_i/logmapAXI_alt_0/U0/logmapAXI_slave_lite_v1_0_S00_AXI_inst/u_iter/r_reg_reg[3]_i_41_n_0
    SLICE_X22Y57         CARRY4 (Prop_carry4_CI_O[1])
                                                      0.334    16.759 r  design_1_i/logmapAXI_alt_0/U0/logmapAXI_slave_lite_v1_0_S00_AXI_inst/u_iter/r_reg_reg[3]_i_23/O[1]
                         net (fo=2, routed)           1.054    17.812    design_1_i/logmapAXI_alt_0/U0/logmapAXI_slave_lite_v1_0_S00_AXI_inst/u_iter/r_reg_reg[3]_i_23_n_6
    SLICE_X33Y52         LUT4 (Prop_lut4_I1_O)        0.329    18.141 r  design_1_i/logmapAXI_alt_0/U0/logmapAXI_slave_lite_v1_0_S00_AXI_inst/u_iter/r_reg[3]_i_27/O
                         net (fo=2, routed)           0.933    19.075    design_1_i/logmapAXI_alt_0/U0/logmapAXI_slave_lite_v1_0_S00_AXI_inst/u_iter/r_reg[3]_i_27_n_0
    SLICE_X33Y55         LUT5 (Prop_lut5_I1_O)        0.351    19.426 r  design_1_i/logmapAXI_alt_0/U0/logmapAXI_slave_lite_v1_0_S00_AXI_inst/u_iter/r_reg[3]_i_7/O
                         net (fo=2, routed)           0.607    20.033    design_1_i/logmapAXI_alt_0/U0/logmapAXI_slave_lite_v1_0_S00_AXI_inst/u_iter/r_reg[3]_i_7_n_0
    SLICE_X32Y57         LUT6 (Prop_lut6_I0_O)        0.332    20.365 r  design_1_i/logmapAXI_alt_0/U0/logmapAXI_slave_lite_v1_0_S00_AXI_inst/u_iter/r_reg[3]_i_11/O
                         net (fo=1, routed)           0.000    20.365    design_1_i/logmapAXI_alt_0/U0/logmapAXI_slave_lite_v1_0_S00_AXI_inst/u_iter/r_reg[3]_i_11_n_0
    SLICE_X32Y57         CARRY4 (Prop_carry4_S[0]_CO[3])
                                                      0.513    20.878 r  design_1_i/logmapAXI_alt_0/U0/logmapAXI_slave_lite_v1_0_S00_AXI_inst/u_iter/r_reg_reg[3]_i_2/CO[3]
                         net (fo=1, routed)           0.000    20.878    design_1_i/logmapAXI_alt_0/U0/logmapAXI_slave_lite_v1_0_S00_AXI_inst/u_iter/r_reg_reg[3]_i_2_n_0
    SLICE_X32Y58         CARRY4 (Prop_carry4_CI_CO[3])
                                                      0.117    20.995 r  design_1_i/logmapAXI_alt_0/U0/logmapAXI_slave_lite_v1_0_S00_AXI_inst/u_iter/r_reg_reg[7]_i_2/CO[3]
                         net (fo=1, routed)           0.000    20.995    design_1_i/logmapAXI_alt_0/U0/logmapAXI_slave_lite_v1_0_S00_AXI_inst/u_iter/r_reg_reg[7]_i_2_n_0
    SLICE_X32Y59         CARRY4 (Prop_carry4_CI_CO[3])
                                                      0.117    21.112 r  design_1_i/logmapAXI_alt_0/U0/logmapAXI_slave_lite_v1_0_S00_AXI_inst/u_iter/r_reg_reg[11]_i_2/CO[3]
                         net (fo=1, routed)           0.000    21.112    design_1_i/logmapAXI_alt_0/U0/logmapAXI_slave_lite_v1_0_S00_AXI_inst/u_iter/r_reg_reg[11]_i_2_n_0
    SLICE_X32Y60         CARRY4 (Prop_carry4_CI_CO[3])
                                                      0.117    21.229 r  design_1_i/logmapAXI_alt_0/U0/logmapAXI_slave_lite_v1_0_S00_AXI_inst/u_iter/r_reg_reg[15]_i_2/CO[3]
                         net (fo=1, routed)           0.000    21.229    design_1_i/logmapAXI_alt_0/U0/logmapAXI_slave_lite_v1_0_S00_AXI_inst/u_iter/r_reg_reg[15]_i_2_n_0
    SLICE_X32Y61         CARRY4 (Prop_carry4_CI_CO[3])
                                                      0.117    21.346 r  design_1_i/logmapAXI_alt_0/U0/logmapAXI_slave_lite_v1_0_S00_AXI_inst/u_iter/r_reg_reg[19]_i_2/CO[3]
                         net (fo=1, routed)           0.000    21.346    design_1_i/logmapAXI_alt_0/U0/logmapAXI_slave_lite_v1_0_S00_AXI_inst/u_iter/r_reg_reg[19]_i_2_n_0
    SLICE_X32Y62         CARRY4 (Prop_carry4_CI_CO[3])
                                                      0.117    21.463 r  design_1_i/logmapAXI_alt_0/U0/logmapAXI_slave_lite_v1_0_S00_AXI_inst/u_iter/r_reg_reg[23]_i_2/CO[3]
                         net (fo=1, routed)           0.000    21.463    design_1_i/logmapAXI_alt_0/U0/logmapAXI_slave_lite_v1_0_S00_AXI_inst/u_iter/r_reg_reg[23]_i_2_n_0
    SLICE_X32Y63         CARRY4 (Prop_carry4_CI_CO[3])
                                                      0.117    21.580 r  design_1_i/logmapAXI_alt_0/U0/logmapAXI_slave_lite_v1_0_S00_AXI_inst/u_iter/r_reg_reg[27]_i_2/CO[3]
                         net (fo=1, routed)           0.000    21.580    design_1_i/logmapAXI_alt_0/U0/logmapAXI_slave_lite_v1_0_S00_AXI_inst/u_iter/r_reg_reg[27]_i_2_n_0
    SLICE_X32Y64         CARRY4 (Prop_carry4_CI_CO[3])
                                                      0.117    21.697 r  design_1_i/logmapAXI_alt_0/U0/logmapAXI_slave_lite_v1_0_S00_AXI_inst/u_iter/r_reg_reg[31]_i_2/CO[3]
                         net (fo=1, routed)           0.000    21.697    design_1_i/logmapAXI_alt_0/U0/logmapAXI_slave_lite_v1_0_S00_AXI_inst/u_iter/r_reg_reg[31]_i_2_n_0
    SLICE_X32Y65         CARRY4 (Prop_carry4_CI_CO[3])
                                                      0.117    21.814 r  design_1_i/logmapAXI_alt_0/U0/logmapAXI_slave_lite_v1_0_S00_AXI_inst/u_iter/r_reg_reg[35]_i_2/CO[3]
                         net (fo=1, routed)           0.000    21.814    design_1_i/logmapAXI_alt_0/U0/logmapAXI_slave_lite_v1_0_S00_AXI_inst/u_iter/r_reg_reg[35]_i_2_n_0
    SLICE_X32Y66         CARRY4 (Prop_carry4_CI_CO[3])
                                                      0.117    21.931 r  design_1_i/logmapAXI_alt_0/U0/logmapAXI_slave_lite_v1_0_S00_AXI_inst/u_iter/r_reg_reg[39]_i_2/CO[3]
                         net (fo=1, routed)           0.000    21.931    design_1_i/logmapAXI_alt_0/U0/logmapAXI_slave_lite_v1_0_S00_AXI_inst/u_iter/r_reg_reg[39]_i_2_n_0
    SLICE_X32Y67         CARRY4 (Prop_carry4_CI_CO[3])
                                                      0.117    22.048 r  design_1_i/logmapAXI_alt_0/U0/logmapAXI_slave_lite_v1_0_S00_AXI_inst/u_iter/r_reg_reg[43]_i_2/CO[3]
                         net (fo=1, routed)           0.000    22.048    design_1_i/logmapAXI_alt_0/U0/logmapAXI_slave_lite_v1_0_S00_AXI_inst/u_iter/r_reg_reg[43]_i_2_n_0
    SLICE_X32Y68         CARRY4 (Prop_carry4_CI_CO[3])
                                                      0.117    22.165 r  design_1_i/logmapAXI_alt_0/U0/logmapAXI_slave_lite_v1_0_S00_AXI_inst/u_iter/r_reg_reg[47]_i_2/CO[3]
                         net (fo=1, routed)           0.000    22.165    design_1_i/logmapAXI_alt_0/U0/logmapAXI_slave_lite_v1_0_S00_AXI_inst/u_iter/r_reg_reg[47]_i_2_n_0
    SLICE_X32Y69         CARRY4 (Prop_carry4_CI_CO[3])
                                                      0.117    22.282 r  design_1_i/logmapAXI_alt_0/U0/logmapAXI_slave_lite_v1_0_S00_AXI_inst/u_iter/r_reg_reg[51]_i_2/CO[3]
                         net (fo=1, routed)           0.000    22.282    design_1_i/logmapAXI_alt_0/U0/logmapAXI_slave_lite_v1_0_S00_AXI_inst/u_iter/r_reg_reg[51]_i_2_n_0
    SLICE_X32Y70         CARRY4 (Prop_carry4_CI_O[1])
                                                      0.323    22.605 r  design_1_i/logmapAXI_alt_0/U0/logmapAXI_slave_lite_v1_0_S00_AXI_inst/u_iter/r_reg_reg[55]_i_2/O[1]
                         net (fo=1, routed)           1.054    23.659    design_1_i/logmapAXI_alt_0/U0/logmapAXI_slave_lite_v1_0_S00_AXI_inst/u_iter/plusOp[115]
    SLICE_X32Y75         LUT3 (Prop_lut3_I1_O)        0.334    23.993 r  design_1_i/logmapAXI_alt_0/U0/logmapAXI_slave_lite_v1_0_S00_AXI_inst/u_iter/r_reg[53]_i_1/O
                         net (fo=1, routed)           0.484    24.477    design_1_i/logmapAXI_alt_0/U0/logmapAXI_slave_lite_v1_0_S00_AXI_inst/u_iter/r_next[53]
    SLICE_X34Y75         FDRE                                         r  design_1_i/logmapAXI_alt_0/U0/logmapAXI_slave_lite_v1_0_S00_AXI_inst/u_iter/r_reg_reg[53]/D
  -------------------------------------------------------------------    -------------------

                         (clock clk_fpga_0 rise edge)
                                                     40.000    40.000 r  
    PS7_X0Y0             PS7                          0.000    40.000 r  design_1_i/processing_system7_0/inst/PS7_i/FCLKCLK[0]
                         net (fo=1, routed)           1.605    41.605    design_1_i/processing_system7_0/inst/FCLK_CLK_unbuffered[0]
    BUFGCTRL_X0Y16       BUFG (Prop_bufg_I_O)         0.091    41.696 r  design_1_i/processing_system7_0/inst/buffer_fclk_clk_0.FCLK_CLK_0_BUFG/O
                         net (fo=2030, routed)        1.470    43.165    design_1_i/logmapAXI_alt_0/U0/logmapAXI_slave_lite_v1_0_S00_AXI_inst/u_iter/s00_axi_aclk
    SLICE_X34Y75         FDRE                                         r  design_1_i/logmapAXI_alt_0/U0/logmapAXI_slave_lite_v1_0_S00_AXI_inst/u_iter/r_reg_reg[53]/C
                         clock pessimism              0.379    43.545    
                         clock uncertainty           -0.601    42.944    
    SLICE_X34Y75         FDRE (Setup_fdre_C_D)       -0.255    42.689    design_1_i/logmapAXI_alt_0/U0/logmapAXI_slave_lite_v1_0_S00_AXI_inst/u_iter/r_reg_reg[53]
  -------------------------------------------------------------------
                         required time                         42.689    
                         arrival time                         -24.477    
  -------------------------------------------------------------------
                         slack                                 18.212    

Slack (MET) :             18.574ns  (required time - arrival time)
  Source:                 design_1_i/logmapAXI_alt_0/U0/logmapAXI_slave_lite_v1_0_S00_AXI_inst/u_iter/r_reg_reg[17]/C
                            (rising edge-triggered cell FDRE clocked by clk_fpga_0  {rise@0.000ns fall@20.000ns period=40.000ns})
  Destination:            design_1_i/logmapAXI_alt_0/U0/logmapAXI_slave_lite_v1_0_S00_AXI_inst/u_iter/r_reg_reg[45]/D
                            (rising edge-triggered cell FDRE clocked by clk_fpga_0  {rise@0.000ns fall@20.000ns period=40.000ns})
  Path Group:             clk_fpga_0
  Path Type:              Setup (Max at Slow Process Corner)
  Requirement:            40.000ns  (clk_fpga_0 rise@40.000ns - clk_fpga_0 rise@0.000ns)
  Data Path Delay:        20.435ns  (logic 8.181ns (40.035%)  route 12.254ns (59.965%))
  Logic Levels:           30  (CARRY4=21 LUT3=3 LUT4=3 LUT5=2 LUT6=1)
  Clock Path Skew:        -0.141ns (DCD - SCD + CPR)
    Destination Clock Delay (DCD):    3.171ns = ( 43.171 - 40.000 ) 
    Source Clock Delay      (SCD):    3.692ns
    Clock Pessimism Removal (CPR):    0.379ns
  Clock Uncertainty:      0.601ns  ((TSJ^2 + TIJ^2)^1/2 + DJ) / 2 + PE
    Total System Jitter     (TSJ):    0.071ns
    Total Input Jitter      (TIJ):    1.200ns
    Discrete Jitter          (DJ):    0.000ns
    Phase Error              (PE):    0.000ns

    Location             Delay type                Incr(ns)  Path(ns)    Netlist Resource(s)
  -------------------------------------------------------------------    -------------------
                         (clock clk_fpga_0 rise edge)
                                                      0.000     0.000 r  
    PS7_X0Y0             PS7                          0.000     0.000 r  design_1_i/processing_system7_0/inst/PS7_i/FCLKCLK[0]
                         net (fo=1, routed)           1.860     1.860    design_1_i/processing_system7_0/inst/FCLK_CLK_unbuffered[0]
    BUFGCTRL_X0Y16       BUFG (Prop_bufg_I_O)         0.101     1.961 r  design_1_i/processing_system7_0/inst/buffer_fclk_clk_0.FCLK_CLK_0_BUFG/O
                         net (fo=2030, routed)        1.731     3.692    design_1_i/logmapAXI_alt_0/U0/logmapAXI_slave_lite_v1_0_S00_AXI_inst/u_iter/s00_axi_aclk
    SLICE_X36Y65         FDRE                                         r  design_1_i/logmapAXI_alt_0/U0/logmapAXI_slave_lite_v1_0_S00_AXI_inst/u_iter/r_reg_reg[17]/C
  -------------------------------------------------------------------    -------------------
    SLICE_X36Y65         FDRE (Prop_fdre_C_Q)         0.456     4.148 r  design_1_i/logmapAXI_alt_0/U0/logmapAXI_slave_lite_v1_0_S00_AXI_inst/u_iter/r_reg_reg[17]/Q
                         net (fo=128, routed)         4.495     8.643    design_1_i/logmapAXI_alt_0/U0/logmapAXI_slave_lite_v1_0_S00_AXI_inst/u_iter/Q[17]
    SLICE_X10Y53         LUT5 (Prop_lut5_I0_O)        0.124     8.767 r  design_1_i/logmapAXI_alt_0/U0/logmapAXI_slave_lite_v1_0_S00_AXI_inst/u_iter/r_reg[3]_i_1487/O
                         net (fo=1, routed)           0.000     8.767    design_1_i/logmapAXI_alt_0/U0/logmapAXI_slave_lite_v1_0_S00_AXI_inst/u_iter/r_reg[3]_i_1487_n_0
    SLICE_X10Y53         CARRY4 (Prop_carry4_S[1]_CO[3])
                                                      0.533     9.300 r  design_1_i/logmapAXI_alt_0/U0/logmapAXI_slave_lite_v1_0_S00_AXI_inst/u_iter/r_reg_reg[3]_i_1356/CO[3]
                         net (fo=1, routed)           0.000     9.300    design_1_i/logmapAXI_alt_0/U0/logmapAXI_slave_lite_v1_0_S00_AXI_inst/u_iter/r_reg_reg[3]_i_1356_n_0
    SLICE_X10Y54         CARRY4 (Prop_carry4_CI_CO[3])
                                                      0.117     9.417 r  design_1_i/logmapAXI_alt_0/U0/logmapAXI_slave_lite_v1_0_S00_AXI_inst/u_iter/r_reg_reg[3]_i_1214/CO[3]
                         net (fo=1, routed)           0.000     9.417    design_1_i/logmapAXI_alt_0/U0/logmapAXI_slave_lite_v1_0_S00_AXI_inst/u_iter/r_reg_reg[3]_i_1214_n_0
    SLICE_X10Y55         CARRY4 (Prop_carry4_CI_O[3])
                                                      0.315     9.732 r  design_1_i/logmapAXI_alt_0/U0/logmapAXI_slave_lite_v1_0_S00_AXI_inst/u_iter/r_reg_reg[3]_i_1059/O[3]
                         net (fo=2, routed)           1.290    11.022    design_1_i/logmapAXI_alt_0/U0/logmapAXI_slave_lite_v1_0_S00_AXI_inst/u_iter/r_reg_reg[3]_i_1059_n_4
    SLICE_X11Y51         LUT3 (Prop_lut3_I0_O)        0.333    11.355 r  design_1_i/logmapAXI_alt_0/U0/logmapAXI_slave_lite_v1_0_S00_AXI_inst/u_iter/r_reg[3]_i_842/O
                         net (fo=2, routed)           0.587    11.942    design_1_i/logmapAXI_alt_0/U0/logmapAXI_slave_lite_v1_0_S00_AXI_inst/u_iter/r_reg[3]_i_842_n_0
    SLICE_X11Y52         LUT4 (Prop_lut4_I3_O)        0.332    12.274 r  design_1_i/logmapAXI_alt_0/U0/logmapAXI_slave_lite_v1_0_S00_AXI_inst/u_iter/r_reg[3]_i_846/O
                         net (fo=1, routed)           0.000    12.274    design_1_i/logmapAXI_alt_0/U0/logmapAXI_slave_lite_v1_0_S00_AXI_inst/u_iter/r_reg[3]_i_846_n_0
    SLICE_X11Y52         CARRY4 (Prop_carry4_S[0]_CO[3])
                                                      0.532    12.806 r  design_1_i/logmapAXI_alt_0/U0/logmapAXI_slave_lite_v1_0_S00_AXI_inst/u_iter/r_reg_reg[3]_i_649/CO[3]
                         net (fo=1, routed)           0.000    12.806    design_1_i/logmapAXI_alt_0/U0/logmapAXI_slave_lite_v1_0_S00_AXI_inst/u_iter/r_reg_reg[3]_i_649_n_0
    SLICE_X11Y53         CARRY4 (Prop_carry4_CI_CO[3])
                                                      0.114    12.920 r  design_1_i/logmapAXI_alt_0/U0/logmapAXI_slave_lite_v1_0_S00_AXI_inst/u_iter/r_reg_reg[3]_i_482/CO[3]
                         net (fo=1, routed)           0.000    12.920    design_1_i/logmapAXI_alt_0/U0/logmapAXI_slave_lite_v1_0_S00_AXI_inst/u_iter/r_reg_reg[3]_i_482_n_0
    SLICE_X11Y54         CARRY4 (Prop_carry4_CI_CO[3])
                                                      0.114    13.034 r  design_1_i/logmapAXI_alt_0/U0/logmapAXI_slave_lite_v1_0_S00_AXI_inst/u_iter/r_reg_reg[3]_i_354/CO[3]
                         net (fo=1, routed)           0.000    13.034    design_1_i/logmapAXI_alt_0/U0/logmapAXI_slave_lite_v1_0_S00_AXI_inst/u_iter/r_reg_reg[3]_i_354_n_0
    SLICE_X11Y55         CARRY4 (Prop_carry4_CI_O[1])
                                                      0.334    13.368 r  design_1_i/logmapAXI_alt_0/U0/logmapAXI_slave_lite_v1_0_S00_AXI_inst/u_iter/r_reg_reg[3]_i_196/O[1]
                         net (fo=2, routed)           1.426    14.794    design_1_i/logmapAXI_alt_0/U0/logmapAXI_slave_lite_v1_0_S00_AXI_inst/u_iter/r_reg_reg[3]_i_196_n_6
    SLICE_X22Y55         LUT3 (Prop_lut3_I1_O)        0.329    15.123 r  design_1_i/logmapAXI_alt_0/U0/logmapAXI_slave_lite_v1_0_S00_AXI_inst/u_iter/r_reg[3]_i_115/O
                         net (fo=2, routed)           0.437    15.561    design_1_i/logmapAXI_alt_0/U0/logmapAXI_slave_lite_v1_0_S00_AXI_inst/u_iter/r_reg[3]_i_115_n_0
    SLICE_X22Y56         LUT4 (Prop_lut4_I3_O)        0.332    15.893 r  design_1_i/logmapAXI_alt_0/U0/logmapAXI_slave_lite_v1_0_S00_AXI_inst/u_iter/r_reg[3]_i_119/O
                         net (fo=1, routed)           0.000    15.893    design_1_i/logmapAXI_alt_0/U0/logmapAXI_slave_lite_v1_0_S00_AXI_inst/u_iter/r_reg[3]_i_119_n_0
    SLICE_X22Y56         CARRY4 (Prop_carry4_S[0]_CO[3])
                                                      0.532    16.425 r  design_1_i/logmapAXI_alt_0/U0/logmapAXI_slave_lite_v1_0_S00_AXI_inst/u_iter/r_reg_reg[3]_i_41/CO[3]
                         net (fo=1, routed)           0.000    16.425    design_1_i/logmapAXI_alt_0/U0/logmapAXI_slave_lite_v1_0_S00_AXI_inst/u_iter/r_reg_reg[3]_i_41_n_0
    SLICE_X22Y57         CARRY4 (Prop_carry4_CI_O[1])
                                                      0.334    16.759 r  design_1_i/logmapAXI_alt_0/U0/logmapAXI_slave_lite_v1_0_S00_AXI_inst/u_iter/r_reg_reg[3]_i_23/O[1]
                         net (fo=2, routed)           1.054    17.812    design_1_i/logmapAXI_alt_0/U0/logmapAXI_slave_lite_v1_0_S00_AXI_inst/u_iter/r_reg_reg[3]_i_23_n_6
    SLICE_X33Y52         LUT4 (Prop_lut4_I1_O)        0.329    18.141 r  design_1_i/logmapAXI_alt_0/U0/logmapAXI_slave_lite_v1_0_S00_AXI_inst/u_iter/r_reg[3]_i_27/O
                         net (fo=2, routed)           0.933    19.075    design_1_i/logmapAXI_alt_0/U0/logmapAXI_slave_lite_v1_0_S00_AXI_inst/u_iter/r_reg[3]_i_27_n_0
    SLICE_X33Y55         LUT5 (Prop_lut5_I1_O)        0.351    19.426 r  design_1_i/logmapAXI_alt_0/U0/logmapAXI_slave_lite_v1_0_S00_AXI_inst/u_iter/r_reg[3]_i_7/O
                         net (fo=2, routed)           0.607    20.033    design_1_i/logmapAXI_alt_0/U0/logmapAXI_slave_lite_v1_0_S00_AXI_inst/u_iter/r_reg[3]_i_7_n_0
    SLICE_X32Y57         LUT6 (Prop_lut6_I0_O)        0.332    20.365 r  design_1_i/logmapAXI_alt_0/U0/logmapAXI_slave_lite_v1_0_S00_AXI_inst/u_iter/r_reg[3]_i_11/O
                         net (fo=1, routed)           0.000    20.365    design_1_i/logmapAXI_alt_0/U0/logmapAXI_slave_lite_v1_0_S00_AXI_inst/u_iter/r_reg[3]_i_11_n_0
    SLICE_X32Y57         CARRY4 (Prop_carry4_S[0]_CO[3])
                                                      0.513    20.878 r  design_1_i/logmapAXI_alt_0/U0/logmapAXI_slave_lite_v1_0_S00_AXI_inst/u_iter/r_reg_reg[3]_i_2/CO[3]
                         net (fo=1, routed)           0.000    20.878    design_1_i/logmapAXI_alt_0/U0/logmapAXI_slave_lite_v1_0_S00_AXI_inst/u_iter/r_reg_reg[3]_i_2_n_0
    SLICE_X32Y58         CARRY4 (Prop_carry4_CI_CO[3])
                                                      0.117    20.995 r  design_1_i/logmapAXI_alt_0/U0/logmapAXI_slave_lite_v1_0_S00_AXI_inst/u_iter/r_reg_reg[7]_i_2/CO[3]
                         net (fo=1, routed)           0.000    20.995    design_1_i/logmapAXI_alt_0/U0/logmapAXI_slave_lite_v1_0_S00_AXI_inst/u_iter/r_reg_reg[7]_i_2_n_0
    SLICE_X32Y59         CARRY4 (Prop_carry4_CI_CO[3])
                                                      0.117    21.112 r  design_1_i/logmapAXI_alt_0/U0/logmapAXI_slave_lite_v1_0_S00_AXI_inst/u_iter/r_reg_reg[11]_i_2/CO[3]
                         net (fo=1, routed)           0.000    21.112    design_1_i/logmapAXI_alt_0/U0/logmapAXI_slave_lite_v1_0_S00_AXI_inst/u_iter/r_reg_reg[11]_i_2_n_0
    SLICE_X32Y60         CARRY4 (Prop_carry4_CI_CO[3])
                                                      0.117    21.229 r  design_1_i/logmapAXI_alt_0/U0/logmapAXI_slave_lite_v1_0_S00_AXI_inst/u_iter/r_reg_reg[15]_i_2/CO[3]
                         net (fo=1, routed)           0.000    21.229    design_1_i/logmapAXI_alt_0/U0/logmapAXI_slave_lite_v1_0_S00_AXI_inst/u_iter/r_reg_reg[15]_i_2_n_0
    SLICE_X32Y61         CARRY4 (Prop_carry4_CI_CO[3])
                                                      0.117    21.346 r  design_1_i/logmapAXI_alt_0/U0/logmapAXI_slave_lite_v1_0_S00_AXI_inst/u_iter/r_reg_reg[19]_i_2/CO[3]
                         net (fo=1, routed)           0.000    21.346    design_1_i/logmapAXI_alt_0/U0/logmapAXI_slave_lite_v1_0_S00_AXI_inst/u_iter/r_reg_reg[19]_i_2_n_0
    SLICE_X32Y62         CARRY4 (Prop_carry4_CI_CO[3])
                                                      0.117    21.463 r  design_1_i/logmapAXI_alt_0/U0/logmapAXI_slave_lite_v1_0_S00_AXI_inst/u_iter/r_reg_reg[23]_i_2/CO[3]
                         net (fo=1, routed)           0.000    21.463    design_1_i/logmapAXI_alt_0/U0/logmapAXI_slave_lite_v1_0_S00_AXI_inst/u_iter/r_reg_reg[23]_i_2_n_0
    SLICE_X32Y63         CARRY4 (Prop_carry4_CI_CO[3])
                                                      0.117    21.580 r  design_1_i/logmapAXI_alt_0/U0/logmapAXI_slave_lite_v1_0_S00_AXI_inst/u_iter/r_reg_reg[27]_i_2/CO[3]
                         net (fo=1, routed)           0.000    21.580    design_1_i/logmapAXI_alt_0/U0/logmapAXI_slave_lite_v1_0_S00_AXI_inst/u_iter/r_reg_reg[27]_i_2_n_0
    SLICE_X32Y64         CARRY4 (Prop_carry4_CI_CO[3])
                                                      0.117    21.697 r  design_1_i/logmapAXI_alt_0/U0/logmapAXI_slave_lite_v1_0_S00_AXI_inst/u_iter/r_reg_reg[31]_i_2/CO[3]
                         net (fo=1, routed)           0.000    21.697    design_1_i/logmapAXI_alt_0/U0/logmapAXI_slave_lite_v1_0_S00_AXI_inst/u_iter/r_reg_reg[31]_i_2_n_0
    SLICE_X32Y65         CARRY4 (Prop_carry4_CI_CO[3])
                                                      0.117    21.814 r  design_1_i/logmapAXI_alt_0/U0/logmapAXI_slave_lite_v1_0_S00_AXI_inst/u_iter/r_reg_reg[35]_i_2/CO[3]
                         net (fo=1, routed)           0.000    21.814    design_1_i/logmapAXI_alt_0/U0/logmapAXI_slave_lite_v1_0_S00_AXI_inst/u_iter/r_reg_reg[35]_i_2_n_0
    SLICE_X32Y66         CARRY4 (Prop_carry4_CI_CO[3])
                                                      0.117    21.931 r  design_1_i/logmapAXI_alt_0/U0/logmapAXI_slave_lite_v1_0_S00_AXI_inst/u_iter/r_reg_reg[39]_i_2/CO[3]
                         net (fo=1, routed)           0.000    21.931    design_1_i/logmapAXI_alt_0/U0/logmapAXI_slave_lite_v1_0_S00_AXI_inst/u_iter/r_reg_reg[39]_i_2_n_0
    SLICE_X32Y67         CARRY4 (Prop_carry4_CI_CO[3])
                                                      0.117    22.048 r  design_1_i/logmapAXI_alt_0/U0/logmapAXI_slave_lite_v1_0_S00_AXI_inst/u_iter/r_reg_reg[43]_i_2/CO[3]
                         net (fo=1, routed)           0.000    22.048    design_1_i/logmapAXI_alt_0/U0/logmapAXI_slave_lite_v1_0_S00_AXI_inst/u_iter/r_reg_reg[43]_i_2_n_0
    SLICE_X32Y68         CARRY4 (Prop_carry4_CI_O[1])
                                                      0.323    22.371 r  design_1_i/logmapAXI_alt_0/U0/logmapAXI_slave_lite_v1_0_S00_AXI_inst/u_iter/r_reg_reg[47]_i_2/O[1]
                         net (fo=1, routed)           0.852    23.223    design_1_i/logmapAXI_alt_0/U0/logmapAXI_slave_lite_v1_0_S00_AXI_inst/u_iter/plusOp[107]
    SLICE_X30Y68         LUT3 (Prop_lut3_I1_O)        0.332    23.555 r  design_1_i/logmapAXI_alt_0/U0/logmapAXI_slave_lite_v1_0_S00_AXI_inst/u_iter/r_reg[45]_i_1/O
                         net (fo=1, routed)           0.572    24.126    design_1_i/logmapAXI_alt_0/U0/logmapAXI_slave_lite_v1_0_S00_AXI_inst/u_iter/r_next[45]
    SLICE_X30Y68         FDRE                                         r  design_1_i/logmapAXI_alt_0/U0/logmapAXI_slave_lite_v1_0_S00_AXI_inst/u_iter/r_reg_reg[45]/D
  -------------------------------------------------------------------    -------------------

                         (clock clk_fpga_0 rise edge)
                                                     40.000    40.000 r  
    PS7_X0Y0             PS7                          0.000    40.000 r  design_1_i/processing_system7_0/inst/PS7_i/FCLKCLK[0]
                         net (fo=1, routed)           1.605    41.605    design_1_i/processing_system7_0/inst/FCLK_CLK_unbuffered[0]
    BUFGCTRL_X0Y16       BUFG (Prop_bufg_I_O)         0.091    41.696 r  design_1_i/processing_system7_0/inst/buffer_fclk_clk_0.FCLK_CLK_0_BUFG/O
                         net (fo=2030, routed)        1.476    43.171    design_1_i/logmapAXI_alt_0/U0/logmapAXI_slave_lite_v1_0_S00_AXI_inst/u_iter/s00_axi_aclk
    SLICE_X30Y68         FDRE                                         r  design_1_i/logmapAXI_alt_0/U0/logmapAXI_slave_lite_v1_0_S00_AXI_inst/u_iter/r_reg_reg[45]/C
                         clock pessimism              0.379    43.551    
                         clock uncertainty           -0.601    42.950    
    SLICE_X30Y68         FDRE (Setup_fdre_C_D)       -0.249    42.701    design_1_i/logmapAXI_alt_0/U0/logmapAXI_slave_lite_v1_0_S00_AXI_inst/u_iter/r_reg_reg[45]
  -------------------------------------------------------------------
                         required time                         42.701    
                         arrival time                         -24.126    
  -------------------------------------------------------------------
                         slack                                 18.574    

Slack (MET) :             18.578ns  (required time - arrival time)
  Source:                 design_1_i/logmapAXI_0/U0/logmapAXI_slave_lite_v1_0_S00_AXI_inst/u_iter/x_reg[16]/C
                            (rising edge-triggered cell FDRE clocked by clk_fpga_0  {rise@0.000ns fall@20.000ns period=40.000ns})
  Destination:            design_1_i/logmapAXI_0/U0/logmapAXI_slave_lite_v1_0_S00_AXI_inst/u_iter/x0__4/B[9]
                            (rising edge-triggered cell DSP48E1 clocked by clk_fpga_0  {rise@0.000ns fall@20.000ns period=40.000ns})
  Path Group:             clk_fpga_0
  Path Type:              Setup (Max at Slow Process Corner)
  Requirement:            40.000ns  (clk_fpga_0 rise@40.000ns - clk_fpga_0 rise@0.000ns)
  Data Path Delay:        20.104ns  (logic 12.042ns (59.900%)  route 8.062ns (40.100%))
  Logic Levels:           20  (CARRY4=11 DSP48E1=4 LUT1=1 LUT3=1 LUT4=1 LUT5=1 LUT6=1)
  Clock Path Skew:        -0.060ns (DCD - SCD + CPR)
    Destination Clock Delay (DCD):    3.269ns = ( 43.269 - 40.000 ) 
    Source Clock Delay      (SCD):    3.608ns
    Clock Pessimism Removal (CPR):    0.279ns
  Clock Uncertainty:      0.601ns  ((TSJ^2 + TIJ^2)^1/2 + DJ) / 2 + PE
    Total System Jitter     (TSJ):    0.071ns
    Total Input Jitter      (TIJ):    1.200ns
    Discrete Jitter          (DJ):    0.000ns
    Phase Error              (PE):    0.000ns

    Location             Delay type                Incr(ns)  Path(ns)    Netlist Resource(s)
  -------------------------------------------------------------------    -------------------
                         (clock clk_fpga_0 rise edge)
                                                      0.000     0.000 r  
    PS7_X0Y0             PS7                          0.000     0.000 r  design_1_i/processing_system7_0/inst/PS7_i/FCLKCLK[0]
                         net (fo=1, routed)           1.860     1.860    design_1_i/processing_system7_0/inst/FCLK_CLK_unbuffered[0]
    BUFGCTRL_X0Y16       BUFG (Prop_bufg_I_O)         0.101     1.961 r  design_1_i/processing_system7_0/inst/buffer_fclk_clk_0.FCLK_CLK_0_BUFG/O
                         net (fo=2030, routed)        1.647     3.608    design_1_i/logmapAXI_0/U0/logmapAXI_slave_lite_v1_0_S00_AXI_inst/u_iter/s00_axi_aclk
    SLICE_X22Y66         FDRE                                         r  design_1_i/logmapAXI_0/U0/logmapAXI_slave_lite_v1_0_S00_AXI_inst/u_iter/x_reg[16]/C
  -------------------------------------------------------------------    -------------------
    SLICE_X22Y66         FDRE (Prop_fdre_C_Q)         0.456     4.064 f  design_1_i/logmapAXI_0/U0/logmapAXI_slave_lite_v1_0_S00_AXI_inst/u_iter/x_reg[16]/Q
                         net (fo=2, routed)           0.522     4.585    design_1_i/logmapAXI_0/U0/logmapAXI_slave_lite_v1_0_S00_AXI_inst/u_iter/x[16]
    SLICE_X22Y66         LUT1 (Prop_lut1_I0_O)        0.124     4.709 r  design_1_i/logmapAXI_0/U0/logmapAXI_slave_lite_v1_0_S00_AXI_inst/u_iter/x0__4_i_1/O
                         net (fo=4, routed)           2.293     7.002    design_1_i/logmapAXI_0/U0/logmapAXI_slave_lite_v1_0_S00_AXI_inst/u_iter/not[16]
    DSP48_X0Y18          DSP48E1 (Prop_dsp48e1_B[16]_PCOUT[47])
                                                      3.851    10.853 r  design_1_i/logmapAXI_0/U0/logmapAXI_slave_lite_v1_0_S00_AXI_inst/u_iter/x0__11/PCOUT[47]
                         net (fo=1, routed)           0.002    10.855    design_1_i/logmapAXI_0/U0/logmapAXI_slave_lite_v1_0_S00_AXI_inst/u_iter/x0__11_n_106
    DSP48_X0Y19          DSP48E1 (Prop_dsp48e1_PCIN[47]_PCOUT[47])
                                                      1.713    12.568 r  design_1_i/logmapAXI_0/U0/logmapAXI_slave_lite_v1_0_S00_AXI_inst/u_iter/x0__12/PCOUT[47]
                         net (fo=1, routed)           0.002    12.570    design_1_i/logmapAXI_0/U0/logmapAXI_slave_lite_v1_0_S00_AXI_inst/u_iter/x0__12_n_106
    DSP48_X0Y20          DSP48E1 (Prop_dsp48e1_PCIN[47]_PCOUT[47])
                                                      1.713    14.283 r  design_1_i/logmapAXI_0/U0/logmapAXI_slave_lite_v1_0_S00_AXI_inst/u_iter/x0__13/PCOUT[47]
                         net (fo=1, routed)           0.002    14.285    design_1_i/logmapAXI_0/U0/logmapAXI_slave_lite_v1_0_S00_AXI_inst/u_iter/x0__13_n_106
    DSP48_X0Y21          DSP48E1 (Prop_dsp48e1_PCIN[47]_P[47])
                                                      1.518    15.803 r  design_1_i/logmapAXI_0/U0/logmapAXI_slave_lite_v1_0_S00_AXI_inst/u_iter/x0__14/P[47]
                         net (fo=4, routed)           1.362    17.166    design_1_i/logmapAXI_0/U0/logmapAXI_slave_lite_v1_0_S00_AXI_inst/u_iter/x0__14_n_58
    SLICE_X10Y68         LUT5 (Prop_lut5_I3_O)        0.153    17.319 r  design_1_i/logmapAXI_0/U0/logmapAXI_slave_lite_v1_0_S00_AXI_inst/u_iter/x0__4_carry__11_i_9/O
                         net (fo=3, routed)           0.824    18.142    design_1_i/logmapAXI_0/U0/logmapAXI_slave_lite_v1_0_S00_AXI_inst/u_iter/x0__4_carry__11_i_9_n_0
    SLICE_X10Y68         LUT4 (Prop_lut4_I0_O)        0.331    18.473 r  design_1_i/logmapAXI_0/U0/logmapAXI_slave_lite_v1_0_S00_AXI_inst/u_iter/x0__4_carry__11_i_1/O
                         net (fo=2, routed)           0.672    19.145    design_1_i/logmapAXI_0/U0/logmapAXI_slave_lite_v1_0_S00_AXI_inst/u_iter/x0__4_carry__11_i_1_n_0
    SLICE_X9Y68          LUT6 (Prop_lut6_I0_O)        0.124    19.269 r  design_1_i/logmapAXI_0/U0/logmapAXI_slave_lite_v1_0_S00_AXI_inst/u_iter/x0__4_carry__11_i_5/O
                         net (fo=1, routed)           0.000    19.269    design_1_i/logmapAXI_0/U0/logmapAXI_slave_lite_v1_0_S00_AXI_inst/u_iter/x0__4_carry__11_i_5_n_0
    SLICE_X9Y68          CARRY4 (Prop_carry4_S[3]_CO[3])
                                                      0.401    19.670 r  design_1_i/logmapAXI_0/U0/logmapAXI_slave_lite_v1_0_S00_AXI_inst/u_iter/x0__4_carry__11/CO[3]
                         net (fo=1, routed)           0.000    19.670    design_1_i/logmapAXI_0/U0/logmapAXI_slave_lite_v1_0_S00_AXI_inst/u_iter/x0__4_carry__11_n_0
    SLICE_X9Y69          CARRY4 (Prop_carry4_CI_CO[3])
                                                      0.114    19.784 r  design_1_i/logmapAXI_0/U0/logmapAXI_slave_lite_v1_0_S00_AXI_inst/u_iter/x0__4_carry__12/CO[3]
                         net (fo=1, routed)           0.000    19.784    design_1_i/logmapAXI_0/U0/logmapAXI_slave_lite_v1_0_S00_AXI_inst/u_iter/x0__4_carry__12_n_0
    SLICE_X9Y70          CARRY4 (Prop_carry4_CI_CO[3])
                                                      0.114    19.898 r  design_1_i/logmapAXI_0/U0/logmapAXI_slave_lite_v1_0_S00_AXI_inst/u_iter/x0__4_carry__13/CO[3]
                         net (fo=1, routed)           0.000    19.898    design_1_i/logmapAXI_0/U0/logmapAXI_slave_lite_v1_0_S00_AXI_inst/u_iter/x0__4_carry__13_n_0
    SLICE_X9Y71          CARRY4 (Prop_carry4_CI_CO[3])
                                                      0.114    20.012 r  design_1_i/logmapAXI_0/U0/logmapAXI_slave_lite_v1_0_S00_AXI_inst/u_iter/x0__4_carry__14/CO[3]
                         net (fo=1, routed)           0.000    20.012    design_1_i/logmapAXI_0/U0/logmapAXI_slave_lite_v1_0_S00_AXI_inst/u_iter/x0__4_carry__14_n_0
    SLICE_X9Y72          CARRY4 (Prop_carry4_CI_CO[3])
                                                      0.114    20.126 r  design_1_i/logmapAXI_0/U0/logmapAXI_slave_lite_v1_0_S00_AXI_inst/u_iter/x0__4_carry__15/CO[3]
                         net (fo=1, routed)           0.000    20.126    design_1_i/logmapAXI_0/U0/logmapAXI_slave_lite_v1_0_S00_AXI_inst/u_iter/x0__4_carry__15_n_0
    SLICE_X9Y73          CARRY4 (Prop_carry4_CI_CO[3])
                                                      0.114    20.240 r  design_1_i/logmapAXI_0/U0/logmapAXI_slave_lite_v1_0_S00_AXI_inst/u_iter/x0__4_carry__16/CO[3]
                         net (fo=1, routed)           0.000    20.240    design_1_i/logmapAXI_0/U0/logmapAXI_slave_lite_v1_0_S00_AXI_inst/u_iter/x0__4_carry__16_n_0
    SLICE_X9Y74          CARRY4 (Prop_carry4_CI_CO[3])
                                                      0.114    20.354 r  design_1_i/logmapAXI_0/U0/logmapAXI_slave_lite_v1_0_S00_AXI_inst/u_iter/x0__4_carry__17/CO[3]
                         net (fo=1, routed)           0.009    20.363    design_1_i/logmapAXI_0/U0/logmapAXI_slave_lite_v1_0_S00_AXI_inst/u_iter/x0__4_carry__17_n_0
    SLICE_X9Y75          CARRY4 (Prop_carry4_CI_CO[3])
                                                      0.114    20.477 r  design_1_i/logmapAXI_0/U0/logmapAXI_slave_lite_v1_0_S00_AXI_inst/u_iter/x0__4_carry__18/CO[3]
                         net (fo=1, routed)           0.000    20.477    design_1_i/logmapAXI_0/U0/logmapAXI_slave_lite_v1_0_S00_AXI_inst/u_iter/x0__4_carry__18_n_0
    SLICE_X9Y76          CARRY4 (Prop_carry4_CI_CO[3])
                                                      0.114    20.591 r  design_1_i/logmapAXI_0/U0/logmapAXI_slave_lite_v1_0_S00_AXI_inst/u_iter/x0__4_carry__19/CO[3]
                         net (fo=1, routed)           0.000    20.591    design_1_i/logmapAXI_0/U0/logmapAXI_slave_lite_v1_0_S00_AXI_inst/u_iter/x0__4_carry__19_n_0
    SLICE_X9Y77          CARRY4 (Prop_carry4_CI_CO[3])
                                                      0.114    20.705 r  design_1_i/logmapAXI_0/U0/logmapAXI_slave_lite_v1_0_S00_AXI_inst/u_iter/x0__4_carry__20/CO[3]
                         net (fo=1, routed)           0.000    20.705    design_1_i/logmapAXI_0/U0/logmapAXI_slave_lite_v1_0_S00_AXI_inst/u_iter/x0__4_carry__20_n_0
    SLICE_X9Y78          CARRY4 (Prop_carry4_CI_O[1])
                                                      0.334    21.039 r  design_1_i/logmapAXI_0/U0/logmapAXI_slave_lite_v1_0_S00_AXI_inst/u_iter/x0__4_carry__21/O[1]
                         net (fo=1, routed)           0.750    21.789    design_1_i/logmapAXI_0/U0/logmapAXI_slave_lite_v1_0_S00_AXI_inst/u_iter/x0__4_carry__21_n_6
    SLICE_X15Y78         LUT3 (Prop_lut3_I2_O)        0.298    22.087 r  design_1_i/logmapAXI_0/U0/logmapAXI_slave_lite_v1_0_S00_AXI_inst/u_iter/x0_i_5/O
                         net (fo=5, routed)           1.624    23.711    design_1_i/logmapAXI_0/U0/logmapAXI_slave_lite_v1_0_S00_AXI_inst/u_iter/p_1_in[60]
    DSP48_X0Y27          DSP48E1                                      r  design_1_i/logmapAXI_0/U0/logmapAXI_slave_lite_v1_0_S00_AXI_inst/u_iter/x0__4/B[9]
  -------------------------------------------------------------------    -------------------

                         (clock clk_fpga_0 rise edge)
                                                     40.000    40.000 r  
    PS7_X0Y0             PS7                          0.000    40.000 r  design_1_i/processing_system7_0/inst/PS7_i/FCLKCLK[0]
                         net (fo=1, routed)           1.605    41.605    design_1_i/processing_system7_0/inst/FCLK_CLK_unbuffered[0]
    BUFGCTRL_X0Y16       BUFG (Prop_bufg_I_O)         0.091    41.696 r  design_1_i/processing_system7_0/inst/buffer_fclk_clk_0.FCLK_CLK_0_BUFG/O
                         net (fo=2030, routed)        1.573    43.269    design_1_i/logmapAXI_0/U0/logmapAXI_slave_lite_v1_0_S00_AXI_inst/u_iter/s00_axi_aclk
    DSP48_X0Y27          DSP48E1                                      r  design_1_i/logmapAXI_0/U0/logmapAXI_slave_lite_v1_0_S00_AXI_inst/u_iter/x0__4/CLK
                         clock pessimism              0.279    43.548    
                         clock uncertainty           -0.601    42.947    
    DSP48_X0Y27          DSP48E1 (Setup_dsp48e1_CLK_B[9])
                                                     -0.658    42.289    design_1_i/logmapAXI_0/U0/logmapAXI_slave_lite_v1_0_S00_AXI_inst/u_iter/x0__4
  -------------------------------------------------------------------
                         required time                         42.289    
                         arrival time                         -23.711    
  -------------------------------------------------------------------
                         slack                                 18.578    

Slack (MET) :             18.601ns  (required time - arrival time)
  Source:                 design_1_i/logmapAXI_alt_0/U0/logmapAXI_slave_lite_v1_0_S00_AXI_inst/u_iter/r_reg_reg[17]/C
                            (rising edge-triggered cell FDRE clocked by clk_fpga_0  {rise@0.000ns fall@20.000ns period=40.000ns})
  Destination:            design_1_i/logmapAXI_alt_0/U0/logmapAXI_slave_lite_v1_0_S00_AXI_inst/u_iter/r_reg_reg[54]/D
                            (rising edge-triggered cell FDRE clocked by clk_fpga_0  {rise@0.000ns fall@20.000ns period=40.000ns})
  Path Group:             clk_fpga_0
  Path Type:              Setup (Max at Slow Process Corner)
  Requirement:            40.000ns  (clk_fpga_0 rise@40.000ns - clk_fpga_0 rise@0.000ns)
  Data Path Delay:        20.606ns  (logic 8.300ns (40.280%)  route 12.306ns (59.720%))
  Logic Levels:           32  (CARRY4=23 LUT3=3 LUT4=3 LUT5=2 LUT6=1)
  Clock Path Skew:        -0.147ns (DCD - SCD + CPR)
    Destination Clock Delay (DCD):    3.165ns = ( 43.165 - 40.000 ) 
    Source Clock Delay      (SCD):    3.692ns
    Clock Pessimism Removal (CPR):    0.379ns
  Clock Uncertainty:      0.601ns  ((TSJ^2 + TIJ^2)^1/2 + DJ) / 2 + PE
    Total System Jitter     (TSJ):    0.071ns
    Total Input Jitter      (TIJ):    1.200ns
    Discrete Jitter          (DJ):    0.000ns
    Phase Error              (PE):    0.000ns

    Location             Delay type                Incr(ns)  Path(ns)    Netlist Resource(s)
  -------------------------------------------------------------------    -------------------
                         (clock clk_fpga_0 rise edge)
                                                      0.000     0.000 r  
    PS7_X0Y0             PS7                          0.000     0.000 r  design_1_i/processing_system7_0/inst/PS7_i/FCLKCLK[0]
                         net (fo=1, routed)           1.860     1.860    design_1_i/processing_system7_0/inst/FCLK_CLK_unbuffered[0]
    BUFGCTRL_X0Y16       BUFG (Prop_bufg_I_O)         0.101     1.961 r  design_1_i/processing_system7_0/inst/buffer_fclk_clk_0.FCLK_CLK_0_BUFG/O
                         net (fo=2030, routed)        1.731     3.692    design_1_i/logmapAXI_alt_0/U0/logmapAXI_slave_lite_v1_0_S00_AXI_inst/u_iter/s00_axi_aclk
    SLICE_X36Y65         FDRE                                         r  design_1_i/logmapAXI_alt_0/U0/logmapAXI_slave_lite_v1_0_S00_AXI_inst/u_iter/r_reg_reg[17]/C
  -------------------------------------------------------------------    -------------------
    SLICE_X36Y65         FDRE (Prop_fdre_C_Q)         0.456     4.148 r  design_1_i/logmapAXI_alt_0/U0/logmapAXI_slave_lite_v1_0_S00_AXI_inst/u_iter/r_reg_reg[17]/Q
                         net (fo=128, routed)         4.495     8.643    design_1_i/logmapAXI_alt_0/U0/logmapAXI_slave_lite_v1_0_S00_AXI_inst/u_iter/Q[17]
    SLICE_X10Y53         LUT5 (Prop_lut5_I0_O)        0.124     8.767 r  design_1_i/logmapAXI_alt_0/U0/logmapAXI_slave_lite_v1_0_S00_AXI_inst/u_iter/r_reg[3]_i_1487/O
                         net (fo=1, routed)           0.000     8.767    design_1_i/logmapAXI_alt_0/U0/logmapAXI_slave_lite_v1_0_S00_AXI_inst/u_iter/r_reg[3]_i_1487_n_0
    SLICE_X10Y53         CARRY4 (Prop_carry4_S[1]_CO[3])
                                                      0.533     9.300 r  design_1_i/logmapAXI_alt_0/U0/logmapAXI_slave_lite_v1_0_S00_AXI_inst/u_iter/r_reg_reg[3]_i_1356/CO[3]
                         net (fo=1, routed)           0.000     9.300    design_1_i/logmapAXI_alt_0/U0/logmapAXI_slave_lite_v1_0_S00_AXI_inst/u_iter/r_reg_reg[3]_i_1356_n_0
    SLICE_X10Y54         CARRY4 (Prop_carry4_CI_CO[3])
                                                      0.117     9.417 r  design_1_i/logmapAXI_alt_0/U0/logmapAXI_slave_lite_v1_0_S00_AXI_inst/u_iter/r_reg_reg[3]_i_1214/CO[3]
                         net (fo=1, routed)           0.000     9.417    design_1_i/logmapAXI_alt_0/U0/logmapAXI_slave_lite_v1_0_S00_AXI_inst/u_iter/r_reg_reg[3]_i_1214_n_0
    SLICE_X10Y55         CARRY4 (Prop_carry4_CI_O[3])
                                                      0.315     9.732 r  design_1_i/logmapAXI_alt_0/U0/logmapAXI_slave_lite_v1_0_S00_AXI_inst/u_iter/r_reg_reg[3]_i_1059/O[3]
                         net (fo=2, routed)           1.290    11.022    design_1_i/logmapAXI_alt_0/U0/logmapAXI_slave_lite_v1_0_S00_AXI_inst/u_iter/r_reg_reg[3]_i_1059_n_4
    SLICE_X11Y51         LUT3 (Prop_lut3_I0_O)        0.333    11.355 r  design_1_i/logmapAXI_alt_0/U0/logmapAXI_slave_lite_v1_0_S00_AXI_inst/u_iter/r_reg[3]_i_842/O
                         net (fo=2, routed)           0.587    11.942    design_1_i/logmapAXI_alt_0/U0/logmapAXI_slave_lite_v1_0_S00_AXI_inst/u_iter/r_reg[3]_i_842_n_0
    SLICE_X11Y52         LUT4 (Prop_lut4_I3_O)        0.332    12.274 r  design_1_i/logmapAXI_alt_0/U0/logmapAXI_slave_lite_v1_0_S00_AXI_inst/u_iter/r_reg[3]_i_846/O
                         net (fo=1, routed)           0.000    12.274    design_1_i/logmapAXI_alt_0/U0/logmapAXI_slave_lite_v1_0_S00_AXI_inst/u_iter/r_reg[3]_i_846_n_0
    SLICE_X11Y52         CARRY4 (Prop_carry4_S[0]_CO[3])
                                                      0.532    12.806 r  design_1_i/logmapAXI_alt_0/U0/logmapAXI_slave_lite_v1_0_S00_AXI_inst/u_iter/r_reg_reg[3]_i_649/CO[3]
                         net (fo=1, routed)           0.000    12.806    design_1_i/logmapAXI_alt_0/U0/logmapAXI_slave_lite_v1_0_S00_AXI_inst/u_iter/r_reg_reg[3]_i_649_n_0
    SLICE_X11Y53         CARRY4 (Prop_carry4_CI_CO[3])
                                                      0.114    12.920 r  design_1_i/logmapAXI_alt_0/U0/logmapAXI_slave_lite_v1_0_S00_AXI_inst/u_iter/r_reg_reg[3]_i_482/CO[3]
                         net (fo=1, routed)           0.000    12.920    design_1_i/logmapAXI_alt_0/U0/logmapAXI_slave_lite_v1_0_S00_AXI_inst/u_iter/r_reg_reg[3]_i_482_n_0
    SLICE_X11Y54         CARRY4 (Prop_carry4_CI_CO[3])
                                                      0.114    13.034 r  design_1_i/logmapAXI_alt_0/U0/logmapAXI_slave_lite_v1_0_S00_AXI_inst/u_iter/r_reg_reg[3]_i_354/CO[3]
                         net (fo=1, routed)           0.000    13.034    design_1_i/logmapAXI_alt_0/U0/logmapAXI_slave_lite_v1_0_S00_AXI_inst/u_iter/r_reg_reg[3]_i_354_n_0
    SLICE_X11Y55         CARRY4 (Prop_carry4_CI_O[1])
                                                      0.334    13.368 r  design_1_i/logmapAXI_alt_0/U0/logmapAXI_slave_lite_v1_0_S00_AXI_inst/u_iter/r_reg_reg[3]_i_196/O[1]
                         net (fo=2, routed)           1.426    14.794    design_1_i/logmapAXI_alt_0/U0/logmapAXI_slave_lite_v1_0_S00_AXI_inst/u_iter/r_reg_reg[3]_i_196_n_6
    SLICE_X22Y55         LUT3 (Prop_lut3_I1_O)        0.329    15.123 r  design_1_i/logmapAXI_alt_0/U0/logmapAXI_slave_lite_v1_0_S00_AXI_inst/u_iter/r_reg[3]_i_115/O
                         net (fo=2, routed)           0.437    15.561    design_1_i/logmapAXI_alt_0/U0/logmapAXI_slave_lite_v1_0_S00_AXI_inst/u_iter/r_reg[3]_i_115_n_0
    SLICE_X22Y56         LUT4 (Prop_lut4_I3_O)        0.332    15.893 r  design_1_i/logmapAXI_alt_0/U0/logmapAXI_slave_lite_v1_0_S00_AXI_inst/u_iter/r_reg[3]_i_119/O
                         net (fo=1, routed)           0.000    15.893    design_1_i/logmapAXI_alt_0/U0/logmapAXI_slave_lite_v1_0_S00_AXI_inst/u_iter/r_reg[3]_i_119_n_0
    SLICE_X22Y56         CARRY4 (Prop_carry4_S[0]_CO[3])
                                                      0.532    16.425 r  design_1_i/logmapAXI_alt_0/U0/logmapAXI_slave_lite_v1_0_S00_AXI_inst/u_iter/r_reg_reg[3]_i_41/CO[3]
                         net (fo=1, routed)           0.000    16.425    design_1_i/logmapAXI_alt_0/U0/logmapAXI_slave_lite_v1_0_S00_AXI_inst/u_iter/r_reg_reg[3]_i_41_n_0
    SLICE_X22Y57         CARRY4 (Prop_carry4_CI_O[1])
                                                      0.334    16.759 r  design_1_i/logmapAXI_alt_0/U0/logmapAXI_slave_lite_v1_0_S00_AXI_inst/u_iter/r_reg_reg[3]_i_23/O[1]
                         net (fo=2, routed)           1.054    17.812    design_1_i/logmapAXI_alt_0/U0/logmapAXI_slave_lite_v1_0_S00_AXI_inst/u_iter/r_reg_reg[3]_i_23_n_6
    SLICE_X33Y52         LUT4 (Prop_lut4_I1_O)        0.329    18.141 r  design_1_i/logmapAXI_alt_0/U0/logmapAXI_slave_lite_v1_0_S00_AXI_inst/u_iter/r_reg[3]_i_27/O
                         net (fo=2, routed)           0.933    19.075    design_1_i/logmapAXI_alt_0/U0/logmapAXI_slave_lite_v1_0_S00_AXI_inst/u_iter/r_reg[3]_i_27_n_0
    SLICE_X33Y55         LUT5 (Prop_lut5_I1_O)        0.351    19.426 r  design_1_i/logmapAXI_alt_0/U0/logmapAXI_slave_lite_v1_0_S00_AXI_inst/u_iter/r_reg[3]_i_7/O
                         net (fo=2, routed)           0.607    20.033    design_1_i/logmapAXI_alt_0/U0/logmapAXI_slave_lite_v1_0_S00_AXI_inst/u_iter/r_reg[3]_i_7_n_0
    SLICE_X32Y57         LUT6 (Prop_lut6_I0_O)        0.332    20.365 r  design_1_i/logmapAXI_alt_0/U0/logmapAXI_slave_lite_v1_0_S00_AXI_inst/u_iter/r_reg[3]_i_11/O
                         net (fo=1, routed)           0.000    20.365    design_1_i/logmapAXI_alt_0/U0/logmapAXI_slave_lite_v1_0_S00_AXI_inst/u_iter/r_reg[3]_i_11_n_0
    SLICE_X32Y57         CARRY4 (Prop_carry4_S[0]_CO[3])
                                                      0.513    20.878 r  design_1_i/logmapAXI_alt_0/U0/logmapAXI_slave_lite_v1_0_S00_AXI_inst/u_iter/r_reg_reg[3]_i_2/CO[3]
                         net (fo=1, routed)           0.000    20.878    design_1_i/logmapAXI_alt_0/U0/logmapAXI_slave_lite_v1_0_S00_AXI_inst/u_iter/r_reg_reg[3]_i_2_n_0
    SLICE_X32Y58         CARRY4 (Prop_carry4_CI_CO[3])
                                                      0.117    20.995 r  design_1_i/logmapAXI_alt_0/U0/logmapAXI_slave_lite_v1_0_S00_AXI_inst/u_iter/r_reg_reg[7]_i_2/CO[3]
                         net (fo=1, routed)           0.000    20.995    design_1_i/logmapAXI_alt_0/U0/logmapAXI_slave_lite_v1_0_S00_AXI_inst/u_iter/r_reg_reg[7]_i_2_n_0
    SLICE_X32Y59         CARRY4 (Prop_carry4_CI_CO[3])
                                                      0.117    21.112 r  design_1_i/logmapAXI_alt_0/U0/logmapAXI_slave_lite_v1_0_S00_AXI_inst/u_iter/r_reg_reg[11]_i_2/CO[3]
                         net (fo=1, routed)           0.000    21.112    design_1_i/logmapAXI_alt_0/U0/logmapAXI_slave_lite_v1_0_S00_AXI_inst/u_iter/r_reg_reg[11]_i_2_n_0
    SLICE_X32Y60         CARRY4 (Prop_carry4_CI_CO[3])
                                                      0.117    21.229 r  design_1_i/logmapAXI_alt_0/U0/logmapAXI_slave_lite_v1_0_S00_AXI_inst/u_iter/r_reg_reg[15]_i_2/CO[3]
                         net (fo=1, routed)           0.000    21.229    design_1_i/logmapAXI_alt_0/U0/logmapAXI_slave_lite_v1_0_S00_AXI_inst/u_iter/r_reg_reg[15]_i_2_n_0
    SLICE_X32Y61         CARRY4 (Prop_carry4_CI_CO[3])
                                                      0.117    21.346 r  design_1_i/logmapAXI_alt_0/U0/logmapAXI_slave_lite_v1_0_S00_AXI_inst/u_iter/r_reg_reg[19]_i_2/CO[3]
                         net (fo=1, routed)           0.000    21.346    design_1_i/logmapAXI_alt_0/U0/logmapAXI_slave_lite_v1_0_S00_AXI_inst/u_iter/r_reg_reg[19]_i_2_n_0
    SLICE_X32Y62         CARRY4 (Prop_carry4_CI_CO[3])
                                                      0.117    21.463 r  design_1_i/logmapAXI_alt_0/U0/logmapAXI_slave_lite_v1_0_S00_AXI_inst/u_iter/r_reg_reg[23]_i_2/CO[3]
                         net (fo=1, routed)           0.000    21.463    design_1_i/logmapAXI_alt_0/U0/logmapAXI_slave_lite_v1_0_S00_AXI_inst/u_iter/r_reg_reg[23]_i_2_n_0
    SLICE_X32Y63         CARRY4 (Prop_carry4_CI_CO[3])
                                                      0.117    21.580 r  design_1_i/logmapAXI_alt_0/U0/logmapAXI_slave_lite_v1_0_S00_AXI_inst/u_iter/r_reg_reg[27]_i_2/CO[3]
                         net (fo=1, routed)           0.000    21.580    design_1_i/logmapAXI_alt_0/U0/logmapAXI_slave_lite_v1_0_S00_AXI_inst/u_iter/r_reg_reg[27]_i_2_n_0
    SLICE_X32Y64         CARRY4 (Prop_carry4_CI_CO[3])
                                                      0.117    21.697 r  design_1_i/logmapAXI_alt_0/U0/logmapAXI_slave_lite_v1_0_S00_AXI_inst/u_iter/r_reg_reg[31]_i_2/CO[3]
                         net (fo=1, routed)           0.000    21.697    design_1_i/logmapAXI_alt_0/U0/logmapAXI_slave_lite_v1_0_S00_AXI_inst/u_iter/r_reg_reg[31]_i_2_n_0
    SLICE_X32Y65         CARRY4 (Prop_carry4_CI_CO[3])
                                                      0.117    21.814 r  design_1_i/logmapAXI_alt_0/U0/logmapAXI_slave_lite_v1_0_S00_AXI_inst/u_iter/r_reg_reg[35]_i_2/CO[3]
                         net (fo=1, routed)           0.000    21.814    design_1_i/logmapAXI_alt_0/U0/logmapAXI_slave_lite_v1_0_S00_AXI_inst/u_iter/r_reg_reg[35]_i_2_n_0
    SLICE_X32Y66         CARRY4 (Prop_carry4_CI_CO[3])
                                                      0.117    21.931 r  design_1_i/logmapAXI_alt_0/U0/logmapAXI_slave_lite_v1_0_S00_AXI_inst/u_iter/r_reg_reg[39]_i_2/CO[3]
                         net (fo=1, routed)           0.000    21.931    design_1_i/logmapAXI_alt_0/U0/logmapAXI_slave_lite_v1_0_S00_AXI_inst/u_iter/r_reg_reg[39]_i_2_n_0
    SLICE_X32Y67         CARRY4 (Prop_carry4_CI_CO[3])
                                                      0.117    22.048 r  design_1_i/logmapAXI_alt_0/U0/logmapAXI_slave_lite_v1_0_S00_AXI_inst/u_iter/r_reg_reg[43]_i_2/CO[3]
                         net (fo=1, routed)           0.000    22.048    design_1_i/logmapAXI_alt_0/U0/logmapAXI_slave_lite_v1_0_S00_AXI_inst/u_iter/r_reg_reg[43]_i_2_n_0
    SLICE_X32Y68         CARRY4 (Prop_carry4_CI_CO[3])
                                                      0.117    22.165 r  design_1_i/logmapAXI_alt_0/U0/logmapAXI_slave_lite_v1_0_S00_AXI_inst/u_iter/r_reg_reg[47]_i_2/CO[3]
                         net (fo=1, routed)           0.000    22.165    design_1_i/logmapAXI_alt_0/U0/logmapAXI_slave_lite_v1_0_S00_AXI_inst/u_iter/r_reg_reg[47]_i_2_n_0
    SLICE_X32Y69         CARRY4 (Prop_carry4_CI_CO[3])
                                                      0.117    22.282 r  design_1_i/logmapAXI_alt_0/U0/logmapAXI_slave_lite_v1_0_S00_AXI_inst/u_iter/r_reg_reg[51]_i_2/CO[3]
                         net (fo=1, routed)           0.000    22.282    design_1_i/logmapAXI_alt_0/U0/logmapAXI_slave_lite_v1_0_S00_AXI_inst/u_iter/r_reg_reg[51]_i_2_n_0
    SLICE_X32Y70         CARRY4 (Prop_carry4_CI_O[2])
                                                      0.239    22.521 r  design_1_i/logmapAXI_alt_0/U0/logmapAXI_slave_lite_v1_0_S00_AXI_inst/u_iter/r_reg_reg[55]_i_2/O[2]
                         net (fo=1, routed)           0.880    23.401    design_1_i/logmapAXI_alt_0/U0/logmapAXI_slave_lite_v1_0_S00_AXI_inst/u_iter/plusOp[116]
    SLICE_X32Y75         LUT3 (Prop_lut3_I1_O)        0.301    23.702 r  design_1_i/logmapAXI_alt_0/U0/logmapAXI_slave_lite_v1_0_S00_AXI_inst/u_iter/r_reg[54]_i_1/O
                         net (fo=1, routed)           0.596    24.298    design_1_i/logmapAXI_alt_0/U0/logmapAXI_slave_lite_v1_0_S00_AXI_inst/u_iter/r_next[54]
    SLICE_X32Y75         FDRE                                         r  design_1_i/logmapAXI_alt_0/U0/logmapAXI_slave_lite_v1_0_S00_AXI_inst/u_iter/r_reg_reg[54]/D
  -------------------------------------------------------------------    -------------------

                         (clock clk_fpga_0 rise edge)
                                                     40.000    40.000 r  
    PS7_X0Y0             PS7                          0.000    40.000 r  design_1_i/processing_system7_0/inst/PS7_i/FCLKCLK[0]
                         net (fo=1, routed)           1.605    41.605    design_1_i/processing_system7_0/inst/FCLK_CLK_unbuffered[0]
    BUFGCTRL_X0Y16       BUFG (Prop_bufg_I_O)         0.091    41.696 r  design_1_i/processing_system7_0/inst/buffer_fclk_clk_0.FCLK_CLK_0_BUFG/O
                         net (fo=2030, routed)        1.470    43.165    design_1_i/logmapAXI_alt_0/U0/logmapAXI_slave_lite_v1_0_S00_AXI_inst/u_iter/s00_axi_aclk
    SLICE_X32Y75         FDRE                                         r  design_1_i/logmapAXI_alt_0/U0/logmapAXI_slave_lite_v1_0_S00_AXI_inst/u_iter/r_reg_reg[54]/C
                         clock pessimism              0.379    43.545    
                         clock uncertainty           -0.601    42.944    
    SLICE_X32Y75         FDRE (Setup_fdre_C_D)       -0.045    42.899    design_1_i/logmapAXI_alt_0/U0/logmapAXI_slave_lite_v1_0_S00_AXI_inst/u_iter/r_reg_reg[54]
  -------------------------------------------------------------------
                         required time                         42.899    
                         arrival time                         -24.298    
  -------------------------------------------------------------------
                         slack                                 18.601    





Min Delay Paths
--------------------------------------------------------------------------------------
Slack (MET) :             0.037ns  (arrival time - required time)
  Source:                 design_1_i/logmapAXI_alt_0/U0/logmapAXI_slave_lite_v1_0_S00_AXI_inst/slv_reg3_reg[2]/C
                            (rising edge-triggered cell FDRE clocked by clk_fpga_0  {rise@0.000ns fall@20.000ns period=40.000ns})
  Destination:            design_1_i/logmapAXI_alt_0/U0/logmapAXI_slave_lite_v1_0_S00_AXI_inst/u_iter/r_reg_reg[2]/D
                            (rising edge-triggered cell FDRE clocked by clk_fpga_0  {rise@0.000ns fall@20.000ns period=40.000ns})
  Path Group:             clk_fpga_0
  Path Type:              Hold (Min at Fast Process Corner)
  Requirement:            0.000ns  (clk_fpga_0 rise@0.000ns - clk_fpga_0 rise@0.000ns)
  Data Path Delay:        0.421ns  (logic 0.186ns (44.231%)  route 0.235ns (55.769%))
  Logic Levels:           1  (LUT3=1)
  Clock Path Skew:        0.262ns (DCD - SCD - CPR)
    Destination Clock Delay (DCD):    1.733ns
    Source Clock Delay      (SCD):    1.362ns
    Clock Pessimism Removal (CPR):    0.108ns

    Location             Delay type                Incr(ns)  Path(ns)    Netlist Resource(s)
  -------------------------------------------------------------------    -------------------
                         (clock clk_fpga_0 rise edge)
                                                      0.000     0.000 r  
    PS7_X0Y0             PS7                          0.000     0.000 r  design_1_i/processing_system7_0/inst/PS7_i/FCLKCLK[0]
                         net (fo=1, routed)           0.774     0.774    design_1_i/processing_system7_0/inst/FCLK_CLK_unbuffered[0]
    BUFGCTRL_X0Y16       BUFG (Prop_bufg_I_O)         0.026     0.800 r  design_1_i/processing_system7_0/inst/buffer_fclk_clk_0.FCLK_CLK_0_BUFG/O
                         net (fo=2030, routed)        0.563     1.362    design_1_i/logmapAXI_alt_0/U0/logmapAXI_slave_lite_v1_0_S00_AXI_inst/s00_axi_aclk
    SLICE_X22Y48         FDRE                                         r  design_1_i/logmapAXI_alt_0/U0/logmapAXI_slave_lite_v1_0_S00_AXI_inst/slv_reg3_reg[2]/C
  -------------------------------------------------------------------    -------------------
    SLICE_X22Y48         FDRE (Prop_fdre_C_Q)         0.141     1.503 r  design_1_i/logmapAXI_alt_0/U0/logmapAXI_slave_lite_v1_0_S00_AXI_inst/slv_reg3_reg[2]/Q
                         net (fo=2, routed)           0.235     1.738    design_1_i/logmapAXI_alt_0/U0/logmapAXI_slave_lite_v1_0_S00_AXI_inst/u_iter/r_reg_reg[63]_0[2]
    SLICE_X24Y55         LUT3 (Prop_lut3_I0_O)        0.045     1.783 r  design_1_i/logmapAXI_alt_0/U0/logmapAXI_slave_lite_v1_0_S00_AXI_inst/u_iter/r_reg[2]_i_1/O
                         net (fo=1, routed)           0.000     1.783    design_1_i/logmapAXI_alt_0/U0/logmapAXI_slave_lite_v1_0_S00_AXI_inst/u_iter/r_next[2]
    SLICE_X24Y55         FDRE                                         r  design_1_i/logmapAXI_alt_0/U0/logmapAXI_slave_lite_v1_0_S00_AXI_inst/u_iter/r_reg_reg[2]/D
  -------------------------------------------------------------------    -------------------

                         (clock clk_fpga_0 rise edge)
                                                      0.000     0.000 r  
    PS7_X0Y0             PS7                          0.000     0.000 r  design_1_i/processing_system7_0/inst/PS7_i/FCLKCLK[0]
                         net (fo=1, routed)           0.879     0.879    design_1_i/processing_system7_0/inst/FCLK_CLK_unbuffered[0]
    BUFGCTRL_X0Y16       BUFG (Prop_bufg_I_O)         0.029     0.908 r  design_1_i/processing_system7_0/inst/buffer_fclk_clk_0.FCLK_CLK_0_BUFG/O
                         net (fo=2030, routed)        0.825     1.733    design_1_i/logmapAXI_alt_0/U0/logmapAXI_slave_lite_v1_0_S00_AXI_inst/u_iter/s00_axi_aclk
    SLICE_X24Y55         FDRE                                         r  design_1_i/logmapAXI_alt_0/U0/logmapAXI_slave_lite_v1_0_S00_AXI_inst/u_iter/r_reg_reg[2]/C
                         clock pessimism             -0.108     1.625    
    SLICE_X24Y55         FDRE (Hold_fdre_C_D)         0.121     1.746    design_1_i/logmapAXI_alt_0/U0/logmapAXI_slave_lite_v1_0_S00_AXI_inst/u_iter/r_reg_reg[2]
  -------------------------------------------------------------------
                         required time                         -1.746    
                         arrival time                           1.783    
  -------------------------------------------------------------------
                         slack                                  0.037    

Slack (MET) :             0.046ns  (arrival time - required time)
  Source:                 design_1_i/axi_smc/inst/switchboards/i_nodes/i_w_node/inst/inst_mi_handler/gen_normal_area.inst_fifo_node_payld/gen_reg_fifo.inst_reg_fifo/gen_single_rank.data_reg[30]/C
                            (rising edge-triggered cell FDRE clocked by clk_fpga_0  {rise@0.000ns fall@20.000ns period=40.000ns})
  Destination:            design_1_i/logmapAXI_0/U0/logmapAXI_slave_lite_v1_0_S00_AXI_inst/slv_reg0_reg[9]/D
                            (rising edge-triggered cell FDRE clocked by clk_fpga_0  {rise@0.000ns fall@20.000ns period=40.000ns})
  Path Group:             clk_fpga_0
  Path Type:              Hold (Min at Fast Process Corner)
  Requirement:            0.000ns  (clk_fpga_0 rise@0.000ns - clk_fpga_0 rise@0.000ns)
  Data Path Delay:        0.363ns  (logic 0.164ns (45.203%)  route 0.199ns (54.797%))
  Logic Levels:           0  
  Clock Path Skew:        0.263ns (DCD - SCD - CPR)
    Destination Clock Delay (DCD):    1.740ns
    Source Clock Delay      (SCD):    1.368ns
    Clock Pessimism Removal (CPR):    0.108ns

    Location             Delay type                Incr(ns)  Path(ns)    Netlist Resource(s)
  -------------------------------------------------------------------    -------------------
                         (clock clk_fpga_0 rise edge)
                                                      0.000     0.000 r  
    PS7_X0Y0             PS7                          0.000     0.000 r  design_1_i/processing_system7_0/inst/PS7_i/FCLKCLK[0]
                         net (fo=1, routed)           0.774     0.774    design_1_i/processing_system7_0/inst/FCLK_CLK_unbuffered[0]
    BUFGCTRL_X0Y16       BUFG (Prop_bufg_I_O)         0.026     0.800 r  design_1_i/processing_system7_0/inst/buffer_fclk_clk_0.FCLK_CLK_0_BUFG/O
                         net (fo=2030, routed)        0.569     1.368    design_1_i/axi_smc/inst/switchboards/i_nodes/i_w_node/inst/inst_mi_handler/gen_normal_area.inst_fifo_node_payld/gen_reg_fifo.inst_reg_fifo/s_sc_aclk
    SLICE_X8Y49          FDRE                                         r  design_1_i/axi_smc/inst/switchboards/i_nodes/i_w_node/inst/inst_mi_handler/gen_normal_area.inst_fifo_node_payld/gen_reg_fifo.inst_reg_fifo/gen_single_rank.data_reg[30]/C
  -------------------------------------------------------------------    -------------------
    SLICE_X8Y49          FDRE (Prop_fdre_C_Q)         0.164     1.532 r  design_1_i/axi_smc/inst/switchboards/i_nodes/i_w_node/inst/inst_mi_handler/gen_normal_area.inst_fifo_node_payld/gen_reg_fifo.inst_reg_fifo/gen_single_rank.data_reg[30]/Q
                         net (fo=10, routed)          0.199     1.731    design_1_i/logmapAXI_0/U0/logmapAXI_slave_lite_v1_0_S00_AXI_inst/s00_axi_wdata[9]
    SLICE_X12Y50         FDRE                                         r  design_1_i/logmapAXI_0/U0/logmapAXI_slave_lite_v1_0_S00_AXI_inst/slv_reg0_reg[9]/D
  -------------------------------------------------------------------    -------------------

                         (clock clk_fpga_0 rise edge)
                                                      0.000     0.000 r  
    PS7_X0Y0             PS7                          0.000     0.000 r  design_1_i/processing_system7_0/inst/PS7_i/FCLKCLK[0]
                         net (fo=1, routed)           0.879     0.879    design_1_i/processing_system7_0/inst/FCLK_CLK_unbuffered[0]
    BUFGCTRL_X0Y16       BUFG (Prop_bufg_I_O)         0.029     0.908 r  design_1_i/processing_system7_0/inst/buffer_fclk_clk_0.FCLK_CLK_0_BUFG/O
                         net (fo=2030, routed)        0.832     1.740    design_1_i/logmapAXI_0/U0/logmapAXI_slave_lite_v1_0_S00_AXI_inst/s00_axi_aclk
    SLICE_X12Y50         FDRE                                         r  design_1_i/logmapAXI_0/U0/logmapAXI_slave_lite_v1_0_S00_AXI_inst/slv_reg0_reg[9]/C
                         clock pessimism             -0.108     1.632    
    SLICE_X12Y50         FDRE (Hold_fdre_C_D)         0.053     1.685    design_1_i/logmapAXI_0/U0/logmapAXI_slave_lite_v1_0_S00_AXI_inst/slv_reg0_reg[9]
  -------------------------------------------------------------------
                         required time                         -1.685    
                         arrival time                           1.731    
  -------------------------------------------------------------------
                         slack                                  0.046    

Slack (MET) :             0.057ns  (arrival time - required time)
  Source:                 design_1_i/axi_smc/inst/switchboards/i_nodes/i_w_node/inst/inst_mi_handler/gen_normal_area.inst_fifo_node_payld/gen_reg_fifo.inst_reg_fifo/gen_single_rank.data_reg[80]/C
                            (rising edge-triggered cell FDRE clocked by clk_fpga_0  {rise@0.000ns fall@20.000ns period=40.000ns})
  Destination:            design_1_i/logmapAXI_0/U0/logmapAXI_slave_lite_v1_0_S00_AXI_inst/slv_reg0_reg[54]/D
                            (rising edge-triggered cell FDRE clocked by clk_fpga_0  {rise@0.000ns fall@20.000ns period=40.000ns})
  Path Group:             clk_fpga_0
  Path Type:              Hold (Min at Fast Process Corner)
  Requirement:            0.000ns  (clk_fpga_0 rise@0.000ns - clk_fpga_0 rise@0.000ns)
  Data Path Delay:        0.339ns  (logic 0.148ns (43.675%)  route 0.191ns (56.325%))
  Logic Levels:           0  
  Clock Path Skew:        0.264ns (DCD - SCD - CPR)
    Destination Clock Delay (DCD):    1.720ns
    Source Clock Delay      (SCD):    1.342ns
    Clock Pessimism Removal (CPR):    0.113ns

    Location             Delay type                Incr(ns)  Path(ns)    Netlist Resource(s)
  -------------------------------------------------------------------    -------------------
                         (clock clk_fpga_0 rise edge)
                                                      0.000     0.000 r  
    PS7_X0Y0             PS7                          0.000     0.000 r  design_1_i/processing_system7_0/inst/PS7_i/FCLKCLK[0]
                         net (fo=1, routed)           0.774     0.774    design_1_i/processing_system7_0/inst/FCLK_CLK_unbuffered[0]
    BUFGCTRL_X0Y16       BUFG (Prop_bufg_I_O)         0.026     0.800 r  design_1_i/processing_system7_0/inst/buffer_fclk_clk_0.FCLK_CLK_0_BUFG/O
                         net (fo=2030, routed)        0.543     1.342    design_1_i/axi_smc/inst/switchboards/i_nodes/i_w_node/inst/inst_mi_handler/gen_normal_area.inst_fifo_node_payld/gen_reg_fifo.inst_reg_fifo/s_sc_aclk
    SLICE_X20Y75         FDRE                                         r  design_1_i/axi_smc/inst/switchboards/i_nodes/i_w_node/inst/inst_mi_handler/gen_normal_area.inst_fifo_node_payld/gen_reg_fifo.inst_reg_fifo/gen_single_rank.data_reg[80]/C
  -------------------------------------------------------------------    -------------------
    SLICE_X20Y75         FDRE (Prop_fdre_C_Q)         0.148     1.490 r  design_1_i/axi_smc/inst/switchboards/i_nodes/i_w_node/inst/inst_mi_handler/gen_normal_area.inst_fifo_node_payld/gen_reg_fifo.inst_reg_fifo/gen_single_rank.data_reg[80]/Q
                         net (fo=10, routed)          0.191     1.681    design_1_i/logmapAXI_0/U0/logmapAXI_slave_lite_v1_0_S00_AXI_inst/s00_axi_wdata[54]
    SLICE_X22Y77         FDRE                                         r  design_1_i/logmapAXI_0/U0/logmapAXI_slave_lite_v1_0_S00_AXI_inst/slv_reg0_reg[54]/D
  -------------------------------------------------------------------    -------------------

                         (clock clk_fpga_0 rise edge)
                                                      0.000     0.000 r  
    PS7_X0Y0             PS7                          0.000     0.000 r  design_1_i/processing_system7_0/inst/PS7_i/FCLKCLK[0]
                         net (fo=1, routed)           0.879     0.879    design_1_i/processing_system7_0/inst/FCLK_CLK_unbuffered[0]
    BUFGCTRL_X0Y16       BUFG (Prop_bufg_I_O)         0.029     0.908 r  design_1_i/processing_system7_0/inst/buffer_fclk_clk_0.FCLK_CLK_0_BUFG/O
                         net (fo=2030, routed)        0.812     1.720    design_1_i/logmapAXI_0/U0/logmapAXI_slave_lite_v1_0_S00_AXI_inst/s00_axi_aclk
    SLICE_X22Y77         FDRE                                         r  design_1_i/logmapAXI_0/U0/logmapAXI_slave_lite_v1_0_S00_AXI_inst/slv_reg0_reg[54]/C
                         clock pessimism             -0.113     1.607    
    SLICE_X22Y77         FDRE (Hold_fdre_C_D)         0.018     1.625    design_1_i/logmapAXI_0/U0/logmapAXI_slave_lite_v1_0_S00_AXI_inst/slv_reg0_reg[54]
  -------------------------------------------------------------------
                         required time                         -1.625    
                         arrival time                           1.681    
  -------------------------------------------------------------------
                         slack                                  0.057    

Slack (MET) :             0.057ns  (arrival time - required time)
  Source:                 design_1_i/axi_smc/inst/s00_entry_pipeline/s00_si_converter/inst/converter.low_area_converter.low_area_wrap_inst/orig_araddr_reg[8]/C
                            (rising edge-triggered cell FDRE clocked by clk_fpga_0  {rise@0.000ns fall@20.000ns period=40.000ns})
  Destination:            design_1_i/axi_smc/inst/s00_entry_pipeline/s00_si_converter/inst/converter.low_area_converter.low_area_wrap_inst/r_wrap_araddr_reg[8]/D
                            (rising edge-triggered cell FDRE clocked by clk_fpga_0  {rise@0.000ns fall@20.000ns period=40.000ns})
  Path Group:             clk_fpga_0
  Path Type:              Hold (Min at Fast Process Corner)
  Requirement:            0.000ns  (clk_fpga_0 rise@0.000ns - clk_fpga_0 rise@0.000ns)
  Data Path Delay:        0.442ns  (logic 0.209ns (47.335%)  route 0.233ns (52.665%))
  Logic Levels:           1  (LUT2=1)
  Clock Path Skew:        0.263ns (DCD - SCD - CPR)
    Destination Clock Delay (DCD):    1.740ns
    Source Clock Delay      (SCD):    1.368ns
    Clock Pessimism Removal (CPR):    0.108ns

    Location             Delay type                Incr(ns)  Path(ns)    Netlist Resource(s)
  -------------------------------------------------------------------    -------------------
                         (clock clk_fpga_0 rise edge)
                                                      0.000     0.000 r  
    PS7_X0Y0             PS7                          0.000     0.000 r  design_1_i/processing_system7_0/inst/PS7_i/FCLKCLK[0]
                         net (fo=1, routed)           0.774     0.774    design_1_i/processing_system7_0/inst/FCLK_CLK_unbuffered[0]
    BUFGCTRL_X0Y16       BUFG (Prop_bufg_I_O)         0.026     0.800 r  design_1_i/processing_system7_0/inst/buffer_fclk_clk_0.FCLK_CLK_0_BUFG/O
                         net (fo=2030, routed)        0.569     1.368    design_1_i/axi_smc/inst/s00_entry_pipeline/s00_si_converter/inst/converter.low_area_converter.low_area_wrap_inst/aclk
    SLICE_X6Y47          FDRE                                         r  design_1_i/axi_smc/inst/s00_entry_pipeline/s00_si_converter/inst/converter.low_area_converter.low_area_wrap_inst/orig_araddr_reg[8]/C
  -------------------------------------------------------------------    -------------------
    SLICE_X6Y47          FDRE (Prop_fdre_C_Q)         0.164     1.532 r  design_1_i/axi_smc/inst/s00_entry_pipeline/s00_si_converter/inst/converter.low_area_converter.low_area_wrap_inst/orig_araddr_reg[8]/Q
                         net (fo=2, routed)           0.233     1.765    design_1_i/axi_smc/inst/s00_entry_pipeline/s00_si_converter/inst/converter.low_area_converter.low_area_wrap_inst/orig_araddr[8]
    SLICE_X6Y52          LUT2 (Prop_lut2_I0_O)        0.045     1.810 r  design_1_i/axi_smc/inst/s00_entry_pipeline/s00_si_converter/inst/converter.low_area_converter.low_area_wrap_inst/r_wrap_araddr[8]_i_1/O
                         net (fo=1, routed)           0.000     1.810    design_1_i/axi_smc/inst/s00_entry_pipeline/s00_si_converter/inst/converter.low_area_converter.low_area_wrap_inst/r_wrap_araddr0[8]
    SLICE_X6Y52          FDRE                                         r  design_1_i/axi_smc/inst/s00_entry_pipeline/s00_si_converter/inst/converter.low_area_converter.low_area_wrap_inst/r_wrap_araddr_reg[8]/D
  -------------------------------------------------------------------    -------------------

                         (clock clk_fpga_0 rise edge)
                                                      0.000     0.000 r  
    PS7_X0Y0             PS7                          0.000     0.000 r  design_1_i/processing_system7_0/inst/PS7_i/FCLKCLK[0]
                         net (fo=1, routed)           0.879     0.879    design_1_i/processing_system7_0/inst/FCLK_CLK_unbuffered[0]
    BUFGCTRL_X0Y16       BUFG (Prop_bufg_I_O)         0.029     0.908 r  design_1_i/processing_system7_0/inst/buffer_fclk_clk_0.FCLK_CLK_0_BUFG/O
                         net (fo=2030, routed)        0.832     1.740    design_1_i/axi_smc/inst/s00_entry_pipeline/s00_si_converter/inst/converter.low_area_converter.low_area_wrap_inst/aclk
    SLICE_X6Y52          FDRE                                         r  design_1_i/axi_smc/inst/s00_entry_pipeline/s00_si_converter/inst/converter.low_area_converter.low_area_wrap_inst/r_wrap_araddr_reg[8]/C
                         clock pessimism             -0.108     1.632    
    SLICE_X6Y52          FDRE (Hold_fdre_C_D)         0.121     1.753    design_1_i/axi_smc/inst/s00_entry_pipeline/s00_si_converter/inst/converter.low_area_converter.low_area_wrap_inst/r_wrap_araddr_reg[8]
  -------------------------------------------------------------------
                         required time                         -1.753    
                         arrival time                           1.810    
  -------------------------------------------------------------------
                         slack                                  0.057    

Slack (MET) :             0.062ns  (arrival time - required time)
  Source:                 design_1_i/axi_smc/inst/switchboards/i_nodes/i_w_node/inst/inst_mi_handler/gen_normal_area.inst_fifo_node_payld/gen_reg_fifo.inst_reg_fifo/gen_single_rank.data_reg[22]/C
                            (rising edge-triggered cell FDRE clocked by clk_fpga_0  {rise@0.000ns fall@20.000ns period=40.000ns})
  Destination:            design_1_i/logmapAXI_alt_0/U0/logmapAXI_slave_lite_v1_0_S00_AXI_inst/slv_reg3_reg[2]/D
                            (rising edge-triggered cell FDRE clocked by clk_fpga_0  {rise@0.000ns fall@20.000ns period=40.000ns})
  Path Group:             clk_fpga_0
  Path Type:              Hold (Min at Fast Process Corner)
  Requirement:            0.000ns  (clk_fpga_0 rise@0.000ns - clk_fpga_0 rise@0.000ns)
  Data Path Delay:        0.403ns  (logic 0.141ns (34.949%)  route 0.262ns (65.051%))
  Logic Levels:           0  
  Clock Path Skew:        0.271ns (DCD - SCD - CPR)
    Destination Clock Delay (DCD):    1.739ns
    Source Clock Delay      (SCD):    1.359ns
    Clock Pessimism Removal (CPR):    0.108ns

    Location             Delay type                Incr(ns)  Path(ns)    Netlist Resource(s)
  -------------------------------------------------------------------    -------------------
                         (clock clk_fpga_0 rise edge)
                                                      0.000     0.000 r  
    PS7_X0Y0             PS7                          0.000     0.000 r  design_1_i/processing_system7_0/inst/PS7_i/FCLKCLK[0]
                         net (fo=1, routed)           0.774     0.774    design_1_i/processing_system7_0/inst/FCLK_CLK_unbuffered[0]
    BUFGCTRL_X0Y16       BUFG (Prop_bufg_I_O)         0.026     0.800 r  design_1_i/processing_system7_0/inst/buffer_fclk_clk_0.FCLK_CLK_0_BUFG/O
                         net (fo=2030, routed)        0.560     1.359    design_1_i/axi_smc/inst/switchboards/i_nodes/i_w_node/inst/inst_mi_handler/gen_normal_area.inst_fifo_node_payld/gen_reg_fifo.inst_reg_fifo/s_sc_aclk
    SLICE_X15Y50         FDRE                                         r  design_1_i/axi_smc/inst/switchboards/i_nodes/i_w_node/inst/inst_mi_handler/gen_normal_area.inst_fifo_node_payld/gen_reg_fifo.inst_reg_fifo/gen_single_rank.data_reg[22]/C
  -------------------------------------------------------------------    -------------------
    SLICE_X15Y50         FDRE (Prop_fdre_C_Q)         0.141     1.500 r  design_1_i/axi_smc/inst/switchboards/i_nodes/i_w_node/inst/inst_mi_handler/gen_normal_area.inst_fifo_node_payld/gen_reg_fifo.inst_reg_fifo/gen_single_rank.data_reg[22]/Q
                         net (fo=10, routed)          0.262     1.763    design_1_i/logmapAXI_alt_0/U0/logmapAXI_slave_lite_v1_0_S00_AXI_inst/s00_axi_wdata[2]
    SLICE_X22Y48         FDRE                                         r  design_1_i/logmapAXI_alt_0/U0/logmapAXI_slave_lite_v1_0_S00_AXI_inst/slv_reg3_reg[2]/D
  -------------------------------------------------------------------    -------------------

                         (clock clk_fpga_0 rise edge)
                                                      0.000     0.000 r  
    PS7_X0Y0             PS7                          0.000     0.000 r  design_1_i/processing_system7_0/inst/PS7_i/FCLKCLK[0]
                         net (fo=1, routed)           0.879     0.879    design_1_i/processing_system7_0/inst/FCLK_CLK_unbuffered[0]
    BUFGCTRL_X0Y16       BUFG (Prop_bufg_I_O)         0.029     0.908 r  design_1_i/processing_system7_0/inst/buffer_fclk_clk_0.FCLK_CLK_0_BUFG/O
                         net (fo=2030, routed)        0.831     1.739    design_1_i/logmapAXI_alt_0/U0/logmapAXI_slave_lite_v1_0_S00_AXI_inst/s00_axi_aclk
    SLICE_X22Y48         FDRE                                         r  design_1_i/logmapAXI_alt_0/U0/logmapAXI_slave_lite_v1_0_S00_AXI_inst/slv_reg3_reg[2]/C
                         clock pessimism             -0.108     1.631    
    SLICE_X22Y48         FDRE (Hold_fdre_C_D)         0.070     1.701    design_1_i/logmapAXI_alt_0/U0/logmapAXI_slave_lite_v1_0_S00_AXI_inst/slv_reg3_reg[2]
  -------------------------------------------------------------------
                         required time                         -1.701    
                         arrival time                           1.763    
  -------------------------------------------------------------------
                         slack                                  0.062    

Slack (MET) :             0.065ns  (arrival time - required time)
  Source:                 design_1_i/axi_smc/inst/s00_entry_pipeline/s00_si_converter/inst/converter.low_area_converter.low_area_wrap_inst/orig_araddr_reg[6]/C
                            (rising edge-triggered cell FDRE clocked by clk_fpga_0  {rise@0.000ns fall@20.000ns period=40.000ns})
  Destination:            design_1_i/axi_smc/inst/s00_entry_pipeline/s00_si_converter/inst/converter.low_area_converter.low_area_wrap_inst/r_wrap_araddr_reg[6]/D
                            (rising edge-triggered cell FDRE clocked by clk_fpga_0  {rise@0.000ns fall@20.000ns period=40.000ns})
  Path Group:             clk_fpga_0
  Path Type:              Hold (Min at Fast Process Corner)
  Requirement:            0.000ns  (clk_fpga_0 rise@0.000ns - clk_fpga_0 rise@0.000ns)
  Data Path Delay:        0.450ns  (logic 0.209ns (46.478%)  route 0.241ns (53.522%))
  Logic Levels:           1  (LUT2=1)
  Clock Path Skew:        0.263ns (DCD - SCD - CPR)
    Destination Clock Delay (DCD):    1.740ns
    Source Clock Delay      (SCD):    1.368ns
    Clock Pessimism Removal (CPR):    0.108ns

    Location             Delay type                Incr(ns)  Path(ns)    Netlist Resource(s)
  -------------------------------------------------------------------    -------------------
                         (clock clk_fpga_0 rise edge)
                                                      0.000     0.000 r  
    PS7_X0Y0             PS7                          0.000     0.000 r  design_1_i/processing_system7_0/inst/PS7_i/FCLKCLK[0]
                         net (fo=1, routed)           0.774     0.774    design_1_i/processing_system7_0/inst/FCLK_CLK_unbuffered[0]
    BUFGCTRL_X0Y16       BUFG (Prop_bufg_I_O)         0.026     0.800 r  design_1_i/processing_system7_0/inst/buffer_fclk_clk_0.FCLK_CLK_0_BUFG/O
                         net (fo=2030, routed)        0.569     1.368    design_1_i/axi_smc/inst/s00_entry_pipeline/s00_si_converter/inst/converter.low_area_converter.low_area_wrap_inst/aclk
    SLICE_X6Y47          FDRE                                         r  design_1_i/axi_smc/inst/s00_entry_pipeline/s00_si_converter/inst/converter.low_area_converter.low_area_wrap_inst/orig_araddr_reg[6]/C
  -------------------------------------------------------------------    -------------------
    SLICE_X6Y47          FDRE (Prop_fdre_C_Q)         0.164     1.532 r  design_1_i/axi_smc/inst/s00_entry_pipeline/s00_si_converter/inst/converter.low_area_converter.low_area_wrap_inst/orig_araddr_reg[6]/Q
                         net (fo=2, routed)           0.241     1.773    design_1_i/axi_smc/inst/s00_entry_pipeline/s00_si_converter/inst/converter.low_area_converter.low_area_wrap_inst/orig_araddr[6]
    SLICE_X6Y52          LUT2 (Prop_lut2_I0_O)        0.045     1.818 r  design_1_i/axi_smc/inst/s00_entry_pipeline/s00_si_converter/inst/converter.low_area_converter.low_area_wrap_inst/r_wrap_araddr[6]_i_1/O
                         net (fo=1, routed)           0.000     1.818    design_1_i/axi_smc/inst/s00_entry_pipeline/s00_si_converter/inst/converter.low_area_converter.low_area_wrap_inst/r_wrap_araddr0[6]
    SLICE_X6Y52          FDRE                                         r  design_1_i/axi_smc/inst/s00_entry_pipeline/s00_si_converter/inst/converter.low_area_converter.low_area_wrap_inst/r_wrap_araddr_reg[6]/D
  -------------------------------------------------------------------    -------------------

                         (clock clk_fpga_0 rise edge)
                                                      0.000     0.000 r  
    PS7_X0Y0             PS7                          0.000     0.000 r  design_1_i/processing_system7_0/inst/PS7_i/FCLKCLK[0]
                         net (fo=1, routed)           0.879     0.879    design_1_i/processing_system7_0/inst/FCLK_CLK_unbuffered[0]
    BUFGCTRL_X0Y16       BUFG (Prop_bufg_I_O)         0.029     0.908 r  design_1_i/processing_system7_0/inst/buffer_fclk_clk_0.FCLK_CLK_0_BUFG/O
                         net (fo=2030, routed)        0.832     1.740    design_1_i/axi_smc/inst/s00_entry_pipeline/s00_si_converter/inst/converter.low_area_converter.low_area_wrap_inst/aclk
    SLICE_X6Y52          FDRE                                         r  design_1_i/axi_smc/inst/s00_entry_pipeline/s00_si_converter/inst/converter.low_area_converter.low_area_wrap_inst/r_wrap_araddr_reg[6]/C
                         clock pessimism             -0.108     1.632    
    SLICE_X6Y52          FDRE (Hold_fdre_C_D)         0.121     1.753    design_1_i/axi_smc/inst/s00_entry_pipeline/s00_si_converter/inst/converter.low_area_converter.low_area_wrap_inst/r_wrap_araddr_reg[6]
  -------------------------------------------------------------------
                         required time                         -1.753    
                         arrival time                           1.818    
  -------------------------------------------------------------------
                         slack                                  0.065    

Slack (MET) :             0.066ns  (arrival time - required time)
  Source:                 design_1_i/axi_smc/inst/switchboards/i_nodes/i_w_node/inst/inst_mi_handler/gen_normal_area.inst_fifo_node_payld/gen_reg_fifo.inst_reg_fifo/gen_single_rank.data_reg[27]/C
                            (rising edge-triggered cell FDRE clocked by clk_fpga_0  {rise@0.000ns fall@20.000ns period=40.000ns})
  Destination:            design_1_i/logmapAXI_0/U0/logmapAXI_slave_lite_v1_0_S00_AXI_inst/slv_reg3_reg[7]/D
                            (rising edge-triggered cell FDRE clocked by clk_fpga_0  {rise@0.000ns fall@20.000ns period=40.000ns})
  Path Group:             clk_fpga_0
  Path Type:              Hold (Min at Fast Process Corner)
  Requirement:            0.000ns  (clk_fpga_0 rise@0.000ns - clk_fpga_0 rise@0.000ns)
  Data Path Delay:        0.382ns  (logic 0.164ns (42.967%)  route 0.218ns (57.033%))
  Logic Levels:           0  
  Clock Path Skew:        0.263ns (DCD - SCD - CPR)
    Destination Clock Delay (DCD):    1.740ns
    Source Clock Delay      (SCD):    1.368ns
    Clock Pessimism Removal (CPR):    0.108ns

    Location             Delay type                Incr(ns)  Path(ns)    Netlist Resource(s)
  -------------------------------------------------------------------    -------------------
                         (clock clk_fpga_0 rise edge)
                                                      0.000     0.000 r  
    PS7_X0Y0             PS7                          0.000     0.000 r  design_1_i/processing_system7_0/inst/PS7_i/FCLKCLK[0]
                         net (fo=1, routed)           0.774     0.774    design_1_i/processing_system7_0/inst/FCLK_CLK_unbuffered[0]
    BUFGCTRL_X0Y16       BUFG (Prop_bufg_I_O)         0.026     0.800 r  design_1_i/processing_system7_0/inst/buffer_fclk_clk_0.FCLK_CLK_0_BUFG/O
                         net (fo=2030, routed)        0.569     1.368    design_1_i/axi_smc/inst/switchboards/i_nodes/i_w_node/inst/inst_mi_handler/gen_normal_area.inst_fifo_node_payld/gen_reg_fifo.inst_reg_fifo/s_sc_aclk
    SLICE_X10Y49         FDRE                                         r  design_1_i/axi_smc/inst/switchboards/i_nodes/i_w_node/inst/inst_mi_handler/gen_normal_area.inst_fifo_node_payld/gen_reg_fifo.inst_reg_fifo/gen_single_rank.data_reg[27]/C
  -------------------------------------------------------------------    -------------------
    SLICE_X10Y49         FDRE (Prop_fdre_C_Q)         0.164     1.532 r  design_1_i/axi_smc/inst/switchboards/i_nodes/i_w_node/inst/inst_mi_handler/gen_normal_area.inst_fifo_node_payld/gen_reg_fifo.inst_reg_fifo/gen_single_rank.data_reg[27]/Q
                         net (fo=10, routed)          0.218     1.750    design_1_i/logmapAXI_0/U0/logmapAXI_slave_lite_v1_0_S00_AXI_inst/s00_axi_wdata[7]
    SLICE_X10Y52         FDRE                                         r  design_1_i/logmapAXI_0/U0/logmapAXI_slave_lite_v1_0_S00_AXI_inst/slv_reg3_reg[7]/D
  -------------------------------------------------------------------    -------------------

                         (clock clk_fpga_0 rise edge)
                                                      0.000     0.000 r  
    PS7_X0Y0             PS7                          0.000     0.000 r  design_1_i/processing_system7_0/inst/PS7_i/FCLKCLK[0]
                         net (fo=1, routed)           0.879     0.879    design_1_i/processing_system7_0/inst/FCLK_CLK_unbuffered[0]
    BUFGCTRL_X0Y16       BUFG (Prop_bufg_I_O)         0.029     0.908 r  design_1_i/processing_system7_0/inst/buffer_fclk_clk_0.FCLK_CLK_0_BUFG/O
                         net (fo=2030, routed)        0.832     1.740    design_1_i/logmapAXI_0/U0/logmapAXI_slave_lite_v1_0_S00_AXI_inst/s00_axi_aclk
    SLICE_X10Y52         FDRE                                         r  design_1_i/logmapAXI_0/U0/logmapAXI_slave_lite_v1_0_S00_AXI_inst/slv_reg3_reg[7]/C
                         clock pessimism             -0.108     1.632    
    SLICE_X10Y52         FDRE (Hold_fdre_C_D)         0.052     1.684    design_1_i/logmapAXI_0/U0/logmapAXI_slave_lite_v1_0_S00_AXI_inst/slv_reg3_reg[7]
  -------------------------------------------------------------------
                         required time                         -1.684    
                         arrival time                           1.750    
  -------------------------------------------------------------------
                         slack                                  0.066    

Slack (MET) :             0.074ns  (arrival time - required time)
  Source:                 design_1_i/axi_smc/inst/switchboards/i_nodes/i_w_node/inst/inst_mi_handler/gen_normal_area.inst_fifo_node_payld/gen_reg_fifo.inst_reg_fifo/gen_single_rank.data_reg[79]/C
                            (rising edge-triggered cell FDRE clocked by clk_fpga_0  {rise@0.000ns fall@20.000ns period=40.000ns})
  Destination:            design_1_i/logmapAXI_0/U0/logmapAXI_slave_lite_v1_0_S00_AXI_inst/slv_reg5_reg[53]/D
                            (rising edge-triggered cell FDRE clocked by clk_fpga_0  {rise@0.000ns fall@20.000ns period=40.000ns})
  Path Group:             clk_fpga_0
  Path Type:              Hold (Min at Fast Process Corner)
  Requirement:            0.000ns  (clk_fpga_0 rise@0.000ns - clk_fpga_0 rise@0.000ns)
  Data Path Delay:        0.355ns  (logic 0.148ns (41.638%)  route 0.207ns (58.362%))
  Logic Levels:           0  
  Clock Path Skew:        0.262ns (DCD - SCD - CPR)
    Destination Clock Delay (DCD):    1.718ns
    Source Clock Delay      (SCD):    1.342ns
    Clock Pessimism Removal (CPR):    0.113ns

    Location             Delay type                Incr(ns)  Path(ns)    Netlist Resource(s)
  -------------------------------------------------------------------    -------------------
                         (clock clk_fpga_0 rise edge)
                                                      0.000     0.000 r  
    PS7_X0Y0             PS7                          0.000     0.000 r  design_1_i/processing_system7_0/inst/PS7_i/FCLKCLK[0]
                         net (fo=1, routed)           0.774     0.774    design_1_i/processing_system7_0/inst/FCLK_CLK_unbuffered[0]
    BUFGCTRL_X0Y16       BUFG (Prop_bufg_I_O)         0.026     0.800 r  design_1_i/processing_system7_0/inst/buffer_fclk_clk_0.FCLK_CLK_0_BUFG/O
                         net (fo=2030, routed)        0.543     1.342    design_1_i/axi_smc/inst/switchboards/i_nodes/i_w_node/inst/inst_mi_handler/gen_normal_area.inst_fifo_node_payld/gen_reg_fifo.inst_reg_fifo/s_sc_aclk
    SLICE_X20Y75         FDRE                                         r  design_1_i/axi_smc/inst/switchboards/i_nodes/i_w_node/inst/inst_mi_handler/gen_normal_area.inst_fifo_node_payld/gen_reg_fifo.inst_reg_fifo/gen_single_rank.data_reg[79]/C
  -------------------------------------------------------------------    -------------------
    SLICE_X20Y75         FDRE (Prop_fdre_C_Q)         0.148     1.490 r  design_1_i/axi_smc/inst/switchboards/i_nodes/i_w_node/inst/inst_mi_handler/gen_normal_area.inst_fifo_node_payld/gen_reg_fifo.inst_reg_fifo/gen_single_rank.data_reg[79]/Q
                         net (fo=10, routed)          0.207     1.698    design_1_i/logmapAXI_0/U0/logmapAXI_slave_lite_v1_0_S00_AXI_inst/s00_axi_wdata[53]
    SLICE_X22Y76         FDRE                                         r  design_1_i/logmapAXI_0/U0/logmapAXI_slave_lite_v1_0_S00_AXI_inst/slv_reg5_reg[53]/D
  -------------------------------------------------------------------    -------------------

                         (clock clk_fpga_0 rise edge)
                                                      0.000     0.000 r  
    PS7_X0Y0             PS7                          0.000     0.000 r  design_1_i/processing_system7_0/inst/PS7_i/FCLKCLK[0]
                         net (fo=1, routed)           0.879     0.879    design_1_i/processing_system7_0/inst/FCLK_CLK_unbuffered[0]
    BUFGCTRL_X0Y16       BUFG (Prop_bufg_I_O)         0.029     0.908 r  design_1_i/processing_system7_0/inst/buffer_fclk_clk_0.FCLK_CLK_0_BUFG/O
                         net (fo=2030, routed)        0.810     1.718    design_1_i/logmapAXI_0/U0/logmapAXI_slave_lite_v1_0_S00_AXI_inst/s00_axi_aclk
    SLICE_X22Y76         FDRE                                         r  design_1_i/logmapAXI_0/U0/logmapAXI_slave_lite_v1_0_S00_AXI_inst/slv_reg5_reg[53]/C
                         clock pessimism             -0.113     1.605    
    SLICE_X22Y76         FDRE (Hold_fdre_C_D)         0.019     1.624    design_1_i/logmapAXI_0/U0/logmapAXI_slave_lite_v1_0_S00_AXI_inst/slv_reg5_reg[53]
  -------------------------------------------------------------------
                         required time                         -1.624    
                         arrival time                           1.698    
  -------------------------------------------------------------------
                         slack                                  0.074    

Slack (MET) :             0.078ns  (arrival time - required time)
  Source:                 design_1_i/axi_smc/inst/s00_entry_pipeline/s00_mmu/inst/aw_reg_stall/skid_buffer_reg[1066]/C
                            (rising edge-triggered cell FDRE clocked by clk_fpga_0  {rise@0.000ns fall@20.000ns period=40.000ns})
  Destination:            design_1_i/axi_smc/inst/s00_entry_pipeline/s00_mmu/inst/aw_reg_stall/m_vector_i_reg[1066]/D
                            (rising edge-triggered cell FDRE clocked by clk_fpga_0  {rise@0.000ns fall@20.000ns period=40.000ns})
  Path Group:             clk_fpga_0
  Path Type:              Hold (Min at Fast Process Corner)
  Requirement:            0.000ns  (clk_fpga_0 rise@0.000ns - clk_fpga_0 rise@0.000ns)
  Data Path Delay:        0.462ns  (logic 0.209ns (45.198%)  route 0.253ns (54.802%))
  Logic Levels:           1  (LUT3=1)
  Clock Path Skew:        0.263ns (DCD - SCD - CPR)
    Destination Clock Delay (DCD):    1.757ns
    Source Clock Delay      (SCD):    1.385ns
    Clock Pessimism Removal (CPR):    0.108ns

    Location             Delay type                Incr(ns)  Path(ns)    Netlist Resource(s)
  -------------------------------------------------------------------    -------------------
                         (clock clk_fpga_0 rise edge)
                                                      0.000     0.000 r  
    PS7_X0Y0             PS7                          0.000     0.000 r  design_1_i/processing_system7_0/inst/PS7_i/FCLKCLK[0]
                         net (fo=1, routed)           0.774     0.774    design_1_i/processing_system7_0/inst/FCLK_CLK_unbuffered[0]
    BUFGCTRL_X0Y16       BUFG (Prop_bufg_I_O)         0.026     0.800 r  design_1_i/processing_system7_0/inst/buffer_fclk_clk_0.FCLK_CLK_0_BUFG/O
                         net (fo=2030, routed)        0.586     1.385    design_1_i/axi_smc/inst/s00_entry_pipeline/s00_mmu/inst/aw_reg_stall/aclk
    SLICE_X0Y49          FDRE                                         r  design_1_i/axi_smc/inst/s00_entry_pipeline/s00_mmu/inst/aw_reg_stall/skid_buffer_reg[1066]/C
  -------------------------------------------------------------------    -------------------
    SLICE_X0Y49          FDRE (Prop_fdre_C_Q)         0.164     1.549 r  design_1_i/axi_smc/inst/s00_entry_pipeline/s00_mmu/inst/aw_reg_stall/skid_buffer_reg[1066]/Q
                         net (fo=1, routed)           0.253     1.803    design_1_i/axi_smc/inst/s00_entry_pipeline/s00_mmu/inst/aw_reg_stall/skid_buffer_reg_n_0_[1066]
    SLICE_X0Y50          LUT3 (Prop_lut3_I0_O)        0.045     1.848 r  design_1_i/axi_smc/inst/s00_entry_pipeline/s00_mmu/inst/aw_reg_stall/m_vector_i[1066]_i_1/O
                         net (fo=1, routed)           0.000     1.848    design_1_i/axi_smc/inst/s00_entry_pipeline/s00_mmu/inst/aw_reg_stall/m_vector_i[1066]_i_1_n_0
    SLICE_X0Y50          FDRE                                         r  design_1_i/axi_smc/inst/s00_entry_pipeline/s00_mmu/inst/aw_reg_stall/m_vector_i_reg[1066]/D
  -------------------------------------------------------------------    -------------------

                         (clock clk_fpga_0 rise edge)
                                                      0.000     0.000 r  
    PS7_X0Y0             PS7                          0.000     0.000 r  design_1_i/processing_system7_0/inst/PS7_i/FCLKCLK[0]
                         net (fo=1, routed)           0.879     0.879    design_1_i/processing_system7_0/inst/FCLK_CLK_unbuffered[0]
    BUFGCTRL_X0Y16       BUFG (Prop_bufg_I_O)         0.029     0.908 r  design_1_i/processing_system7_0/inst/buffer_fclk_clk_0.FCLK_CLK_0_BUFG/O
                         net (fo=2030, routed)        0.849     1.757    design_1_i/axi_smc/inst/s00_entry_pipeline/s00_mmu/inst/aw_reg_stall/aclk
    SLICE_X0Y50          FDRE                                         r  design_1_i/axi_smc/inst/s00_entry_pipeline/s00_mmu/inst/aw_reg_stall/m_vector_i_reg[1066]/C
                         clock pessimism             -0.108     1.649    
    SLICE_X0Y50          FDRE (Hold_fdre_C_D)         0.121     1.770    design_1_i/axi_smc/inst/s00_entry_pipeline/s00_mmu/inst/aw_reg_stall/m_vector_i_reg[1066]
  -------------------------------------------------------------------
                         required time                         -1.770    
                         arrival time                           1.848    
  -------------------------------------------------------------------
                         slack                                  0.078    

Slack (MET) :             0.083ns  (arrival time - required time)
  Source:                 design_1_i/axi_smc/inst/switchboards/i_nodes/i_w_node/inst/inst_mi_handler/gen_normal_area.inst_fifo_node_payld/gen_reg_fifo.inst_reg_fifo/gen_single_rank.data_reg[33]/C
                            (rising edge-triggered cell FDRE clocked by clk_fpga_0  {rise@0.000ns fall@20.000ns period=40.000ns})
  Destination:            design_1_i/logmapAXI_0/U0/logmapAXI_slave_lite_v1_0_S00_AXI_inst/slv_reg5_reg[12]/D
                            (rising edge-triggered cell FDRE clocked by clk_fpga_0  {rise@0.000ns fall@20.000ns period=40.000ns})
  Path Group:             clk_fpga_0
  Path Type:              Hold (Min at Fast Process Corner)
  Requirement:            0.000ns  (clk_fpga_0 rise@0.000ns - clk_fpga_0 rise@0.000ns)
  Data Path Delay:        0.406ns  (logic 0.164ns (40.409%)  route 0.242ns (59.591%))
  Logic Levels:           0  
  Clock Path Skew:        0.263ns (DCD - SCD - CPR)
    Destination Clock Delay (DCD):    1.740ns
    Source Clock Delay      (SCD):    1.368ns
    Clock Pessimism Removal (CPR):    0.108ns

    Location             Delay type                Incr(ns)  Path(ns)    Netlist Resource(s)
  -------------------------------------------------------------------    -------------------
                         (clock clk_fpga_0 rise edge)
                                                      0.000     0.000 r  
    PS7_X0Y0             PS7                          0.000     0.000 r  design_1_i/processing_system7_0/inst/PS7_i/FCLKCLK[0]
                         net (fo=1, routed)           0.774     0.774    design_1_i/processing_system7_0/inst/FCLK_CLK_unbuffered[0]
    BUFGCTRL_X0Y16       BUFG (Prop_bufg_I_O)         0.026     0.800 r  design_1_i/processing_system7_0/inst/buffer_fclk_clk_0.FCLK_CLK_0_BUFG/O
                         net (fo=2030, routed)        0.569     1.368    design_1_i/axi_smc/inst/switchboards/i_nodes/i_w_node/inst/inst_mi_handler/gen_normal_area.inst_fifo_node_payld/gen_reg_fifo.inst_reg_fifo/s_sc_aclk
    SLICE_X8Y49          FDRE                                         r  design_1_i/axi_smc/inst/switchboards/i_nodes/i_w_node/inst/inst_mi_handler/gen_normal_area.inst_fifo_node_payld/gen_reg_fifo.inst_reg_fifo/gen_single_rank.data_reg[33]/C
  -------------------------------------------------------------------    -------------------
    SLICE_X8Y49          FDRE (Prop_fdre_C_Q)         0.164     1.532 r  design_1_i/axi_smc/inst/switchboards/i_nodes/i_w_node/inst/inst_mi_handler/gen_normal_area.inst_fifo_node_payld/gen_reg_fifo.inst_reg_fifo/gen_single_rank.data_reg[33]/Q
                         net (fo=10, routed)          0.242     1.774    design_1_i/logmapAXI_0/U0/logmapAXI_slave_lite_v1_0_S00_AXI_inst/s00_axi_wdata[12]
    SLICE_X10Y51         FDRE                                         r  design_1_i/logmapAXI_0/U0/logmapAXI_slave_lite_v1_0_S00_AXI_inst/slv_reg5_reg[12]/D
  -------------------------------------------------------------------    -------------------

                         (clock clk_fpga_0 rise edge)
                                                      0.000     0.000 r  
    PS7_X0Y0             PS7                          0.000     0.000 r  design_1_i/processing_system7_0/inst/PS7_i/FCLKCLK[0]
                         net (fo=1, routed)           0.879     0.879    design_1_i/processing_system7_0/inst/FCLK_CLK_unbuffered[0]
    BUFGCTRL_X0Y16       BUFG (Prop_bufg_I_O)         0.029     0.908 r  design_1_i/processing_system7_0/inst/buffer_fclk_clk_0.FCLK_CLK_0_BUFG/O
                         net (fo=2030, routed)        0.832     1.740    design_1_i/logmapAXI_0/U0/logmapAXI_slave_lite_v1_0_S00_AXI_inst/s00_axi_aclk
    SLICE_X10Y51         FDRE                                         r  design_1_i/logmapAXI_0/U0/logmapAXI_slave_lite_v1_0_S00_AXI_inst/slv_reg5_reg[12]/C
                         clock pessimism             -0.108     1.632    
    SLICE_X10Y51         FDRE (Hold_fdre_C_D)         0.059     1.691    design_1_i/logmapAXI_0/U0/logmapAXI_slave_lite_v1_0_S00_AXI_inst/slv_reg5_reg[12]
  -------------------------------------------------------------------
                         required time                         -1.691    
                         arrival time                           1.774    
  -------------------------------------------------------------------
                         slack                                  0.083    





Pulse Width Checks
--------------------------------------------------------------------------------------
Clock Name:         clk_fpga_0
Waveform(ns):       { 0.000 20.000 }
Period(ns):         40.000
Sources:            { design_1_i/processing_system7_0/inst/PS7_i/FCLKCLK[0] }

Check Type        Corner  Lib Pin      Reference Pin  Required(ns)  Actual(ns)  Slack(ns)  Location        Pin
Min Period        n/a     BUFG/I       n/a            2.155         40.000      37.845     BUFGCTRL_X0Y16  design_1_i/processing_system7_0/inst/buffer_fclk_clk_0.FCLK_CLK_0_BUFG/I
Min Period        n/a     FDRE/C       n/a            1.000         40.000      39.000     SLICE_X26Y85    design_1_i/axi_smc/inst/clk_map/psr_aclk/U0/ACTIVE_LOW_BSR_OUT_DFF[0].FDRE_BSR_N/C
Min Period        n/a     FDRE/C       n/a            1.000         40.000      39.000     SLICE_X30Y81    design_1_i/axi_smc/inst/clk_map/psr_aclk/U0/EXT_LPF/EXT_LPF[1].exr_lpf_reg[1]/C
Min Period        n/a     FDRE/C       n/a            1.000         40.000      39.000     SLICE_X30Y81    design_1_i/axi_smc/inst/clk_map/psr_aclk/U0/EXT_LPF/EXT_LPF[2].exr_lpf_reg[2]/C
Min Period        n/a     FDRE/C       n/a            1.000         40.000      39.000     SLICE_X30Y81    design_1_i/axi_smc/inst/clk_map/psr_aclk/U0/EXT_LPF/EXT_LPF[3].exr_lpf_reg[3]/C
Min Period        n/a     FDRE/C       n/a            1.000         40.000      39.000     SLICE_X31Y82    design_1_i/axi_smc/inst/clk_map/psr_aclk/U0/EXT_LPF/lpf_asr_reg/C
Min Period        n/a     FDRE/C       n/a            1.000         40.000      39.000     SLICE_X31Y81    design_1_i/axi_smc/inst/clk_map/psr_aclk/U0/EXT_LPF/lpf_exr_reg/C
Min Period        n/a     FDRE/C       n/a            1.000         40.000      39.000     SLICE_X31Y82    design_1_i/axi_smc/inst/clk_map/psr_aclk/U0/EXT_LPF/lpf_int_reg/C
Min Period        n/a     FDRE/C       n/a            1.000         40.000      39.000     SLICE_X31Y82    design_1_i/axi_smc/inst/clk_map/psr_aclk/U0/EXT_LPF/ACTIVE_LOW_AUX.ACT_LO_AUX/syncstages_ff_reg[0]/C
Min Period        n/a     FDRE/C       n/a            1.000         40.000      39.000     SLICE_X31Y82    design_1_i/axi_smc/inst/clk_map/psr_aclk/U0/EXT_LPF/ACTIVE_LOW_AUX.ACT_LO_AUX/syncstages_ff_reg[1]/C
Low Pulse Width   Slow    SRL16E/CLK   n/a            0.980         20.000      19.020     SLICE_X30Y82    design_1_i/axi_smc/inst/clk_map/psr_aclk/U0/EXT_LPF/POR_SRL_I/CLK
Low Pulse Width   Fast    SRL16E/CLK   n/a            0.980         20.000      19.020     SLICE_X30Y82    design_1_i/axi_smc/inst/clk_map/psr_aclk/U0/EXT_LPF/POR_SRL_I/CLK
Low Pulse Width   Slow    SRLC32E/CLK  n/a            0.980         20.000      19.020     SLICE_X8Y65     design_1_i/axi_smc/inst/s00_entry_pipeline/s00_si_converter/inst/converter.low_area_converter.low_area_wrap_inst/w_resp_fifo/gen_srls[1].srl_nx1/shift_reg_reg[0]_srl32/CLK
Low Pulse Width   Fast    SRLC32E/CLK  n/a            0.980         20.000      19.020     SLICE_X8Y65     design_1_i/axi_smc/inst/s00_entry_pipeline/s00_si_converter/inst/converter.low_area_converter.low_area_wrap_inst/w_resp_fifo/gen_srls[1].srl_nx1/shift_reg_reg[0]_srl32/CLK
Low Pulse Width   Slow    SRLC32E/CLK  n/a            0.980         20.000      19.020     SLICE_X8Y67     design_1_i/axi_smc/inst/s00_entry_pipeline/s00_si_converter/inst/converter.low_area_converter.low_area_wrap_inst/w_resp_fifo/gen_srls[2].srl_nx1/shift_reg_reg[0]_srl32/CLK
Low Pulse Width   Fast    SRLC32E/CLK  n/a            0.980         20.000      19.020     SLICE_X8Y67     design_1_i/axi_smc/inst/s00_entry_pipeline/s00_si_converter/inst/converter.low_area_converter.low_area_wrap_inst/w_resp_fifo/gen_srls[2].srl_nx1/shift_reg_reg[0]_srl32/CLK
Low Pulse Width   Slow    SRLC32E/CLK  n/a            0.980         20.000      19.020     SLICE_X8Y68     design_1_i/axi_smc/inst/s00_entry_pipeline/s00_si_converter/inst/converter.low_area_converter.low_area_wrap_inst/w_resp_fifo/gen_srls[3].srl_nx1/shift_reg_reg[0]_srl32/CLK
Low Pulse Width   Fast    SRLC32E/CLK  n/a            0.980         20.000      19.020     SLICE_X8Y68     design_1_i/axi_smc/inst/s00_entry_pipeline/s00_si_converter/inst/converter.low_area_converter.low_area_wrap_inst/w_resp_fifo/gen_srls[3].srl_nx1/shift_reg_reg[0]_srl32/CLK
Low Pulse Width   Slow    SRLC32E/CLK  n/a            0.980         20.000      19.020     SLICE_X8Y65     design_1_i/axi_smc/inst/s00_entry_pipeline/s00_si_converter/inst/converter.low_area_converter.low_area_wrap_inst/w_resp_fifo/gen_srls[4].srl_nx1/shift_reg_reg[0]_srl32/CLK
Low Pulse Width   Fast    SRLC32E/CLK  n/a            0.980         20.000      19.020     SLICE_X8Y65     design_1_i/axi_smc/inst/s00_entry_pipeline/s00_si_converter/inst/converter.low_area_converter.low_area_wrap_inst/w_resp_fifo/gen_srls[4].srl_nx1/shift_reg_reg[0]_srl32/CLK
High Pulse Width  Slow    SRL16E/CLK   n/a            0.980         20.000      19.020     SLICE_X30Y82    design_1_i/axi_smc/inst/clk_map/psr_aclk/U0/EXT_LPF/POR_SRL_I/CLK
High Pulse Width  Fast    SRL16E/CLK   n/a            0.980         20.000      19.020     SLICE_X30Y82    design_1_i/axi_smc/inst/clk_map/psr_aclk/U0/EXT_LPF/POR_SRL_I/CLK
High Pulse Width  Slow    SRLC32E/CLK  n/a            0.980         20.000      19.020     SLICE_X8Y65     design_1_i/axi_smc/inst/s00_entry_pipeline/s00_si_converter/inst/converter.low_area_converter.low_area_wrap_inst/w_resp_fifo/gen_srls[1].srl_nx1/shift_reg_reg[0]_srl32/CLK
High Pulse Width  Fast    SRLC32E/CLK  n/a            0.980         20.000      19.020     SLICE_X8Y65     design_1_i/axi_smc/inst/s00_entry_pipeline/s00_si_converter/inst/converter.low_area_converter.low_area_wrap_inst/w_resp_fifo/gen_srls[1].srl_nx1/shift_reg_reg[0]_srl32/CLK
High Pulse Width  Slow    SRLC32E/CLK  n/a            0.980         20.000      19.020     SLICE_X8Y67     design_1_i/axi_smc/inst/s00_entry_pipeline/s00_si_converter/inst/converter.low_area_converter.low_area_wrap_inst/w_resp_fifo/gen_srls[2].srl_nx1/shift_reg_reg[0]_srl32/CLK
High Pulse Width  Fast    SRLC32E/CLK  n/a            0.980         20.000      19.020     SLICE_X8Y67     design_1_i/axi_smc/inst/s00_entry_pipeline/s00_si_converter/inst/converter.low_area_converter.low_area_wrap_inst/w_resp_fifo/gen_srls[2].srl_nx1/shift_reg_reg[0]_srl32/CLK
High Pulse Width  Slow    SRLC32E/CLK  n/a            0.980         20.000      19.020     SLICE_X8Y68     design_1_i/axi_smc/inst/s00_entry_pipeline/s00_si_converter/inst/converter.low_area_converter.low_area_wrap_inst/w_resp_fifo/gen_srls[3].srl_nx1/shift_reg_reg[0]_srl32/CLK
High Pulse Width  Fast    SRLC32E/CLK  n/a            0.980         20.000      19.020     SLICE_X8Y68     design_1_i/axi_smc/inst/s00_entry_pipeline/s00_si_converter/inst/converter.low_area_converter.low_area_wrap_inst/w_resp_fifo/gen_srls[3].srl_nx1/shift_reg_reg[0]_srl32/CLK
High Pulse Width  Slow    SRLC32E/CLK  n/a            0.980         20.000      19.020     SLICE_X8Y65     design_1_i/axi_smc/inst/s00_entry_pipeline/s00_si_converter/inst/converter.low_area_converter.low_area_wrap_inst/w_resp_fifo/gen_srls[4].srl_nx1/shift_reg_reg[0]_srl32/CLK
High Pulse Width  Fast    SRLC32E/CLK  n/a            0.980         20.000      19.020     SLICE_X8Y65     design_1_i/axi_smc/inst/s00_entry_pipeline/s00_si_converter/inst/converter.low_area_converter.low_area_wrap_inst/w_resp_fifo/gen_srls[4].srl_nx1/shift_reg_reg[0]_srl32/CLK



--------------------------------------------------------------------------------------
Path Group:  (none)
From Clock:  
  To Clock:  clk_fpga_0

Max Delay             1 Endpoint
Min Delay             1 Endpoint
--------------------------------------------------------------------------------------


Max Delay Paths
--------------------------------------------------------------------------------------
Slack:                    inf
  Source:                 design_1_i/processing_system7_0/inst/PS7_i/FCLKRESETN[0]
                            (internal pin)
  Destination:            design_1_i/rst_ps7_0_50M/U0/EXT_LPF/ACTIVE_LOW_EXT.ACT_LO_EXT/syncstages_ff_reg[0]/D
                            (rising edge-triggered cell FDRE clocked by clk_fpga_0  {rise@0.000ns fall@20.000ns period=40.000ns})
  Path Group:             (none)
  Path Type:              Setup (Max at Slow Process Corner)
  Data Path Delay:        3.282ns  (logic 0.124ns (3.778%)  route 3.158ns (96.222%))
  Logic Levels:           1  (LUT1=1)
  Clock Uncertainty:      0.601ns  ((TSJ^2 + TIJ^2)^1/2 + DJ) / 2 + PE
    Total System Jitter     (TSJ):    0.050ns
    Total Input Jitter      (TIJ):    1.200ns
    Discrete Jitter          (DJ):    0.000ns
    Phase Error              (PE):    0.000ns
  Timing Exception:       False Path

    Location             Delay type                Incr(ns)  Path(ns)    Netlist Resource(s)
  -------------------------------------------------------------------    -------------------
    PS7_X0Y0             PS7                          0.000     0.000 f  design_1_i/processing_system7_0/inst/PS7_i/FCLKRESETN[0]
                         net (fo=1, routed)           3.158     3.158    design_1_i/rst_ps7_0_50M/U0/EXT_LPF/ext_reset_in
    SLICE_X34Y80         LUT1 (Prop_lut1_I0_O)        0.124     3.282 r  design_1_i/rst_ps7_0_50M/U0/EXT_LPF/ACTIVE_LOW_EXT.ACT_LO_EXT_i_1/O
                         net (fo=1, routed)           0.000     3.282    design_1_i/rst_ps7_0_50M/U0/EXT_LPF/ACTIVE_LOW_EXT.ACT_LO_EXT/src_in
    SLICE_X34Y80         FDRE                                         r  design_1_i/rst_ps7_0_50M/U0/EXT_LPF/ACTIVE_LOW_EXT.ACT_LO_EXT/syncstages_ff_reg[0]/D
  -------------------------------------------------------------------    -------------------

                         (clock clk_fpga_0 rise edge)
                                                      0.000     0.000 r  
    PS7_X0Y0             PS7                          0.000     0.000 r  design_1_i/processing_system7_0/inst/PS7_i/FCLKCLK[0]
                         net (fo=1, routed)           1.605     1.605    design_1_i/processing_system7_0/inst/FCLK_CLK_unbuffered[0]
    BUFGCTRL_X0Y16       BUFG (Prop_bufg_I_O)         0.091     1.696 r  design_1_i/processing_system7_0/inst/buffer_fclk_clk_0.FCLK_CLK_0_BUFG/O
                         net (fo=2030, routed)        1.476     3.171    design_1_i/rst_ps7_0_50M/U0/EXT_LPF/ACTIVE_LOW_EXT.ACT_LO_EXT/dest_clk
    SLICE_X34Y80         FDRE                                         r  design_1_i/rst_ps7_0_50M/U0/EXT_LPF/ACTIVE_LOW_EXT.ACT_LO_EXT/syncstages_ff_reg[0]/C





Min Delay Paths
--------------------------------------------------------------------------------------
Slack:                    inf
  Source:                 design_1_i/processing_system7_0/inst/PS7_i/FCLKRESETN[0]
                            (internal pin)
  Destination:            design_1_i/rst_ps7_0_50M/U0/EXT_LPF/ACTIVE_LOW_EXT.ACT_LO_EXT/syncstages_ff_reg[0]/D
                            (rising edge-triggered cell FDRE clocked by clk_fpga_0  {rise@0.000ns fall@20.000ns period=40.000ns})
  Path Group:             (none)
  Path Type:              Hold (Min at Fast Process Corner)
  Data Path Delay:        1.437ns  (logic 0.045ns (3.131%)  route 1.392ns (96.869%))
  Logic Levels:           1  (LUT1=1)
  Clock Uncertainty:      0.601ns  ((TSJ^2 + TIJ^2)^1/2 + DJ) / 2 + PE
    Total System Jitter     (TSJ):    0.050ns
    Total Input Jitter      (TIJ):    1.200ns
    Discrete Jitter          (DJ):    0.000ns
    Phase Error              (PE):    0.000ns
  Timing Exception:       False Path

    Location             Delay type                Incr(ns)  Path(ns)    Netlist Resource(s)
  -------------------------------------------------------------------    -------------------
    PS7_X0Y0             PS7                          0.000     0.000 f  design_1_i/processing_system7_0/inst/PS7_i/FCLKRESETN[0]
                         net (fo=1, routed)           1.392     1.392    design_1_i/rst_ps7_0_50M/U0/EXT_LPF/ext_reset_in
    SLICE_X34Y80         LUT1 (Prop_lut1_I0_O)        0.045     1.437 r  design_1_i/rst_ps7_0_50M/U0/EXT_LPF/ACTIVE_LOW_EXT.ACT_LO_EXT_i_1/O
                         net (fo=1, routed)           0.000     1.437    design_1_i/rst_ps7_0_50M/U0/EXT_LPF/ACTIVE_LOW_EXT.ACT_LO_EXT/src_in
    SLICE_X34Y80         FDRE                                         r  design_1_i/rst_ps7_0_50M/U0/EXT_LPF/ACTIVE_LOW_EXT.ACT_LO_EXT/syncstages_ff_reg[0]/D
  -------------------------------------------------------------------    -------------------

                         (clock clk_fpga_0 rise edge)
                                                      0.000     0.000 r  
    PS7_X0Y0             PS7                          0.000     0.000 r  design_1_i/processing_system7_0/inst/PS7_i/FCLKCLK[0]
                         net (fo=1, routed)           0.879     0.879    design_1_i/processing_system7_0/inst/FCLK_CLK_unbuffered[0]
    BUFGCTRL_X0Y16       BUFG (Prop_bufg_I_O)         0.029     0.908 r  design_1_i/processing_system7_0/inst/buffer_fclk_clk_0.FCLK_CLK_0_BUFG/O
                         net (fo=2030, routed)        0.819     1.727    design_1_i/rst_ps7_0_50M/U0/EXT_LPF/ACTIVE_LOW_EXT.ACT_LO_EXT/dest_clk
    SLICE_X34Y80         FDRE                                         r  design_1_i/rst_ps7_0_50M/U0/EXT_LPF/ACTIVE_LOW_EXT.ACT_LO_EXT/syncstages_ff_reg[0]/C





--------------------------------------------------------------------------------------
Path Group:  (none)
From Clock:  clk_fpga_0
  To Clock:  clk_fpga_0

Max Delay            76 Endpoints
Min Delay            76 Endpoints
--------------------------------------------------------------------------------------


Max Delay Paths
--------------------------------------------------------------------------------------
Slack:                    inf
  Source:                 design_1_i/axi_smc/inst/clk_map/psr_aclk/U0/ACTIVE_LOW_BSR_OUT_DFF[0].FDRE_BSR_N/C
                            (rising edge-triggered cell FDRE clocked by clk_fpga_0  {rise@0.000ns fall@20.000ns period=40.000ns})
  Destination:            design_1_i/axi_smc/inst/s00_entry_pipeline/s00_mmu/inst/xpm_cdc_async_rst_inst/arststages_ff_reg[0]/CLR
                            (recovery check against rising-edge clock clk_fpga_0  {rise@0.000ns fall@20.000ns period=40.000ns})
  Path Group:             (none)
  Path Type:              Recovery (Max at Slow Process Corner)
  Data Path Delay:        4.459ns  (logic 0.580ns (13.008%)  route 3.879ns (86.992%))
  Logic Levels:           1  (LUT1=1)
  Clock Path Skew:        -0.385ns (DCD - SCD + CPR)
    Destination Clock Delay (DCD):    3.229ns
    Source Clock Delay      (SCD):    3.615ns
    Clock Pessimism Removal (CPR):    0.000ns
  Clock Uncertainty:      0.601ns  ((TSJ^2 + TIJ^2)^1/2 + DJ) / 2 + PE
    Total System Jitter     (TSJ):    0.071ns
    Total Input Jitter      (TIJ):    1.200ns
    Discrete Jitter          (DJ):    0.000ns
    Phase Error              (PE):    0.000ns
  Timing Exception:       False Path

    Location             Delay type                Incr(ns)  Path(ns)    Netlist Resource(s)
  -------------------------------------------------------------------    -------------------
                         (clock clk_fpga_0 rise edge)
                                                      0.000     0.000 r  
    PS7_X0Y0             PS7                          0.000     0.000 r  design_1_i/processing_system7_0/inst/PS7_i/FCLKCLK[0]
                         net (fo=1, routed)           1.860     1.860    design_1_i/processing_system7_0/inst/FCLK_CLK_unbuffered[0]
    BUFGCTRL_X0Y16       BUFG (Prop_bufg_I_O)         0.101     1.961 r  design_1_i/processing_system7_0/inst/buffer_fclk_clk_0.FCLK_CLK_0_BUFG/O
                         net (fo=2030, routed)        1.654     3.615    design_1_i/axi_smc/inst/clk_map/psr_aclk/U0/aclk
    SLICE_X26Y85         FDRE                                         r  design_1_i/axi_smc/inst/clk_map/psr_aclk/U0/ACTIVE_LOW_BSR_OUT_DFF[0].FDRE_BSR_N/C
  -------------------------------------------------------------------    -------------------
    SLICE_X26Y85         FDRE (Prop_fdre_C_Q)         0.456     4.071 r  design_1_i/axi_smc/inst/clk_map/psr_aclk/U0/ACTIVE_LOW_BSR_OUT_DFF[0].FDRE_BSR_N/Q
                         net (fo=25, routed)          3.208     7.278    design_1_i/axi_smc/inst/s00_entry_pipeline/s00_mmu/inst/xpm_cdc_async_rst_inst/src_arst
    SLICE_X1Y61          LUT1 (Prop_lut1_I0_O)        0.124     7.402 f  design_1_i/axi_smc/inst/s00_entry_pipeline/s00_mmu/inst/xpm_cdc_async_rst_inst/arststages_ff[2]_i_1/O
                         net (fo=3, routed)           0.671     8.073    design_1_i/axi_smc/inst/s00_entry_pipeline/s00_mmu/inst/xpm_cdc_async_rst_inst/reset_pol
    SLICE_X1Y56          FDCE                                         f  design_1_i/axi_smc/inst/s00_entry_pipeline/s00_mmu/inst/xpm_cdc_async_rst_inst/arststages_ff_reg[0]/CLR
  -------------------------------------------------------------------    -------------------

                         (clock clk_fpga_0 rise edge)
                                                      0.000     0.000 r  
    PS7_X0Y0             PS7                          0.000     0.000 r  design_1_i/processing_system7_0/inst/PS7_i/FCLKCLK[0]
                         net (fo=1, routed)           1.605     1.605    design_1_i/processing_system7_0/inst/FCLK_CLK_unbuffered[0]
    BUFGCTRL_X0Y16       BUFG (Prop_bufg_I_O)         0.091     1.696 r  design_1_i/processing_system7_0/inst/buffer_fclk_clk_0.FCLK_CLK_0_BUFG/O
                         net (fo=2030, routed)        1.534     3.229    design_1_i/axi_smc/inst/s00_entry_pipeline/s00_mmu/inst/xpm_cdc_async_rst_inst/dest_clk
    SLICE_X1Y56          FDCE                                         r  design_1_i/axi_smc/inst/s00_entry_pipeline/s00_mmu/inst/xpm_cdc_async_rst_inst/arststages_ff_reg[0]/C

Slack:                    inf
  Source:                 design_1_i/axi_smc/inst/clk_map/psr_aclk/U0/ACTIVE_LOW_BSR_OUT_DFF[0].FDRE_BSR_N/C
                            (rising edge-triggered cell FDRE clocked by clk_fpga_0  {rise@0.000ns fall@20.000ns period=40.000ns})
  Destination:            design_1_i/axi_smc/inst/s00_entry_pipeline/s00_mmu/inst/xpm_cdc_async_rst_inst/arststages_ff_reg[1]/CLR
                            (recovery check against rising-edge clock clk_fpga_0  {rise@0.000ns fall@20.000ns period=40.000ns})
  Path Group:             (none)
  Path Type:              Recovery (Max at Slow Process Corner)
  Data Path Delay:        4.459ns  (logic 0.580ns (13.008%)  route 3.879ns (86.992%))
  Logic Levels:           1  (LUT1=1)
  Clock Path Skew:        -0.385ns (DCD - SCD + CPR)
    Destination Clock Delay (DCD):    3.229ns
    Source Clock Delay      (SCD):    3.615ns
    Clock Pessimism Removal (CPR):    0.000ns
  Clock Uncertainty:      0.601ns  ((TSJ^2 + TIJ^2)^1/2 + DJ) / 2 + PE
    Total System Jitter     (TSJ):    0.071ns
    Total Input Jitter      (TIJ):    1.200ns
    Discrete Jitter          (DJ):    0.000ns
    Phase Error              (PE):    0.000ns
  Timing Exception:       False Path

    Location             Delay type                Incr(ns)  Path(ns)    Netlist Resource(s)
  -------------------------------------------------------------------    -------------------
                         (clock clk_fpga_0 rise edge)
                                                      0.000     0.000 r  
    PS7_X0Y0             PS7                          0.000     0.000 r  design_1_i/processing_system7_0/inst/PS7_i/FCLKCLK[0]
                         net (fo=1, routed)           1.860     1.860    design_1_i/processing_system7_0/inst/FCLK_CLK_unbuffered[0]
    BUFGCTRL_X0Y16       BUFG (Prop_bufg_I_O)         0.101     1.961 r  design_1_i/processing_system7_0/inst/buffer_fclk_clk_0.FCLK_CLK_0_BUFG/O
                         net (fo=2030, routed)        1.654     3.615    design_1_i/axi_smc/inst/clk_map/psr_aclk/U0/aclk
    SLICE_X26Y85         FDRE                                         r  design_1_i/axi_smc/inst/clk_map/psr_aclk/U0/ACTIVE_LOW_BSR_OUT_DFF[0].FDRE_BSR_N/C
  -------------------------------------------------------------------    -------------------
    SLICE_X26Y85         FDRE (Prop_fdre_C_Q)         0.456     4.071 r  design_1_i/axi_smc/inst/clk_map/psr_aclk/U0/ACTIVE_LOW_BSR_OUT_DFF[0].FDRE_BSR_N/Q
                         net (fo=25, routed)          3.208     7.278    design_1_i/axi_smc/inst/s00_entry_pipeline/s00_mmu/inst/xpm_cdc_async_rst_inst/src_arst
    SLICE_X1Y61          LUT1 (Prop_lut1_I0_O)        0.124     7.402 f  design_1_i/axi_smc/inst/s00_entry_pipeline/s00_mmu/inst/xpm_cdc_async_rst_inst/arststages_ff[2]_i_1/O
                         net (fo=3, routed)           0.671     8.073    design_1_i/axi_smc/inst/s00_entry_pipeline/s00_mmu/inst/xpm_cdc_async_rst_inst/reset_pol
    SLICE_X1Y56          FDCE                                         f  design_1_i/axi_smc/inst/s00_entry_pipeline/s00_mmu/inst/xpm_cdc_async_rst_inst/arststages_ff_reg[1]/CLR
  -------------------------------------------------------------------    -------------------

                         (clock clk_fpga_0 rise edge)
                                                      0.000     0.000 r  
    PS7_X0Y0             PS7                          0.000     0.000 r  design_1_i/processing_system7_0/inst/PS7_i/FCLKCLK[0]
                         net (fo=1, routed)           1.605     1.605    design_1_i/processing_system7_0/inst/FCLK_CLK_unbuffered[0]
    BUFGCTRL_X0Y16       BUFG (Prop_bufg_I_O)         0.091     1.696 r  design_1_i/processing_system7_0/inst/buffer_fclk_clk_0.FCLK_CLK_0_BUFG/O
                         net (fo=2030, routed)        1.534     3.229    design_1_i/axi_smc/inst/s00_entry_pipeline/s00_mmu/inst/xpm_cdc_async_rst_inst/dest_clk
    SLICE_X1Y56          FDCE                                         r  design_1_i/axi_smc/inst/s00_entry_pipeline/s00_mmu/inst/xpm_cdc_async_rst_inst/arststages_ff_reg[1]/C

Slack:                    inf
  Source:                 design_1_i/axi_smc/inst/clk_map/psr_aclk/U0/ACTIVE_LOW_BSR_OUT_DFF[0].FDRE_BSR_N/C
                            (rising edge-triggered cell FDRE clocked by clk_fpga_0  {rise@0.000ns fall@20.000ns period=40.000ns})
  Destination:            design_1_i/axi_smc/inst/s00_entry_pipeline/s00_mmu/inst/xpm_cdc_async_rst_inst/arststages_ff_reg[2]/CLR
                            (recovery check against rising-edge clock clk_fpga_0  {rise@0.000ns fall@20.000ns period=40.000ns})
  Path Group:             (none)
  Path Type:              Recovery (Max at Slow Process Corner)
  Data Path Delay:        4.459ns  (logic 0.580ns (13.008%)  route 3.879ns (86.992%))
  Logic Levels:           1  (LUT1=1)
  Clock Path Skew:        -0.385ns (DCD - SCD + CPR)
    Destination Clock Delay (DCD):    3.229ns
    Source Clock Delay      (SCD):    3.615ns
    Clock Pessimism Removal (CPR):    0.000ns
  Clock Uncertainty:      0.601ns  ((TSJ^2 + TIJ^2)^1/2 + DJ) / 2 + PE
    Total System Jitter     (TSJ):    0.071ns
    Total Input Jitter      (TIJ):    1.200ns
    Discrete Jitter          (DJ):    0.000ns
    Phase Error              (PE):    0.000ns
  Timing Exception:       False Path

    Location             Delay type                Incr(ns)  Path(ns)    Netlist Resource(s)
  -------------------------------------------------------------------    -------------------
                         (clock clk_fpga_0 rise edge)
                                                      0.000     0.000 r  
    PS7_X0Y0             PS7                          0.000     0.000 r  design_1_i/processing_system7_0/inst/PS7_i/FCLKCLK[0]
                         net (fo=1, routed)           1.860     1.860    design_1_i/processing_system7_0/inst/FCLK_CLK_unbuffered[0]
    BUFGCTRL_X0Y16       BUFG (Prop_bufg_I_O)         0.101     1.961 r  design_1_i/processing_system7_0/inst/buffer_fclk_clk_0.FCLK_CLK_0_BUFG/O
                         net (fo=2030, routed)        1.654     3.615    design_1_i/axi_smc/inst/clk_map/psr_aclk/U0/aclk
    SLICE_X26Y85         FDRE                                         r  design_1_i/axi_smc/inst/clk_map/psr_aclk/U0/ACTIVE_LOW_BSR_OUT_DFF[0].FDRE_BSR_N/C
  -------------------------------------------------------------------    -------------------
    SLICE_X26Y85         FDRE (Prop_fdre_C_Q)         0.456     4.071 r  design_1_i/axi_smc/inst/clk_map/psr_aclk/U0/ACTIVE_LOW_BSR_OUT_DFF[0].FDRE_BSR_N/Q
                         net (fo=25, routed)          3.208     7.278    design_1_i/axi_smc/inst/s00_entry_pipeline/s00_mmu/inst/xpm_cdc_async_rst_inst/src_arst
    SLICE_X1Y61          LUT1 (Prop_lut1_I0_O)        0.124     7.402 f  design_1_i/axi_smc/inst/s00_entry_pipeline/s00_mmu/inst/xpm_cdc_async_rst_inst/arststages_ff[2]_i_1/O
                         net (fo=3, routed)           0.671     8.073    design_1_i/axi_smc/inst/s00_entry_pipeline/s00_mmu/inst/xpm_cdc_async_rst_inst/reset_pol
    SLICE_X1Y56          FDCE                                         f  design_1_i/axi_smc/inst/s00_entry_pipeline/s00_mmu/inst/xpm_cdc_async_rst_inst/arststages_ff_reg[2]/CLR
  -------------------------------------------------------------------    -------------------

                         (clock clk_fpga_0 rise edge)
                                                      0.000     0.000 r  
    PS7_X0Y0             PS7                          0.000     0.000 r  design_1_i/processing_system7_0/inst/PS7_i/FCLKCLK[0]
                         net (fo=1, routed)           1.605     1.605    design_1_i/processing_system7_0/inst/FCLK_CLK_unbuffered[0]
    BUFGCTRL_X0Y16       BUFG (Prop_bufg_I_O)         0.091     1.696 r  design_1_i/processing_system7_0/inst/buffer_fclk_clk_0.FCLK_CLK_0_BUFG/O
                         net (fo=2030, routed)        1.534     3.229    design_1_i/axi_smc/inst/s00_entry_pipeline/s00_mmu/inst/xpm_cdc_async_rst_inst/dest_clk
    SLICE_X1Y56          FDCE                                         r  design_1_i/axi_smc/inst/s00_entry_pipeline/s00_mmu/inst/xpm_cdc_async_rst_inst/arststages_ff_reg[2]/C

Slack:                    inf
  Source:                 design_1_i/axi_smc/inst/clk_map/psr_aclk/U0/ACTIVE_LOW_BSR_OUT_DFF[0].FDRE_BSR_N/C
                            (rising edge-triggered cell FDRE clocked by clk_fpga_0  {rise@0.000ns fall@20.000ns period=40.000ns})
  Destination:            design_1_i/axi_smc/inst/s00_entry_pipeline/s00_transaction_regulator/inst/xpm_cdc_async_rst_inst/arststages_ff_reg[0]/CLR
                            (recovery check against rising-edge clock clk_fpga_0  {rise@0.000ns fall@20.000ns period=40.000ns})
  Path Group:             (none)
  Path Type:              Recovery (Max at Slow Process Corner)
  Data Path Delay:        4.206ns  (logic 0.608ns (14.455%)  route 3.598ns (85.545%))
  Logic Levels:           1  (LUT1=1)
  Clock Path Skew:        -0.388ns (DCD - SCD + CPR)
    Destination Clock Delay (DCD):    3.226ns
    Source Clock Delay      (SCD):    3.615ns
    Clock Pessimism Removal (CPR):    0.000ns
  Clock Uncertainty:      0.601ns  ((TSJ^2 + TIJ^2)^1/2 + DJ) / 2 + PE
    Total System Jitter     (TSJ):    0.071ns
    Total Input Jitter      (TIJ):    1.200ns
    Discrete Jitter          (DJ):    0.000ns
    Phase Error              (PE):    0.000ns
  Timing Exception:       False Path

    Location             Delay type                Incr(ns)  Path(ns)    Netlist Resource(s)
  -------------------------------------------------------------------    -------------------
                         (clock clk_fpga_0 rise edge)
                                                      0.000     0.000 r  
    PS7_X0Y0             PS7                          0.000     0.000 r  design_1_i/processing_system7_0/inst/PS7_i/FCLKCLK[0]
                         net (fo=1, routed)           1.860     1.860    design_1_i/processing_system7_0/inst/FCLK_CLK_unbuffered[0]
    BUFGCTRL_X0Y16       BUFG (Prop_bufg_I_O)         0.101     1.961 r  design_1_i/processing_system7_0/inst/buffer_fclk_clk_0.FCLK_CLK_0_BUFG/O
                         net (fo=2030, routed)        1.654     3.615    design_1_i/axi_smc/inst/clk_map/psr_aclk/U0/aclk
    SLICE_X26Y85         FDRE                                         r  design_1_i/axi_smc/inst/clk_map/psr_aclk/U0/ACTIVE_LOW_BSR_OUT_DFF[0].FDRE_BSR_N/C
  -------------------------------------------------------------------    -------------------
    SLICE_X26Y85         FDRE (Prop_fdre_C_Q)         0.456     4.071 r  design_1_i/axi_smc/inst/clk_map/psr_aclk/U0/ACTIVE_LOW_BSR_OUT_DFF[0].FDRE_BSR_N/Q
                         net (fo=25, routed)          3.208     7.278    design_1_i/axi_smc/inst/s00_entry_pipeline/s00_transaction_regulator/inst/xpm_cdc_async_rst_inst/src_arst
    SLICE_X1Y61          LUT1 (Prop_lut1_I0_O)        0.152     7.430 f  design_1_i/axi_smc/inst/s00_entry_pipeline/s00_transaction_regulator/inst/xpm_cdc_async_rst_inst/arststages_ff[2]_i_1/O
                         net (fo=3, routed)           0.391     7.821    design_1_i/axi_smc/inst/s00_entry_pipeline/s00_transaction_regulator/inst/xpm_cdc_async_rst_inst/reset_pol
    SLICE_X0Y61          FDCE                                         f  design_1_i/axi_smc/inst/s00_entry_pipeline/s00_transaction_regulator/inst/xpm_cdc_async_rst_inst/arststages_ff_reg[0]/CLR
  -------------------------------------------------------------------    -------------------

                         (clock clk_fpga_0 rise edge)
                                                      0.000     0.000 r  
    PS7_X0Y0             PS7                          0.000     0.000 r  design_1_i/processing_system7_0/inst/PS7_i/FCLKCLK[0]
                         net (fo=1, routed)           1.605     1.605    design_1_i/processing_system7_0/inst/FCLK_CLK_unbuffered[0]
    BUFGCTRL_X0Y16       BUFG (Prop_bufg_I_O)         0.091     1.696 r  design_1_i/processing_system7_0/inst/buffer_fclk_clk_0.FCLK_CLK_0_BUFG/O
                         net (fo=2030, routed)        1.531     3.226    design_1_i/axi_smc/inst/s00_entry_pipeline/s00_transaction_regulator/inst/xpm_cdc_async_rst_inst/dest_clk
    SLICE_X0Y61          FDCE                                         r  design_1_i/axi_smc/inst/s00_entry_pipeline/s00_transaction_regulator/inst/xpm_cdc_async_rst_inst/arststages_ff_reg[0]/C

Slack:                    inf
  Source:                 design_1_i/axi_smc/inst/clk_map/psr_aclk/U0/ACTIVE_LOW_BSR_OUT_DFF[0].FDRE_BSR_N/C
                            (rising edge-triggered cell FDRE clocked by clk_fpga_0  {rise@0.000ns fall@20.000ns period=40.000ns})
  Destination:            design_1_i/axi_smc/inst/s00_entry_pipeline/s00_transaction_regulator/inst/xpm_cdc_async_rst_inst/arststages_ff_reg[1]/CLR
                            (recovery check against rising-edge clock clk_fpga_0  {rise@0.000ns fall@20.000ns period=40.000ns})
  Path Group:             (none)
  Path Type:              Recovery (Max at Slow Process Corner)
  Data Path Delay:        4.206ns  (logic 0.608ns (14.455%)  route 3.598ns (85.545%))
  Logic Levels:           1  (LUT1=1)
  Clock Path Skew:        -0.388ns (DCD - SCD + CPR)
    Destination Clock Delay (DCD):    3.226ns
    Source Clock Delay      (SCD):    3.615ns
    Clock Pessimism Removal (CPR):    0.000ns
  Clock Uncertainty:      0.601ns  ((TSJ^2 + TIJ^2)^1/2 + DJ) / 2 + PE
    Total System Jitter     (TSJ):    0.071ns
    Total Input Jitter      (TIJ):    1.200ns
    Discrete Jitter          (DJ):    0.000ns
    Phase Error              (PE):    0.000ns
  Timing Exception:       False Path

    Location             Delay type                Incr(ns)  Path(ns)    Netlist Resource(s)
  -------------------------------------------------------------------    -------------------
                         (clock clk_fpga_0 rise edge)
                                                      0.000     0.000 r  
    PS7_X0Y0             PS7                          0.000     0.000 r  design_1_i/processing_system7_0/inst/PS7_i/FCLKCLK[0]
                         net (fo=1, routed)           1.860     1.860    design_1_i/processing_system7_0/inst/FCLK_CLK_unbuffered[0]
    BUFGCTRL_X0Y16       BUFG (Prop_bufg_I_O)         0.101     1.961 r  design_1_i/processing_system7_0/inst/buffer_fclk_clk_0.FCLK_CLK_0_BUFG/O
                         net (fo=2030, routed)        1.654     3.615    design_1_i/axi_smc/inst/clk_map/psr_aclk/U0/aclk
    SLICE_X26Y85         FDRE                                         r  design_1_i/axi_smc/inst/clk_map/psr_aclk/U0/ACTIVE_LOW_BSR_OUT_DFF[0].FDRE_BSR_N/C
  -------------------------------------------------------------------    -------------------
    SLICE_X26Y85         FDRE (Prop_fdre_C_Q)         0.456     4.071 r  design_1_i/axi_smc/inst/clk_map/psr_aclk/U0/ACTIVE_LOW_BSR_OUT_DFF[0].FDRE_BSR_N/Q
                         net (fo=25, routed)          3.208     7.278    design_1_i/axi_smc/inst/s00_entry_pipeline/s00_transaction_regulator/inst/xpm_cdc_async_rst_inst/src_arst
    SLICE_X1Y61          LUT1 (Prop_lut1_I0_O)        0.152     7.430 f  design_1_i/axi_smc/inst/s00_entry_pipeline/s00_transaction_regulator/inst/xpm_cdc_async_rst_inst/arststages_ff[2]_i_1/O
                         net (fo=3, routed)           0.391     7.821    design_1_i/axi_smc/inst/s00_entry_pipeline/s00_transaction_regulator/inst/xpm_cdc_async_rst_inst/reset_pol
    SLICE_X0Y61          FDCE                                         f  design_1_i/axi_smc/inst/s00_entry_pipeline/s00_transaction_regulator/inst/xpm_cdc_async_rst_inst/arststages_ff_reg[1]/CLR
  -------------------------------------------------------------------    -------------------

                         (clock clk_fpga_0 rise edge)
                                                      0.000     0.000 r  
    PS7_X0Y0             PS7                          0.000     0.000 r  design_1_i/processing_system7_0/inst/PS7_i/FCLKCLK[0]
                         net (fo=1, routed)           1.605     1.605    design_1_i/processing_system7_0/inst/FCLK_CLK_unbuffered[0]
    BUFGCTRL_X0Y16       BUFG (Prop_bufg_I_O)         0.091     1.696 r  design_1_i/processing_system7_0/inst/buffer_fclk_clk_0.FCLK_CLK_0_BUFG/O
                         net (fo=2030, routed)        1.531     3.226    design_1_i/axi_smc/inst/s00_entry_pipeline/s00_transaction_regulator/inst/xpm_cdc_async_rst_inst/dest_clk
    SLICE_X0Y61          FDCE                                         r  design_1_i/axi_smc/inst/s00_entry_pipeline/s00_transaction_regulator/inst/xpm_cdc_async_rst_inst/arststages_ff_reg[1]/C

Slack:                    inf
  Source:                 design_1_i/axi_smc/inst/clk_map/psr_aclk/U0/ACTIVE_LOW_BSR_OUT_DFF[0].FDRE_BSR_N/C
                            (rising edge-triggered cell FDRE clocked by clk_fpga_0  {rise@0.000ns fall@20.000ns period=40.000ns})
  Destination:            design_1_i/axi_smc/inst/s00_entry_pipeline/s00_transaction_regulator/inst/xpm_cdc_async_rst_inst/arststages_ff_reg[2]/CLR
                            (recovery check against rising-edge clock clk_fpga_0  {rise@0.000ns fall@20.000ns period=40.000ns})
  Path Group:             (none)
  Path Type:              Recovery (Max at Slow Process Corner)
  Data Path Delay:        4.206ns  (logic 0.608ns (14.455%)  route 3.598ns (85.545%))
  Logic Levels:           1  (LUT1=1)
  Clock Path Skew:        -0.388ns (DCD - SCD + CPR)
    Destination Clock Delay (DCD):    3.226ns
    Source Clock Delay      (SCD):    3.615ns
    Clock Pessimism Removal (CPR):    0.000ns
  Clock Uncertainty:      0.601ns  ((TSJ^2 + TIJ^2)^1/2 + DJ) / 2 + PE
    Total System Jitter     (TSJ):    0.071ns
    Total Input Jitter      (TIJ):    1.200ns
    Discrete Jitter          (DJ):    0.000ns
    Phase Error              (PE):    0.000ns
  Timing Exception:       False Path

    Location             Delay type                Incr(ns)  Path(ns)    Netlist Resource(s)
  -------------------------------------------------------------------    -------------------
                         (clock clk_fpga_0 rise edge)
                                                      0.000     0.000 r  
    PS7_X0Y0             PS7                          0.000     0.000 r  design_1_i/processing_system7_0/inst/PS7_i/FCLKCLK[0]
                         net (fo=1, routed)           1.860     1.860    design_1_i/processing_system7_0/inst/FCLK_CLK_unbuffered[0]
    BUFGCTRL_X0Y16       BUFG (Prop_bufg_I_O)         0.101     1.961 r  design_1_i/processing_system7_0/inst/buffer_fclk_clk_0.FCLK_CLK_0_BUFG/O
                         net (fo=2030, routed)        1.654     3.615    design_1_i/axi_smc/inst/clk_map/psr_aclk/U0/aclk
    SLICE_X26Y85         FDRE                                         r  design_1_i/axi_smc/inst/clk_map/psr_aclk/U0/ACTIVE_LOW_BSR_OUT_DFF[0].FDRE_BSR_N/C
  -------------------------------------------------------------------    -------------------
    SLICE_X26Y85         FDRE (Prop_fdre_C_Q)         0.456     4.071 r  design_1_i/axi_smc/inst/clk_map/psr_aclk/U0/ACTIVE_LOW_BSR_OUT_DFF[0].FDRE_BSR_N/Q
                         net (fo=25, routed)          3.208     7.278    design_1_i/axi_smc/inst/s00_entry_pipeline/s00_transaction_regulator/inst/xpm_cdc_async_rst_inst/src_arst
    SLICE_X1Y61          LUT1 (Prop_lut1_I0_O)        0.152     7.430 f  design_1_i/axi_smc/inst/s00_entry_pipeline/s00_transaction_regulator/inst/xpm_cdc_async_rst_inst/arststages_ff[2]_i_1/O
                         net (fo=3, routed)           0.391     7.821    design_1_i/axi_smc/inst/s00_entry_pipeline/s00_transaction_regulator/inst/xpm_cdc_async_rst_inst/reset_pol
    SLICE_X0Y61          FDCE                                         f  design_1_i/axi_smc/inst/s00_entry_pipeline/s00_transaction_regulator/inst/xpm_cdc_async_rst_inst/arststages_ff_reg[2]/CLR
  -------------------------------------------------------------------    -------------------

                         (clock clk_fpga_0 rise edge)
                                                      0.000     0.000 r  
    PS7_X0Y0             PS7                          0.000     0.000 r  design_1_i/processing_system7_0/inst/PS7_i/FCLKCLK[0]
                         net (fo=1, routed)           1.605     1.605    design_1_i/processing_system7_0/inst/FCLK_CLK_unbuffered[0]
    BUFGCTRL_X0Y16       BUFG (Prop_bufg_I_O)         0.091     1.696 r  design_1_i/processing_system7_0/inst/buffer_fclk_clk_0.FCLK_CLK_0_BUFG/O
                         net (fo=2030, routed)        1.531     3.226    design_1_i/axi_smc/inst/s00_entry_pipeline/s00_transaction_regulator/inst/xpm_cdc_async_rst_inst/dest_clk
    SLICE_X0Y61          FDCE                                         r  design_1_i/axi_smc/inst/s00_entry_pipeline/s00_transaction_regulator/inst/xpm_cdc_async_rst_inst/arststages_ff_reg[2]/C

Slack:                    inf
  Source:                 design_1_i/axi_smc/inst/clk_map/psr_aclk/U0/ACTIVE_LOW_BSR_OUT_DFF[0].FDRE_BSR_N/C
                            (rising edge-triggered cell FDRE clocked by clk_fpga_0  {rise@0.000ns fall@20.000ns period=40.000ns})
  Destination:            design_1_i/axi_smc/inst/switchboards/i_nodes/i_aw_node/inst/s_sc_xpm_cdc_async_rst_inst/arststages_ff_reg[0]/CLR
                            (recovery check against rising-edge clock clk_fpga_0  {rise@0.000ns fall@20.000ns period=40.000ns})
  Path Group:             (none)
  Path Type:              Recovery (Max at Slow Process Corner)
  Data Path Delay:        3.332ns  (logic 0.580ns (17.409%)  route 2.752ns (82.591%))
  Logic Levels:           1  (LUT1=1)
  Clock Path Skew:        -0.391ns (DCD - SCD + CPR)
    Destination Clock Delay (DCD):    3.223ns
    Source Clock Delay      (SCD):    3.615ns
    Clock Pessimism Removal (CPR):    0.000ns
  Clock Uncertainty:      0.601ns  ((TSJ^2 + TIJ^2)^1/2 + DJ) / 2 + PE
    Total System Jitter     (TSJ):    0.071ns
    Total Input Jitter      (TIJ):    1.200ns
    Discrete Jitter          (DJ):    0.000ns
    Phase Error              (PE):    0.000ns
  Timing Exception:       False Path

    Location             Delay type                Incr(ns)  Path(ns)    Netlist Resource(s)
  -------------------------------------------------------------------    -------------------
                         (clock clk_fpga_0 rise edge)
                                                      0.000     0.000 r  
    PS7_X0Y0             PS7                          0.000     0.000 r  design_1_i/processing_system7_0/inst/PS7_i/FCLKCLK[0]
                         net (fo=1, routed)           1.860     1.860    design_1_i/processing_system7_0/inst/FCLK_CLK_unbuffered[0]
    BUFGCTRL_X0Y16       BUFG (Prop_bufg_I_O)         0.101     1.961 r  design_1_i/processing_system7_0/inst/buffer_fclk_clk_0.FCLK_CLK_0_BUFG/O
                         net (fo=2030, routed)        1.654     3.615    design_1_i/axi_smc/inst/clk_map/psr_aclk/U0/aclk
    SLICE_X26Y85         FDRE                                         r  design_1_i/axi_smc/inst/clk_map/psr_aclk/U0/ACTIVE_LOW_BSR_OUT_DFF[0].FDRE_BSR_N/C
  -------------------------------------------------------------------    -------------------
    SLICE_X26Y85         FDRE (Prop_fdre_C_Q)         0.456     4.071 r  design_1_i/axi_smc/inst/clk_map/psr_aclk/U0/ACTIVE_LOW_BSR_OUT_DFF[0].FDRE_BSR_N/Q
                         net (fo=25, routed)          2.365     6.435    design_1_i/axi_smc/inst/switchboards/i_nodes/i_aw_node/inst/s_sc_xpm_cdc_async_rst_inst/src_arst
    SLICE_X3Y81          LUT1 (Prop_lut1_I0_O)        0.124     6.559 f  design_1_i/axi_smc/inst/switchboards/i_nodes/i_aw_node/inst/s_sc_xpm_cdc_async_rst_inst/arststages_ff[2]_i_1/O
                         net (fo=3, routed)           0.387     6.946    design_1_i/axi_smc/inst/switchboards/i_nodes/i_aw_node/inst/s_sc_xpm_cdc_async_rst_inst/reset_pol
    SLICE_X3Y81          FDCE                                         f  design_1_i/axi_smc/inst/switchboards/i_nodes/i_aw_node/inst/s_sc_xpm_cdc_async_rst_inst/arststages_ff_reg[0]/CLR
  -------------------------------------------------------------------    -------------------

                         (clock clk_fpga_0 rise edge)
                                                      0.000     0.000 r  
    PS7_X0Y0             PS7                          0.000     0.000 r  design_1_i/processing_system7_0/inst/PS7_i/FCLKCLK[0]
                         net (fo=1, routed)           1.605     1.605    design_1_i/processing_system7_0/inst/FCLK_CLK_unbuffered[0]
    BUFGCTRL_X0Y16       BUFG (Prop_bufg_I_O)         0.091     1.696 r  design_1_i/processing_system7_0/inst/buffer_fclk_clk_0.FCLK_CLK_0_BUFG/O
                         net (fo=2030, routed)        1.528     3.223    design_1_i/axi_smc/inst/switchboards/i_nodes/i_aw_node/inst/s_sc_xpm_cdc_async_rst_inst/dest_clk
    SLICE_X3Y81          FDCE                                         r  design_1_i/axi_smc/inst/switchboards/i_nodes/i_aw_node/inst/s_sc_xpm_cdc_async_rst_inst/arststages_ff_reg[0]/C

Slack:                    inf
  Source:                 design_1_i/axi_smc/inst/clk_map/psr_aclk/U0/ACTIVE_LOW_BSR_OUT_DFF[0].FDRE_BSR_N/C
                            (rising edge-triggered cell FDRE clocked by clk_fpga_0  {rise@0.000ns fall@20.000ns period=40.000ns})
  Destination:            design_1_i/axi_smc/inst/switchboards/i_nodes/i_aw_node/inst/s_sc_xpm_cdc_async_rst_inst/arststages_ff_reg[1]/CLR
                            (recovery check against rising-edge clock clk_fpga_0  {rise@0.000ns fall@20.000ns period=40.000ns})
  Path Group:             (none)
  Path Type:              Recovery (Max at Slow Process Corner)
  Data Path Delay:        3.332ns  (logic 0.580ns (17.409%)  route 2.752ns (82.591%))
  Logic Levels:           1  (LUT1=1)
  Clock Path Skew:        -0.391ns (DCD - SCD + CPR)
    Destination Clock Delay (DCD):    3.223ns
    Source Clock Delay      (SCD):    3.615ns
    Clock Pessimism Removal (CPR):    0.000ns
  Clock Uncertainty:      0.601ns  ((TSJ^2 + TIJ^2)^1/2 + DJ) / 2 + PE
    Total System Jitter     (TSJ):    0.071ns
    Total Input Jitter      (TIJ):    1.200ns
    Discrete Jitter          (DJ):    0.000ns
    Phase Error              (PE):    0.000ns
  Timing Exception:       False Path

    Location             Delay type                Incr(ns)  Path(ns)    Netlist Resource(s)
  -------------------------------------------------------------------    -------------------
                         (clock clk_fpga_0 rise edge)
                                                      0.000     0.000 r  
    PS7_X0Y0             PS7                          0.000     0.000 r  design_1_i/processing_system7_0/inst/PS7_i/FCLKCLK[0]
                         net (fo=1, routed)           1.860     1.860    design_1_i/processing_system7_0/inst/FCLK_CLK_unbuffered[0]
    BUFGCTRL_X0Y16       BUFG (Prop_bufg_I_O)         0.101     1.961 r  design_1_i/processing_system7_0/inst/buffer_fclk_clk_0.FCLK_CLK_0_BUFG/O
                         net (fo=2030, routed)        1.654     3.615    design_1_i/axi_smc/inst/clk_map/psr_aclk/U0/aclk
    SLICE_X26Y85         FDRE                                         r  design_1_i/axi_smc/inst/clk_map/psr_aclk/U0/ACTIVE_LOW_BSR_OUT_DFF[0].FDRE_BSR_N/C
  -------------------------------------------------------------------    -------------------
    SLICE_X26Y85         FDRE (Prop_fdre_C_Q)         0.456     4.071 r  design_1_i/axi_smc/inst/clk_map/psr_aclk/U0/ACTIVE_LOW_BSR_OUT_DFF[0].FDRE_BSR_N/Q
                         net (fo=25, routed)          2.365     6.435    design_1_i/axi_smc/inst/switchboards/i_nodes/i_aw_node/inst/s_sc_xpm_cdc_async_rst_inst/src_arst
    SLICE_X3Y81          LUT1 (Prop_lut1_I0_O)        0.124     6.559 f  design_1_i/axi_smc/inst/switchboards/i_nodes/i_aw_node/inst/s_sc_xpm_cdc_async_rst_inst/arststages_ff[2]_i_1/O
                         net (fo=3, routed)           0.387     6.946    design_1_i/axi_smc/inst/switchboards/i_nodes/i_aw_node/inst/s_sc_xpm_cdc_async_rst_inst/reset_pol
    SLICE_X3Y81          FDCE                                         f  design_1_i/axi_smc/inst/switchboards/i_nodes/i_aw_node/inst/s_sc_xpm_cdc_async_rst_inst/arststages_ff_reg[1]/CLR
  -------------------------------------------------------------------    -------------------

                         (clock clk_fpga_0 rise edge)
                                                      0.000     0.000 r  
    PS7_X0Y0             PS7                          0.000     0.000 r  design_1_i/processing_system7_0/inst/PS7_i/FCLKCLK[0]
                         net (fo=1, routed)           1.605     1.605    design_1_i/processing_system7_0/inst/FCLK_CLK_unbuffered[0]
    BUFGCTRL_X0Y16       BUFG (Prop_bufg_I_O)         0.091     1.696 r  design_1_i/processing_system7_0/inst/buffer_fclk_clk_0.FCLK_CLK_0_BUFG/O
                         net (fo=2030, routed)        1.528     3.223    design_1_i/axi_smc/inst/switchboards/i_nodes/i_aw_node/inst/s_sc_xpm_cdc_async_rst_inst/dest_clk
    SLICE_X3Y81          FDCE                                         r  design_1_i/axi_smc/inst/switchboards/i_nodes/i_aw_node/inst/s_sc_xpm_cdc_async_rst_inst/arststages_ff_reg[1]/C

Slack:                    inf
  Source:                 design_1_i/axi_smc/inst/clk_map/psr_aclk/U0/ACTIVE_LOW_BSR_OUT_DFF[0].FDRE_BSR_N/C
                            (rising edge-triggered cell FDRE clocked by clk_fpga_0  {rise@0.000ns fall@20.000ns period=40.000ns})
  Destination:            design_1_i/axi_smc/inst/switchboards/i_nodes/i_aw_node/inst/s_sc_xpm_cdc_async_rst_inst/arststages_ff_reg[2]/CLR
                            (recovery check against rising-edge clock clk_fpga_0  {rise@0.000ns fall@20.000ns period=40.000ns})
  Path Group:             (none)
  Path Type:              Recovery (Max at Slow Process Corner)
  Data Path Delay:        3.332ns  (logic 0.580ns (17.409%)  route 2.752ns (82.591%))
  Logic Levels:           1  (LUT1=1)
  Clock Path Skew:        -0.391ns (DCD - SCD + CPR)
    Destination Clock Delay (DCD):    3.223ns
    Source Clock Delay      (SCD):    3.615ns
    Clock Pessimism Removal (CPR):    0.000ns
  Clock Uncertainty:      0.601ns  ((TSJ^2 + TIJ^2)^1/2 + DJ) / 2 + PE
    Total System Jitter     (TSJ):    0.071ns
    Total Input Jitter      (TIJ):    1.200ns
    Discrete Jitter          (DJ):    0.000ns
    Phase Error              (PE):    0.000ns
  Timing Exception:       False Path

    Location             Delay type                Incr(ns)  Path(ns)    Netlist Resource(s)
  -------------------------------------------------------------------    -------------------
                         (clock clk_fpga_0 rise edge)
                                                      0.000     0.000 r  
    PS7_X0Y0             PS7                          0.000     0.000 r  design_1_i/processing_system7_0/inst/PS7_i/FCLKCLK[0]
                         net (fo=1, routed)           1.860     1.860    design_1_i/processing_system7_0/inst/FCLK_CLK_unbuffered[0]
    BUFGCTRL_X0Y16       BUFG (Prop_bufg_I_O)         0.101     1.961 r  design_1_i/processing_system7_0/inst/buffer_fclk_clk_0.FCLK_CLK_0_BUFG/O
                         net (fo=2030, routed)        1.654     3.615    design_1_i/axi_smc/inst/clk_map/psr_aclk/U0/aclk
    SLICE_X26Y85         FDRE                                         r  design_1_i/axi_smc/inst/clk_map/psr_aclk/U0/ACTIVE_LOW_BSR_OUT_DFF[0].FDRE_BSR_N/C
  -------------------------------------------------------------------    -------------------
    SLICE_X26Y85         FDRE (Prop_fdre_C_Q)         0.456     4.071 r  design_1_i/axi_smc/inst/clk_map/psr_aclk/U0/ACTIVE_LOW_BSR_OUT_DFF[0].FDRE_BSR_N/Q
                         net (fo=25, routed)          2.365     6.435    design_1_i/axi_smc/inst/switchboards/i_nodes/i_aw_node/inst/s_sc_xpm_cdc_async_rst_inst/src_arst
    SLICE_X3Y81          LUT1 (Prop_lut1_I0_O)        0.124     6.559 f  design_1_i/axi_smc/inst/switchboards/i_nodes/i_aw_node/inst/s_sc_xpm_cdc_async_rst_inst/arststages_ff[2]_i_1/O
                         net (fo=3, routed)           0.387     6.946    design_1_i/axi_smc/inst/switchboards/i_nodes/i_aw_node/inst/s_sc_xpm_cdc_async_rst_inst/reset_pol
    SLICE_X3Y81          FDCE                                         f  design_1_i/axi_smc/inst/switchboards/i_nodes/i_aw_node/inst/s_sc_xpm_cdc_async_rst_inst/arststages_ff_reg[2]/CLR
  -------------------------------------------------------------------    -------------------

                         (clock clk_fpga_0 rise edge)
                                                      0.000     0.000 r  
    PS7_X0Y0             PS7                          0.000     0.000 r  design_1_i/processing_system7_0/inst/PS7_i/FCLKCLK[0]
                         net (fo=1, routed)           1.605     1.605    design_1_i/processing_system7_0/inst/FCLK_CLK_unbuffered[0]
    BUFGCTRL_X0Y16       BUFG (Prop_bufg_I_O)         0.091     1.696 r  design_1_i/processing_system7_0/inst/buffer_fclk_clk_0.FCLK_CLK_0_BUFG/O
                         net (fo=2030, routed)        1.528     3.223    design_1_i/axi_smc/inst/switchboards/i_nodes/i_aw_node/inst/s_sc_xpm_cdc_async_rst_inst/dest_clk
    SLICE_X3Y81          FDCE                                         r  design_1_i/axi_smc/inst/switchboards/i_nodes/i_aw_node/inst/s_sc_xpm_cdc_async_rst_inst/arststages_ff_reg[2]/C

Slack:                    inf
  Source:                 design_1_i/axi_smc/inst/clk_map/psr_aclk/U0/ACTIVE_LOW_BSR_OUT_DFF[0].FDRE_BSR_N/C
                            (rising edge-triggered cell FDRE clocked by clk_fpga_0  {rise@0.000ns fall@20.000ns period=40.000ns})
  Destination:            design_1_i/axi_smc/inst/switchboards/i_nodes/i_b_node/inst/s_sc_xpm_cdc_async_rst_inst/arststages_ff_reg[0]/CLR
                            (recovery check against rising-edge clock clk_fpga_0  {rise@0.000ns fall@20.000ns period=40.000ns})
  Path Group:             (none)
  Path Type:              Recovery (Max at Slow Process Corner)
  Data Path Delay:        3.321ns  (logic 0.606ns (18.249%)  route 2.715ns (81.751%))
  Logic Levels:           1  (LUT1=1)
  Clock Path Skew:        -0.395ns (DCD - SCD + CPR)
    Destination Clock Delay (DCD):    3.219ns
    Source Clock Delay      (SCD):    3.615ns
    Clock Pessimism Removal (CPR):    0.000ns
  Clock Uncertainty:      0.601ns  ((TSJ^2 + TIJ^2)^1/2 + DJ) / 2 + PE
    Total System Jitter     (TSJ):    0.071ns
    Total Input Jitter      (TIJ):    1.200ns
    Discrete Jitter          (DJ):    0.000ns
    Phase Error              (PE):    0.000ns
  Timing Exception:       False Path

    Location             Delay type                Incr(ns)  Path(ns)    Netlist Resource(s)
  -------------------------------------------------------------------    -------------------
                         (clock clk_fpga_0 rise edge)
                                                      0.000     0.000 r  
    PS7_X0Y0             PS7                          0.000     0.000 r  design_1_i/processing_system7_0/inst/PS7_i/FCLKCLK[0]
                         net (fo=1, routed)           1.860     1.860    design_1_i/processing_system7_0/inst/FCLK_CLK_unbuffered[0]
    BUFGCTRL_X0Y16       BUFG (Prop_bufg_I_O)         0.101     1.961 r  design_1_i/processing_system7_0/inst/buffer_fclk_clk_0.FCLK_CLK_0_BUFG/O
                         net (fo=2030, routed)        1.654     3.615    design_1_i/axi_smc/inst/clk_map/psr_aclk/U0/aclk
    SLICE_X26Y85         FDRE                                         r  design_1_i/axi_smc/inst/clk_map/psr_aclk/U0/ACTIVE_LOW_BSR_OUT_DFF[0].FDRE_BSR_N/C
  -------------------------------------------------------------------    -------------------
    SLICE_X26Y85         FDRE (Prop_fdre_C_Q)         0.456     4.071 r  design_1_i/axi_smc/inst/clk_map/psr_aclk/U0/ACTIVE_LOW_BSR_OUT_DFF[0].FDRE_BSR_N/Q
                         net (fo=25, routed)          2.365     6.435    design_1_i/axi_smc/inst/switchboards/i_nodes/i_b_node/inst/s_sc_xpm_cdc_async_rst_inst/src_arst
    SLICE_X3Y81          LUT1 (Prop_lut1_I0_O)        0.150     6.585 f  design_1_i/axi_smc/inst/switchboards/i_nodes/i_b_node/inst/s_sc_xpm_cdc_async_rst_inst/arststages_ff[2]_i_1/O
                         net (fo=3, routed)           0.350     6.935    design_1_i/axi_smc/inst/switchboards/i_nodes/i_b_node/inst/s_sc_xpm_cdc_async_rst_inst/reset_pol
    SLICE_X1Y81          FDCE                                         f  design_1_i/axi_smc/inst/switchboards/i_nodes/i_b_node/inst/s_sc_xpm_cdc_async_rst_inst/arststages_ff_reg[0]/CLR
  -------------------------------------------------------------------    -------------------

                         (clock clk_fpga_0 rise edge)
                                                      0.000     0.000 r  
    PS7_X0Y0             PS7                          0.000     0.000 r  design_1_i/processing_system7_0/inst/PS7_i/FCLKCLK[0]
                         net (fo=1, routed)           1.605     1.605    design_1_i/processing_system7_0/inst/FCLK_CLK_unbuffered[0]
    BUFGCTRL_X0Y16       BUFG (Prop_bufg_I_O)         0.091     1.696 r  design_1_i/processing_system7_0/inst/buffer_fclk_clk_0.FCLK_CLK_0_BUFG/O
                         net (fo=2030, routed)        1.524     3.219    design_1_i/axi_smc/inst/switchboards/i_nodes/i_b_node/inst/s_sc_xpm_cdc_async_rst_inst/dest_clk
    SLICE_X1Y81          FDCE                                         r  design_1_i/axi_smc/inst/switchboards/i_nodes/i_b_node/inst/s_sc_xpm_cdc_async_rst_inst/arststages_ff_reg[0]/C





Min Delay Paths
--------------------------------------------------------------------------------------
Slack:                    inf
  Source:                 design_1_i/axi_smc/inst/clk_map/psr_aclk/U0/ACTIVE_LOW_BSR_OUT_DFF[0].FDRE_BSR_N/C
                            (rising edge-triggered cell FDRE clocked by clk_fpga_0  {rise@0.000ns fall@20.000ns period=40.000ns})
  Destination:            design_1_i/axi_smc/inst/m00_exit_pipeline/m00_exit/inst/xpm_cdc_async_rst_inst/arststages_ff_reg[0]/CLR
                            (removal check against rising-edge clock clk_fpga_0  {rise@0.000ns fall@20.000ns period=40.000ns})
  Path Group:             (none)
  Path Type:              Removal (Min at Fast Process Corner)
  Data Path Delay:        0.719ns  (logic 0.186ns (25.885%)  route 0.533ns (74.115%))
  Logic Levels:           1  (LUT1=1)
  Clock Path Skew:        0.374ns (DCD - SCD - CPR)
    Destination Clock Delay (DCD):    1.729ns
    Source Clock Delay      (SCD):    1.354ns
    Clock Pessimism Removal (CPR):    -0.000ns
  Clock Uncertainty:      0.601ns  ((TSJ^2 + TIJ^2)^1/2 + DJ) / 2 + PE
    Total System Jitter     (TSJ):    0.071ns
    Total Input Jitter      (TIJ):    1.200ns
    Discrete Jitter          (DJ):    0.000ns
    Phase Error              (PE):    0.000ns
  Timing Exception:       False Path

    Location             Delay type                Incr(ns)  Path(ns)    Netlist Resource(s)
  -------------------------------------------------------------------    -------------------
                         (clock clk_fpga_0 rise edge)
                                                      0.000     0.000 r  
    PS7_X0Y0             PS7                          0.000     0.000 r  design_1_i/processing_system7_0/inst/PS7_i/FCLKCLK[0]
                         net (fo=1, routed)           0.774     0.774    design_1_i/processing_system7_0/inst/FCLK_CLK_unbuffered[0]
    BUFGCTRL_X0Y16       BUFG (Prop_bufg_I_O)         0.026     0.800 r  design_1_i/processing_system7_0/inst/buffer_fclk_clk_0.FCLK_CLK_0_BUFG/O
                         net (fo=2030, routed)        0.555     1.354    design_1_i/axi_smc/inst/clk_map/psr_aclk/U0/aclk
    SLICE_X26Y85         FDRE                                         r  design_1_i/axi_smc/inst/clk_map/psr_aclk/U0/ACTIVE_LOW_BSR_OUT_DFF[0].FDRE_BSR_N/C
  -------------------------------------------------------------------    -------------------
    SLICE_X26Y85         FDRE (Prop_fdre_C_Q)         0.141     1.495 r  design_1_i/axi_smc/inst/clk_map/psr_aclk/U0/ACTIVE_LOW_BSR_OUT_DFF[0].FDRE_BSR_N/Q
                         net (fo=25, routed)          0.371     1.866    design_1_i/axi_smc/inst/m00_exit_pipeline/m00_exit/inst/xpm_cdc_async_rst_inst/src_arst
    SLICE_X18Y83         LUT1 (Prop_lut1_I0_O)        0.045     1.911 f  design_1_i/axi_smc/inst/m00_exit_pipeline/m00_exit/inst/xpm_cdc_async_rst_inst/arststages_ff[2]_i_1/O
                         net (fo=3, routed)           0.162     2.073    design_1_i/axi_smc/inst/m00_exit_pipeline/m00_exit/inst/xpm_cdc_async_rst_inst/reset_pol
    SLICE_X17Y83         FDCE                                         f  design_1_i/axi_smc/inst/m00_exit_pipeline/m00_exit/inst/xpm_cdc_async_rst_inst/arststages_ff_reg[0]/CLR
  -------------------------------------------------------------------    -------------------

                         (clock clk_fpga_0 rise edge)
                                                      0.000     0.000 r  
    PS7_X0Y0             PS7                          0.000     0.000 r  design_1_i/processing_system7_0/inst/PS7_i/FCLKCLK[0]
                         net (fo=1, routed)           0.879     0.879    design_1_i/processing_system7_0/inst/FCLK_CLK_unbuffered[0]
    BUFGCTRL_X0Y16       BUFG (Prop_bufg_I_O)         0.029     0.908 r  design_1_i/processing_system7_0/inst/buffer_fclk_clk_0.FCLK_CLK_0_BUFG/O
                         net (fo=2030, routed)        0.821     1.729    design_1_i/axi_smc/inst/m00_exit_pipeline/m00_exit/inst/xpm_cdc_async_rst_inst/dest_clk
    SLICE_X17Y83         FDCE                                         r  design_1_i/axi_smc/inst/m00_exit_pipeline/m00_exit/inst/xpm_cdc_async_rst_inst/arststages_ff_reg[0]/C

Slack:                    inf
  Source:                 design_1_i/axi_smc/inst/clk_map/psr_aclk/U0/ACTIVE_LOW_BSR_OUT_DFF[0].FDRE_BSR_N/C
                            (rising edge-triggered cell FDRE clocked by clk_fpga_0  {rise@0.000ns fall@20.000ns period=40.000ns})
  Destination:            design_1_i/axi_smc/inst/m00_exit_pipeline/m00_exit/inst/xpm_cdc_async_rst_inst/arststages_ff_reg[1]/CLR
                            (removal check against rising-edge clock clk_fpga_0  {rise@0.000ns fall@20.000ns period=40.000ns})
  Path Group:             (none)
  Path Type:              Removal (Min at Fast Process Corner)
  Data Path Delay:        0.719ns  (logic 0.186ns (25.885%)  route 0.533ns (74.115%))
  Logic Levels:           1  (LUT1=1)
  Clock Path Skew:        0.374ns (DCD - SCD - CPR)
    Destination Clock Delay (DCD):    1.729ns
    Source Clock Delay      (SCD):    1.354ns
    Clock Pessimism Removal (CPR):    -0.000ns
  Clock Uncertainty:      0.601ns  ((TSJ^2 + TIJ^2)^1/2 + DJ) / 2 + PE
    Total System Jitter     (TSJ):    0.071ns
    Total Input Jitter      (TIJ):    1.200ns
    Discrete Jitter          (DJ):    0.000ns
    Phase Error              (PE):    0.000ns
  Timing Exception:       False Path

    Location             Delay type                Incr(ns)  Path(ns)    Netlist Resource(s)
  -------------------------------------------------------------------    -------------------
                         (clock clk_fpga_0 rise edge)
                                                      0.000     0.000 r  
    PS7_X0Y0             PS7                          0.000     0.000 r  design_1_i/processing_system7_0/inst/PS7_i/FCLKCLK[0]
                         net (fo=1, routed)           0.774     0.774    design_1_i/processing_system7_0/inst/FCLK_CLK_unbuffered[0]
    BUFGCTRL_X0Y16       BUFG (Prop_bufg_I_O)         0.026     0.800 r  design_1_i/processing_system7_0/inst/buffer_fclk_clk_0.FCLK_CLK_0_BUFG/O
                         net (fo=2030, routed)        0.555     1.354    design_1_i/axi_smc/inst/clk_map/psr_aclk/U0/aclk
    SLICE_X26Y85         FDRE                                         r  design_1_i/axi_smc/inst/clk_map/psr_aclk/U0/ACTIVE_LOW_BSR_OUT_DFF[0].FDRE_BSR_N/C
  -------------------------------------------------------------------    -------------------
    SLICE_X26Y85         FDRE (Prop_fdre_C_Q)         0.141     1.495 r  design_1_i/axi_smc/inst/clk_map/psr_aclk/U0/ACTIVE_LOW_BSR_OUT_DFF[0].FDRE_BSR_N/Q
                         net (fo=25, routed)          0.371     1.866    design_1_i/axi_smc/inst/m00_exit_pipeline/m00_exit/inst/xpm_cdc_async_rst_inst/src_arst
    SLICE_X18Y83         LUT1 (Prop_lut1_I0_O)        0.045     1.911 f  design_1_i/axi_smc/inst/m00_exit_pipeline/m00_exit/inst/xpm_cdc_async_rst_inst/arststages_ff[2]_i_1/O
                         net (fo=3, routed)           0.162     2.073    design_1_i/axi_smc/inst/m00_exit_pipeline/m00_exit/inst/xpm_cdc_async_rst_inst/reset_pol
    SLICE_X17Y83         FDCE                                         f  design_1_i/axi_smc/inst/m00_exit_pipeline/m00_exit/inst/xpm_cdc_async_rst_inst/arststages_ff_reg[1]/CLR
  -------------------------------------------------------------------    -------------------

                         (clock clk_fpga_0 rise edge)
                                                      0.000     0.000 r  
    PS7_X0Y0             PS7                          0.000     0.000 r  design_1_i/processing_system7_0/inst/PS7_i/FCLKCLK[0]
                         net (fo=1, routed)           0.879     0.879    design_1_i/processing_system7_0/inst/FCLK_CLK_unbuffered[0]
    BUFGCTRL_X0Y16       BUFG (Prop_bufg_I_O)         0.029     0.908 r  design_1_i/processing_system7_0/inst/buffer_fclk_clk_0.FCLK_CLK_0_BUFG/O
                         net (fo=2030, routed)        0.821     1.729    design_1_i/axi_smc/inst/m00_exit_pipeline/m00_exit/inst/xpm_cdc_async_rst_inst/dest_clk
    SLICE_X17Y83         FDCE                                         r  design_1_i/axi_smc/inst/m00_exit_pipeline/m00_exit/inst/xpm_cdc_async_rst_inst/arststages_ff_reg[1]/C

Slack:                    inf
  Source:                 design_1_i/axi_smc/inst/clk_map/psr_aclk/U0/ACTIVE_LOW_BSR_OUT_DFF[0].FDRE_BSR_N/C
                            (rising edge-triggered cell FDRE clocked by clk_fpga_0  {rise@0.000ns fall@20.000ns period=40.000ns})
  Destination:            design_1_i/axi_smc/inst/m00_exit_pipeline/m00_exit/inst/xpm_cdc_async_rst_inst/arststages_ff_reg[2]/CLR
                            (removal check against rising-edge clock clk_fpga_0  {rise@0.000ns fall@20.000ns period=40.000ns})
  Path Group:             (none)
  Path Type:              Removal (Min at Fast Process Corner)
  Data Path Delay:        0.719ns  (logic 0.186ns (25.885%)  route 0.533ns (74.115%))
  Logic Levels:           1  (LUT1=1)
  Clock Path Skew:        0.374ns (DCD - SCD - CPR)
    Destination Clock Delay (DCD):    1.729ns
    Source Clock Delay      (SCD):    1.354ns
    Clock Pessimism Removal (CPR):    -0.000ns
  Clock Uncertainty:      0.601ns  ((TSJ^2 + TIJ^2)^1/2 + DJ) / 2 + PE
    Total System Jitter     (TSJ):    0.071ns
    Total Input Jitter      (TIJ):    1.200ns
    Discrete Jitter          (DJ):    0.000ns
    Phase Error              (PE):    0.000ns
  Timing Exception:       False Path

    Location             Delay type                Incr(ns)  Path(ns)    Netlist Resource(s)
  -------------------------------------------------------------------    -------------------
                         (clock clk_fpga_0 rise edge)
                                                      0.000     0.000 r  
    PS7_X0Y0             PS7                          0.000     0.000 r  design_1_i/processing_system7_0/inst/PS7_i/FCLKCLK[0]
                         net (fo=1, routed)           0.774     0.774    design_1_i/processing_system7_0/inst/FCLK_CLK_unbuffered[0]
    BUFGCTRL_X0Y16       BUFG (Prop_bufg_I_O)         0.026     0.800 r  design_1_i/processing_system7_0/inst/buffer_fclk_clk_0.FCLK_CLK_0_BUFG/O
                         net (fo=2030, routed)        0.555     1.354    design_1_i/axi_smc/inst/clk_map/psr_aclk/U0/aclk
    SLICE_X26Y85         FDRE                                         r  design_1_i/axi_smc/inst/clk_map/psr_aclk/U0/ACTIVE_LOW_BSR_OUT_DFF[0].FDRE_BSR_N/C
  -------------------------------------------------------------------    -------------------
    SLICE_X26Y85         FDRE (Prop_fdre_C_Q)         0.141     1.495 r  design_1_i/axi_smc/inst/clk_map/psr_aclk/U0/ACTIVE_LOW_BSR_OUT_DFF[0].FDRE_BSR_N/Q
                         net (fo=25, routed)          0.371     1.866    design_1_i/axi_smc/inst/m00_exit_pipeline/m00_exit/inst/xpm_cdc_async_rst_inst/src_arst
    SLICE_X18Y83         LUT1 (Prop_lut1_I0_O)        0.045     1.911 f  design_1_i/axi_smc/inst/m00_exit_pipeline/m00_exit/inst/xpm_cdc_async_rst_inst/arststages_ff[2]_i_1/O
                         net (fo=3, routed)           0.162     2.073    design_1_i/axi_smc/inst/m00_exit_pipeline/m00_exit/inst/xpm_cdc_async_rst_inst/reset_pol
    SLICE_X17Y83         FDCE                                         f  design_1_i/axi_smc/inst/m00_exit_pipeline/m00_exit/inst/xpm_cdc_async_rst_inst/arststages_ff_reg[2]/CLR
  -------------------------------------------------------------------    -------------------

                         (clock clk_fpga_0 rise edge)
                                                      0.000     0.000 r  
    PS7_X0Y0             PS7                          0.000     0.000 r  design_1_i/processing_system7_0/inst/PS7_i/FCLKCLK[0]
                         net (fo=1, routed)           0.879     0.879    design_1_i/processing_system7_0/inst/FCLK_CLK_unbuffered[0]
    BUFGCTRL_X0Y16       BUFG (Prop_bufg_I_O)         0.029     0.908 r  design_1_i/processing_system7_0/inst/buffer_fclk_clk_0.FCLK_CLK_0_BUFG/O
                         net (fo=2030, routed)        0.821     1.729    design_1_i/axi_smc/inst/m00_exit_pipeline/m00_exit/inst/xpm_cdc_async_rst_inst/dest_clk
    SLICE_X17Y83         FDCE                                         r  design_1_i/axi_smc/inst/m00_exit_pipeline/m00_exit/inst/xpm_cdc_async_rst_inst/arststages_ff_reg[2]/C

Slack:                    inf
  Source:                 design_1_i/axi_smc/inst/clk_map/psr_aclk/U0/ACTIVE_LOW_BSR_OUT_DFF[0].FDRE_BSR_N/C
                            (rising edge-triggered cell FDRE clocked by clk_fpga_0  {rise@0.000ns fall@20.000ns period=40.000ns})
  Destination:            design_1_i/axi_smc/inst/m00_nodes/m00_ar_node/inst/s_sc_xpm_cdc_async_rst_inst/arststages_ff_reg[0]/CLR
                            (removal check against rising-edge clock clk_fpga_0  {rise@0.000ns fall@20.000ns period=40.000ns})
  Path Group:             (none)
  Path Type:              Removal (Min at Fast Process Corner)
  Data Path Delay:        0.744ns  (logic 0.192ns (25.812%)  route 0.552ns (74.188%))
  Logic Levels:           1  (LUT1=1)
  Clock Path Skew:        0.374ns (DCD - SCD - CPR)
    Destination Clock Delay (DCD):    1.729ns
    Source Clock Delay      (SCD):    1.354ns
    Clock Pessimism Removal (CPR):    -0.000ns
  Clock Uncertainty:      0.601ns  ((TSJ^2 + TIJ^2)^1/2 + DJ) / 2 + PE
    Total System Jitter     (TSJ):    0.071ns
    Total Input Jitter      (TIJ):    1.200ns
    Discrete Jitter          (DJ):    0.000ns
    Phase Error              (PE):    0.000ns
  Timing Exception:       False Path

    Location             Delay type                Incr(ns)  Path(ns)    Netlist Resource(s)
  -------------------------------------------------------------------    -------------------
                         (clock clk_fpga_0 rise edge)
                                                      0.000     0.000 r  
    PS7_X0Y0             PS7                          0.000     0.000 r  design_1_i/processing_system7_0/inst/PS7_i/FCLKCLK[0]
                         net (fo=1, routed)           0.774     0.774    design_1_i/processing_system7_0/inst/FCLK_CLK_unbuffered[0]
    BUFGCTRL_X0Y16       BUFG (Prop_bufg_I_O)         0.026     0.800 r  design_1_i/processing_system7_0/inst/buffer_fclk_clk_0.FCLK_CLK_0_BUFG/O
                         net (fo=2030, routed)        0.555     1.354    design_1_i/axi_smc/inst/clk_map/psr_aclk/U0/aclk
    SLICE_X26Y85         FDRE                                         r  design_1_i/axi_smc/inst/clk_map/psr_aclk/U0/ACTIVE_LOW_BSR_OUT_DFF[0].FDRE_BSR_N/C
  -------------------------------------------------------------------    -------------------
    SLICE_X26Y85         FDRE (Prop_fdre_C_Q)         0.141     1.495 r  design_1_i/axi_smc/inst/clk_map/psr_aclk/U0/ACTIVE_LOW_BSR_OUT_DFF[0].FDRE_BSR_N/Q
                         net (fo=25, routed)          0.371     1.866    design_1_i/axi_smc/inst/m00_nodes/m00_ar_node/inst/s_sc_xpm_cdc_async_rst_inst/src_arst
    SLICE_X18Y83         LUT1 (Prop_lut1_I0_O)        0.051     1.917 f  design_1_i/axi_smc/inst/m00_nodes/m00_ar_node/inst/s_sc_xpm_cdc_async_rst_inst/arststages_ff[2]_i_1/O
                         net (fo=3, routed)           0.181     2.098    design_1_i/axi_smc/inst/m00_nodes/m00_ar_node/inst/s_sc_xpm_cdc_async_rst_inst/reset_pol
    SLICE_X18Y83         FDCE                                         f  design_1_i/axi_smc/inst/m00_nodes/m00_ar_node/inst/s_sc_xpm_cdc_async_rst_inst/arststages_ff_reg[0]/CLR
  -------------------------------------------------------------------    -------------------

                         (clock clk_fpga_0 rise edge)
                                                      0.000     0.000 r  
    PS7_X0Y0             PS7                          0.000     0.000 r  design_1_i/processing_system7_0/inst/PS7_i/FCLKCLK[0]
                         net (fo=1, routed)           0.879     0.879    design_1_i/processing_system7_0/inst/FCLK_CLK_unbuffered[0]
    BUFGCTRL_X0Y16       BUFG (Prop_bufg_I_O)         0.029     0.908 r  design_1_i/processing_system7_0/inst/buffer_fclk_clk_0.FCLK_CLK_0_BUFG/O
                         net (fo=2030, routed)        0.821     1.729    design_1_i/axi_smc/inst/m00_nodes/m00_ar_node/inst/s_sc_xpm_cdc_async_rst_inst/dest_clk
    SLICE_X18Y83         FDCE                                         r  design_1_i/axi_smc/inst/m00_nodes/m00_ar_node/inst/s_sc_xpm_cdc_async_rst_inst/arststages_ff_reg[0]/C

Slack:                    inf
  Source:                 design_1_i/axi_smc/inst/clk_map/psr_aclk/U0/ACTIVE_LOW_BSR_OUT_DFF[0].FDRE_BSR_N/C
                            (rising edge-triggered cell FDRE clocked by clk_fpga_0  {rise@0.000ns fall@20.000ns period=40.000ns})
  Destination:            design_1_i/axi_smc/inst/m00_nodes/m00_ar_node/inst/s_sc_xpm_cdc_async_rst_inst/arststages_ff_reg[1]/CLR
                            (removal check against rising-edge clock clk_fpga_0  {rise@0.000ns fall@20.000ns period=40.000ns})
  Path Group:             (none)
  Path Type:              Removal (Min at Fast Process Corner)
  Data Path Delay:        0.744ns  (logic 0.192ns (25.812%)  route 0.552ns (74.188%))
  Logic Levels:           1  (LUT1=1)
  Clock Path Skew:        0.374ns (DCD - SCD - CPR)
    Destination Clock Delay (DCD):    1.729ns
    Source Clock Delay      (SCD):    1.354ns
    Clock Pessimism Removal (CPR):    -0.000ns
  Clock Uncertainty:      0.601ns  ((TSJ^2 + TIJ^2)^1/2 + DJ) / 2 + PE
    Total System Jitter     (TSJ):    0.071ns
    Total Input Jitter      (TIJ):    1.200ns
    Discrete Jitter          (DJ):    0.000ns
    Phase Error              (PE):    0.000ns
  Timing Exception:       False Path

    Location             Delay type                Incr(ns)  Path(ns)    Netlist Resource(s)
  -------------------------------------------------------------------    -------------------
                         (clock clk_fpga_0 rise edge)
                                                      0.000     0.000 r  
    PS7_X0Y0             PS7                          0.000     0.000 r  design_1_i/processing_system7_0/inst/PS7_i/FCLKCLK[0]
                         net (fo=1, routed)           0.774     0.774    design_1_i/processing_system7_0/inst/FCLK_CLK_unbuffered[0]
    BUFGCTRL_X0Y16       BUFG (Prop_bufg_I_O)         0.026     0.800 r  design_1_i/processing_system7_0/inst/buffer_fclk_clk_0.FCLK_CLK_0_BUFG/O
                         net (fo=2030, routed)        0.555     1.354    design_1_i/axi_smc/inst/clk_map/psr_aclk/U0/aclk
    SLICE_X26Y85         FDRE                                         r  design_1_i/axi_smc/inst/clk_map/psr_aclk/U0/ACTIVE_LOW_BSR_OUT_DFF[0].FDRE_BSR_N/C
  -------------------------------------------------------------------    -------------------
    SLICE_X26Y85         FDRE (Prop_fdre_C_Q)         0.141     1.495 r  design_1_i/axi_smc/inst/clk_map/psr_aclk/U0/ACTIVE_LOW_BSR_OUT_DFF[0].FDRE_BSR_N/Q
                         net (fo=25, routed)          0.371     1.866    design_1_i/axi_smc/inst/m00_nodes/m00_ar_node/inst/s_sc_xpm_cdc_async_rst_inst/src_arst
    SLICE_X18Y83         LUT1 (Prop_lut1_I0_O)        0.051     1.917 f  design_1_i/axi_smc/inst/m00_nodes/m00_ar_node/inst/s_sc_xpm_cdc_async_rst_inst/arststages_ff[2]_i_1/O
                         net (fo=3, routed)           0.181     2.098    design_1_i/axi_smc/inst/m00_nodes/m00_ar_node/inst/s_sc_xpm_cdc_async_rst_inst/reset_pol
    SLICE_X18Y83         FDCE                                         f  design_1_i/axi_smc/inst/m00_nodes/m00_ar_node/inst/s_sc_xpm_cdc_async_rst_inst/arststages_ff_reg[1]/CLR
  -------------------------------------------------------------------    -------------------

                         (clock clk_fpga_0 rise edge)
                                                      0.000     0.000 r  
    PS7_X0Y0             PS7                          0.000     0.000 r  design_1_i/processing_system7_0/inst/PS7_i/FCLKCLK[0]
                         net (fo=1, routed)           0.879     0.879    design_1_i/processing_system7_0/inst/FCLK_CLK_unbuffered[0]
    BUFGCTRL_X0Y16       BUFG (Prop_bufg_I_O)         0.029     0.908 r  design_1_i/processing_system7_0/inst/buffer_fclk_clk_0.FCLK_CLK_0_BUFG/O
                         net (fo=2030, routed)        0.821     1.729    design_1_i/axi_smc/inst/m00_nodes/m00_ar_node/inst/s_sc_xpm_cdc_async_rst_inst/dest_clk
    SLICE_X18Y83         FDCE                                         r  design_1_i/axi_smc/inst/m00_nodes/m00_ar_node/inst/s_sc_xpm_cdc_async_rst_inst/arststages_ff_reg[1]/C

Slack:                    inf
  Source:                 design_1_i/axi_smc/inst/clk_map/psr_aclk/U0/ACTIVE_LOW_BSR_OUT_DFF[0].FDRE_BSR_N/C
                            (rising edge-triggered cell FDRE clocked by clk_fpga_0  {rise@0.000ns fall@20.000ns period=40.000ns})
  Destination:            design_1_i/axi_smc/inst/m00_nodes/m00_ar_node/inst/s_sc_xpm_cdc_async_rst_inst/arststages_ff_reg[2]/CLR
                            (removal check against rising-edge clock clk_fpga_0  {rise@0.000ns fall@20.000ns period=40.000ns})
  Path Group:             (none)
  Path Type:              Removal (Min at Fast Process Corner)
  Data Path Delay:        0.744ns  (logic 0.192ns (25.812%)  route 0.552ns (74.188%))
  Logic Levels:           1  (LUT1=1)
  Clock Path Skew:        0.374ns (DCD - SCD - CPR)
    Destination Clock Delay (DCD):    1.729ns
    Source Clock Delay      (SCD):    1.354ns
    Clock Pessimism Removal (CPR):    -0.000ns
  Clock Uncertainty:      0.601ns  ((TSJ^2 + TIJ^2)^1/2 + DJ) / 2 + PE
    Total System Jitter     (TSJ):    0.071ns
    Total Input Jitter      (TIJ):    1.200ns
    Discrete Jitter          (DJ):    0.000ns
    Phase Error              (PE):    0.000ns
  Timing Exception:       False Path

    Location             Delay type                Incr(ns)  Path(ns)    Netlist Resource(s)
  -------------------------------------------------------------------    -------------------
                         (clock clk_fpga_0 rise edge)
                                                      0.000     0.000 r  
    PS7_X0Y0             PS7                          0.000     0.000 r  design_1_i/processing_system7_0/inst/PS7_i/FCLKCLK[0]
                         net (fo=1, routed)           0.774     0.774    design_1_i/processing_system7_0/inst/FCLK_CLK_unbuffered[0]
    BUFGCTRL_X0Y16       BUFG (Prop_bufg_I_O)         0.026     0.800 r  design_1_i/processing_system7_0/inst/buffer_fclk_clk_0.FCLK_CLK_0_BUFG/O
                         net (fo=2030, routed)        0.555     1.354    design_1_i/axi_smc/inst/clk_map/psr_aclk/U0/aclk
    SLICE_X26Y85         FDRE                                         r  design_1_i/axi_smc/inst/clk_map/psr_aclk/U0/ACTIVE_LOW_BSR_OUT_DFF[0].FDRE_BSR_N/C
  -------------------------------------------------------------------    -------------------
    SLICE_X26Y85         FDRE (Prop_fdre_C_Q)         0.141     1.495 r  design_1_i/axi_smc/inst/clk_map/psr_aclk/U0/ACTIVE_LOW_BSR_OUT_DFF[0].FDRE_BSR_N/Q
                         net (fo=25, routed)          0.371     1.866    design_1_i/axi_smc/inst/m00_nodes/m00_ar_node/inst/s_sc_xpm_cdc_async_rst_inst/src_arst
    SLICE_X18Y83         LUT1 (Prop_lut1_I0_O)        0.051     1.917 f  design_1_i/axi_smc/inst/m00_nodes/m00_ar_node/inst/s_sc_xpm_cdc_async_rst_inst/arststages_ff[2]_i_1/O
                         net (fo=3, routed)           0.181     2.098    design_1_i/axi_smc/inst/m00_nodes/m00_ar_node/inst/s_sc_xpm_cdc_async_rst_inst/reset_pol
    SLICE_X18Y83         FDCE                                         f  design_1_i/axi_smc/inst/m00_nodes/m00_ar_node/inst/s_sc_xpm_cdc_async_rst_inst/arststages_ff_reg[2]/CLR
  -------------------------------------------------------------------    -------------------

                         (clock clk_fpga_0 rise edge)
                                                      0.000     0.000 r  
    PS7_X0Y0             PS7                          0.000     0.000 r  design_1_i/processing_system7_0/inst/PS7_i/FCLKCLK[0]
                         net (fo=1, routed)           0.879     0.879    design_1_i/processing_system7_0/inst/FCLK_CLK_unbuffered[0]
    BUFGCTRL_X0Y16       BUFG (Prop_bufg_I_O)         0.029     0.908 r  design_1_i/processing_system7_0/inst/buffer_fclk_clk_0.FCLK_CLK_0_BUFG/O
                         net (fo=2030, routed)        0.821     1.729    design_1_i/axi_smc/inst/m00_nodes/m00_ar_node/inst/s_sc_xpm_cdc_async_rst_inst/dest_clk
    SLICE_X18Y83         FDCE                                         r  design_1_i/axi_smc/inst/m00_nodes/m00_ar_node/inst/s_sc_xpm_cdc_async_rst_inst/arststages_ff_reg[2]/C

Slack:                    inf
  Source:                 design_1_i/rst_ps7_0_50M/U0/ACTIVE_LOW_PR_OUT_DFF[0].FDRE_PER_N/C
                            (rising edge-triggered cell FDRE clocked by clk_fpga_0  {rise@0.000ns fall@20.000ns period=40.000ns})
  Destination:            design_1_i/axi_smc/inst/clk_map/psr_aclk/U0/EXT_LPF/ACTIVE_LOW_AUX.ACT_LO_AUX/syncstages_ff_reg[0]/D
                            (rising edge-triggered cell FDRE clocked by clk_fpga_0  {rise@0.000ns fall@20.000ns period=40.000ns})
  Path Group:             (none)
  Path Type:              Hold (Min at Fast Process Corner)
  Data Path Delay:        0.800ns  (logic 0.187ns (23.363%)  route 0.613ns (76.637%))
  Logic Levels:           1  (LUT1=1)
  Clock Path Skew:        0.350ns (DCD - SCD - CPR)
    Destination Clock Delay (DCD):    1.728ns
    Source Clock Delay      (SCD):    1.377ns
    Clock Pessimism Removal (CPR):    -0.000ns
  Clock Uncertainty:      0.601ns  ((TSJ^2 + TIJ^2)^1/2 + DJ) / 2 + PE
    Total System Jitter     (TSJ):    0.071ns
    Total Input Jitter      (TIJ):    1.200ns
    Discrete Jitter          (DJ):    0.000ns
    Phase Error              (PE):    0.000ns
  Timing Exception:       False Path

    Location             Delay type                Incr(ns)  Path(ns)    Netlist Resource(s)
  -------------------------------------------------------------------    -------------------
                         (clock clk_fpga_0 rise edge)
                                                      0.000     0.000 r  
    PS7_X0Y0             PS7                          0.000     0.000 r  design_1_i/processing_system7_0/inst/PS7_i/FCLKCLK[0]
                         net (fo=1, routed)           0.774     0.774    design_1_i/processing_system7_0/inst/FCLK_CLK_unbuffered[0]
    BUFGCTRL_X0Y16       BUFG (Prop_bufg_I_O)         0.026     0.800 r  design_1_i/processing_system7_0/inst/buffer_fclk_clk_0.FCLK_CLK_0_BUFG/O
                         net (fo=2030, routed)        0.578     1.377    design_1_i/rst_ps7_0_50M/U0/slowest_sync_clk
    SLICE_X40Y78         FDRE                                         r  design_1_i/rst_ps7_0_50M/U0/ACTIVE_LOW_PR_OUT_DFF[0].FDRE_PER_N/C
  -------------------------------------------------------------------    -------------------
    SLICE_X40Y78         FDRE (Prop_fdre_C_Q)         0.141     1.518 f  design_1_i/rst_ps7_0_50M/U0/ACTIVE_LOW_PR_OUT_DFF[0].FDRE_PER_N/Q
                         net (fo=15, routed)          0.498     2.017    design_1_i/axi_smc/inst/clk_map/psr_aclk/U0/EXT_LPF/aresetn
    SLICE_X31Y80         LUT1 (Prop_lut1_I0_O)        0.046     2.063 r  design_1_i/axi_smc/inst/clk_map/psr_aclk/U0/EXT_LPF/ACTIVE_LOW_AUX.ACT_LO_AUX_i_1/O
                         net (fo=1, routed)           0.115     2.178    design_1_i/axi_smc/inst/clk_map/psr_aclk/U0/EXT_LPF/ACTIVE_LOW_AUX.ACT_LO_AUX/src_in
    SLICE_X31Y82         FDRE                                         r  design_1_i/axi_smc/inst/clk_map/psr_aclk/U0/EXT_LPF/ACTIVE_LOW_AUX.ACT_LO_AUX/syncstages_ff_reg[0]/D
  -------------------------------------------------------------------    -------------------

                         (clock clk_fpga_0 rise edge)
                                                      0.000     0.000 r  
    PS7_X0Y0             PS7                          0.000     0.000 r  design_1_i/processing_system7_0/inst/PS7_i/FCLKCLK[0]
                         net (fo=1, routed)           0.879     0.879    design_1_i/processing_system7_0/inst/FCLK_CLK_unbuffered[0]
    BUFGCTRL_X0Y16       BUFG (Prop_bufg_I_O)         0.029     0.908 r  design_1_i/processing_system7_0/inst/buffer_fclk_clk_0.FCLK_CLK_0_BUFG/O
                         net (fo=2030, routed)        0.820     1.728    design_1_i/axi_smc/inst/clk_map/psr_aclk/U0/EXT_LPF/ACTIVE_LOW_AUX.ACT_LO_AUX/dest_clk
    SLICE_X31Y82         FDRE                                         r  design_1_i/axi_smc/inst/clk_map/psr_aclk/U0/EXT_LPF/ACTIVE_LOW_AUX.ACT_LO_AUX/syncstages_ff_reg[0]/C

Slack:                    inf
  Source:                 design_1_i/axi_smc/inst/clk_map/psr_aclk/U0/ACTIVE_LOW_BSR_OUT_DFF[0].FDRE_BSR_N/C
                            (rising edge-triggered cell FDRE clocked by clk_fpga_0  {rise@0.000ns fall@20.000ns period=40.000ns})
  Destination:            design_1_i/axi_smc/inst/m01_nodes/m01_ar_node/inst/s_sc_xpm_cdc_async_rst_inst/arststages_ff_reg[0]/CLR
                            (removal check against rising-edge clock clk_fpga_0  {rise@0.000ns fall@20.000ns period=40.000ns})
  Path Group:             (none)
  Path Type:              Removal (Min at Fast Process Corner)
  Data Path Delay:        0.836ns  (logic 0.192ns (22.977%)  route 0.644ns (77.023%))
  Logic Levels:           1  (LUT1=1)
  Clock Path Skew:        0.374ns (DCD - SCD - CPR)
    Destination Clock Delay (DCD):    1.729ns
    Source Clock Delay      (SCD):    1.354ns
    Clock Pessimism Removal (CPR):    -0.000ns
  Clock Uncertainty:      0.601ns  ((TSJ^2 + TIJ^2)^1/2 + DJ) / 2 + PE
    Total System Jitter     (TSJ):    0.071ns
    Total Input Jitter      (TIJ):    1.200ns
    Discrete Jitter          (DJ):    0.000ns
    Phase Error              (PE):    0.000ns
  Timing Exception:       False Path

    Location             Delay type                Incr(ns)  Path(ns)    Netlist Resource(s)
  -------------------------------------------------------------------    -------------------
                         (clock clk_fpga_0 rise edge)
                                                      0.000     0.000 r  
    PS7_X0Y0             PS7                          0.000     0.000 r  design_1_i/processing_system7_0/inst/PS7_i/FCLKCLK[0]
                         net (fo=1, routed)           0.774     0.774    design_1_i/processing_system7_0/inst/FCLK_CLK_unbuffered[0]
    BUFGCTRL_X0Y16       BUFG (Prop_bufg_I_O)         0.026     0.800 r  design_1_i/processing_system7_0/inst/buffer_fclk_clk_0.FCLK_CLK_0_BUFG/O
                         net (fo=2030, routed)        0.555     1.354    design_1_i/axi_smc/inst/clk_map/psr_aclk/U0/aclk
    SLICE_X26Y85         FDRE                                         r  design_1_i/axi_smc/inst/clk_map/psr_aclk/U0/ACTIVE_LOW_BSR_OUT_DFF[0].FDRE_BSR_N/C
  -------------------------------------------------------------------    -------------------
    SLICE_X26Y85         FDRE (Prop_fdre_C_Q)         0.141     1.495 r  design_1_i/axi_smc/inst/clk_map/psr_aclk/U0/ACTIVE_LOW_BSR_OUT_DFF[0].FDRE_BSR_N/Q
                         net (fo=25, routed)          0.462     1.958    design_1_i/axi_smc/inst/m01_nodes/m01_ar_node/inst/s_sc_xpm_cdc_async_rst_inst/src_arst
    SLICE_X14Y83         LUT1 (Prop_lut1_I0_O)        0.051     2.009 f  design_1_i/axi_smc/inst/m01_nodes/m01_ar_node/inst/s_sc_xpm_cdc_async_rst_inst/arststages_ff[2]_i_1/O
                         net (fo=3, routed)           0.181     2.190    design_1_i/axi_smc/inst/m01_nodes/m01_ar_node/inst/s_sc_xpm_cdc_async_rst_inst/reset_pol
    SLICE_X14Y83         FDCE                                         f  design_1_i/axi_smc/inst/m01_nodes/m01_ar_node/inst/s_sc_xpm_cdc_async_rst_inst/arststages_ff_reg[0]/CLR
  -------------------------------------------------------------------    -------------------

                         (clock clk_fpga_0 rise edge)
                                                      0.000     0.000 r  
    PS7_X0Y0             PS7                          0.000     0.000 r  design_1_i/processing_system7_0/inst/PS7_i/FCLKCLK[0]
                         net (fo=1, routed)           0.879     0.879    design_1_i/processing_system7_0/inst/FCLK_CLK_unbuffered[0]
    BUFGCTRL_X0Y16       BUFG (Prop_bufg_I_O)         0.029     0.908 r  design_1_i/processing_system7_0/inst/buffer_fclk_clk_0.FCLK_CLK_0_BUFG/O
                         net (fo=2030, routed)        0.821     1.729    design_1_i/axi_smc/inst/m01_nodes/m01_ar_node/inst/s_sc_xpm_cdc_async_rst_inst/dest_clk
    SLICE_X14Y83         FDCE                                         r  design_1_i/axi_smc/inst/m01_nodes/m01_ar_node/inst/s_sc_xpm_cdc_async_rst_inst/arststages_ff_reg[0]/C

Slack:                    inf
  Source:                 design_1_i/axi_smc/inst/clk_map/psr_aclk/U0/ACTIVE_LOW_BSR_OUT_DFF[0].FDRE_BSR_N/C
                            (rising edge-triggered cell FDRE clocked by clk_fpga_0  {rise@0.000ns fall@20.000ns period=40.000ns})
  Destination:            design_1_i/axi_smc/inst/m01_nodes/m01_ar_node/inst/s_sc_xpm_cdc_async_rst_inst/arststages_ff_reg[1]/CLR
                            (removal check against rising-edge clock clk_fpga_0  {rise@0.000ns fall@20.000ns period=40.000ns})
  Path Group:             (none)
  Path Type:              Removal (Min at Fast Process Corner)
  Data Path Delay:        0.836ns  (logic 0.192ns (22.977%)  route 0.644ns (77.023%))
  Logic Levels:           1  (LUT1=1)
  Clock Path Skew:        0.374ns (DCD - SCD - CPR)
    Destination Clock Delay (DCD):    1.729ns
    Source Clock Delay      (SCD):    1.354ns
    Clock Pessimism Removal (CPR):    -0.000ns
  Clock Uncertainty:      0.601ns  ((TSJ^2 + TIJ^2)^1/2 + DJ) / 2 + PE
    Total System Jitter     (TSJ):    0.071ns
    Total Input Jitter      (TIJ):    1.200ns
    Discrete Jitter          (DJ):    0.000ns
    Phase Error              (PE):    0.000ns
  Timing Exception:       False Path

    Location             Delay type                Incr(ns)  Path(ns)    Netlist Resource(s)
  -------------------------------------------------------------------    -------------------
                         (clock clk_fpga_0 rise edge)
                                                      0.000     0.000 r  
    PS7_X0Y0             PS7                          0.000     0.000 r  design_1_i/processing_system7_0/inst/PS7_i/FCLKCLK[0]
                         net (fo=1, routed)           0.774     0.774    design_1_i/processing_system7_0/inst/FCLK_CLK_unbuffered[0]
    BUFGCTRL_X0Y16       BUFG (Prop_bufg_I_O)         0.026     0.800 r  design_1_i/processing_system7_0/inst/buffer_fclk_clk_0.FCLK_CLK_0_BUFG/O
                         net (fo=2030, routed)        0.555     1.354    design_1_i/axi_smc/inst/clk_map/psr_aclk/U0/aclk
    SLICE_X26Y85         FDRE                                         r  design_1_i/axi_smc/inst/clk_map/psr_aclk/U0/ACTIVE_LOW_BSR_OUT_DFF[0].FDRE_BSR_N/C
  -------------------------------------------------------------------    -------------------
    SLICE_X26Y85         FDRE (Prop_fdre_C_Q)         0.141     1.495 r  design_1_i/axi_smc/inst/clk_map/psr_aclk/U0/ACTIVE_LOW_BSR_OUT_DFF[0].FDRE_BSR_N/Q
                         net (fo=25, routed)          0.462     1.958    design_1_i/axi_smc/inst/m01_nodes/m01_ar_node/inst/s_sc_xpm_cdc_async_rst_inst/src_arst
    SLICE_X14Y83         LUT1 (Prop_lut1_I0_O)        0.051     2.009 f  design_1_i/axi_smc/inst/m01_nodes/m01_ar_node/inst/s_sc_xpm_cdc_async_rst_inst/arststages_ff[2]_i_1/O
                         net (fo=3, routed)           0.181     2.190    design_1_i/axi_smc/inst/m01_nodes/m01_ar_node/inst/s_sc_xpm_cdc_async_rst_inst/reset_pol
    SLICE_X14Y83         FDCE                                         f  design_1_i/axi_smc/inst/m01_nodes/m01_ar_node/inst/s_sc_xpm_cdc_async_rst_inst/arststages_ff_reg[1]/CLR
  -------------------------------------------------------------------    -------------------

                         (clock clk_fpga_0 rise edge)
                                                      0.000     0.000 r  
    PS7_X0Y0             PS7                          0.000     0.000 r  design_1_i/processing_system7_0/inst/PS7_i/FCLKCLK[0]
                         net (fo=1, routed)           0.879     0.879    design_1_i/processing_system7_0/inst/FCLK_CLK_unbuffered[0]
    BUFGCTRL_X0Y16       BUFG (Prop_bufg_I_O)         0.029     0.908 r  design_1_i/processing_system7_0/inst/buffer_fclk_clk_0.FCLK_CLK_0_BUFG/O
                         net (fo=2030, routed)        0.821     1.729    design_1_i/axi_smc/inst/m01_nodes/m01_ar_node/inst/s_sc_xpm_cdc_async_rst_inst/dest_clk
    SLICE_X14Y83         FDCE                                         r  design_1_i/axi_smc/inst/m01_nodes/m01_ar_node/inst/s_sc_xpm_cdc_async_rst_inst/arststages_ff_reg[1]/C

Slack:                    inf
  Source:                 design_1_i/axi_smc/inst/clk_map/psr_aclk/U0/ACTIVE_LOW_BSR_OUT_DFF[0].FDRE_BSR_N/C
                            (rising edge-triggered cell FDRE clocked by clk_fpga_0  {rise@0.000ns fall@20.000ns period=40.000ns})
  Destination:            design_1_i/axi_smc/inst/m01_nodes/m01_ar_node/inst/s_sc_xpm_cdc_async_rst_inst/arststages_ff_reg[2]/CLR
                            (removal check against rising-edge clock clk_fpga_0  {rise@0.000ns fall@20.000ns period=40.000ns})
  Path Group:             (none)
  Path Type:              Removal (Min at Fast Process Corner)
  Data Path Delay:        0.836ns  (logic 0.192ns (22.977%)  route 0.644ns (77.023%))
  Logic Levels:           1  (LUT1=1)
  Clock Path Skew:        0.374ns (DCD - SCD - CPR)
    Destination Clock Delay (DCD):    1.729ns
    Source Clock Delay      (SCD):    1.354ns
    Clock Pessimism Removal (CPR):    -0.000ns
  Clock Uncertainty:      0.601ns  ((TSJ^2 + TIJ^2)^1/2 + DJ) / 2 + PE
    Total System Jitter     (TSJ):    0.071ns
    Total Input Jitter      (TIJ):    1.200ns
    Discrete Jitter          (DJ):    0.000ns
    Phase Error              (PE):    0.000ns
  Timing Exception:       False Path

    Location             Delay type                Incr(ns)  Path(ns)    Netlist Resource(s)
  -------------------------------------------------------------------    -------------------
                         (clock clk_fpga_0 rise edge)
                                                      0.000     0.000 r  
    PS7_X0Y0             PS7                          0.000     0.000 r  design_1_i/processing_system7_0/inst/PS7_i/FCLKCLK[0]
                         net (fo=1, routed)           0.774     0.774    design_1_i/processing_system7_0/inst/FCLK_CLK_unbuffered[0]
    BUFGCTRL_X0Y16       BUFG (Prop_bufg_I_O)         0.026     0.800 r  design_1_i/processing_system7_0/inst/buffer_fclk_clk_0.FCLK_CLK_0_BUFG/O
                         net (fo=2030, routed)        0.555     1.354    design_1_i/axi_smc/inst/clk_map/psr_aclk/U0/aclk
    SLICE_X26Y85         FDRE                                         r  design_1_i/axi_smc/inst/clk_map/psr_aclk/U0/ACTIVE_LOW_BSR_OUT_DFF[0].FDRE_BSR_N/C
  -------------------------------------------------------------------    -------------------
    SLICE_X26Y85         FDRE (Prop_fdre_C_Q)         0.141     1.495 r  design_1_i/axi_smc/inst/clk_map/psr_aclk/U0/ACTIVE_LOW_BSR_OUT_DFF[0].FDRE_BSR_N/Q
                         net (fo=25, routed)          0.462     1.958    design_1_i/axi_smc/inst/m01_nodes/m01_ar_node/inst/s_sc_xpm_cdc_async_rst_inst/src_arst
    SLICE_X14Y83         LUT1 (Prop_lut1_I0_O)        0.051     2.009 f  design_1_i/axi_smc/inst/m01_nodes/m01_ar_node/inst/s_sc_xpm_cdc_async_rst_inst/arststages_ff[2]_i_1/O
                         net (fo=3, routed)           0.181     2.190    design_1_i/axi_smc/inst/m01_nodes/m01_ar_node/inst/s_sc_xpm_cdc_async_rst_inst/reset_pol
    SLICE_X14Y83         FDCE                                         f  design_1_i/axi_smc/inst/m01_nodes/m01_ar_node/inst/s_sc_xpm_cdc_async_rst_inst/arststages_ff_reg[2]/CLR
  -------------------------------------------------------------------    -------------------

                         (clock clk_fpga_0 rise edge)
                                                      0.000     0.000 r  
    PS7_X0Y0             PS7                          0.000     0.000 r  design_1_i/processing_system7_0/inst/PS7_i/FCLKCLK[0]
                         net (fo=1, routed)           0.879     0.879    design_1_i/processing_system7_0/inst/FCLK_CLK_unbuffered[0]
    BUFGCTRL_X0Y16       BUFG (Prop_bufg_I_O)         0.029     0.908 r  design_1_i/processing_system7_0/inst/buffer_fclk_clk_0.FCLK_CLK_0_BUFG/O
                         net (fo=2030, routed)        0.821     1.729    design_1_i/axi_smc/inst/m01_nodes/m01_ar_node/inst/s_sc_xpm_cdc_async_rst_inst/dest_clk
    SLICE_X14Y83         FDCE                                         r  design_1_i/axi_smc/inst/m01_nodes/m01_ar_node/inst/s_sc_xpm_cdc_async_rst_inst/arststages_ff_reg[2]/C





