Copyright 1986-2022 Xilinx, Inc. All Rights Reserved. Copyright 2022-2025 Advanced Micro Devices, Inc. All Rights Reserved.
---------------------------------------------------------------------------------------------------------------------------------------------
| Tool Version : Vivado v.2025.2 (win64) Build 6299465 Fri Nov 14 19:35:11 GMT 2025
| Date         : Mon Jan  5 12:44:49 2026
| Host         : arthur-desktop running 64-bit major release  (build 9200)
| Command      : report_control_sets -verbose -file design_1_wrapper_control_sets_placed.rpt
| Design       : design_1_wrapper
| Device       : xc7z007s
---------------------------------------------------------------------------------------------------------------------------------------------

Control Set Information

Table of Contents
-----------------
1. Summary
2. Histogram
3. Flip-Flop Distribution
4. Detailed Control Set Information

1. Summary
----------

+----------------------------------------------------------+-------+
|                          Status                          | Count |
+----------------------------------------------------------+-------+
| Total control sets                                       |   205 |
|    Minimum number of control sets                        |   205 |
|    Addition due to synthesis replication                 |     0 |
|    Addition due to physical synthesis replication        |     0 |
| Unused register locations in slices containing registers |   531 |
+----------------------------------------------------------+-------+
* Control sets can be merged at opt_design using control_set_merge or merge_equivalent_drivers
** Run report_qor_suggestions for automated merging and remapping suggestions


2. Histogram
------------

+--------------------+-------+
|       Fanout       | Count |
+--------------------+-------+
| Total control sets |   205 |
| >= 0 to < 4        |    53 |
| >= 4 to < 6        |    17 |
| >= 6 to < 8        |     9 |
| >= 8 to < 10       |    90 |
| >= 10 to < 12      |     6 |
| >= 12 to < 14      |    12 |
| >= 14 to < 16      |     1 |
| >= 16              |    17 |
+--------------------+-------+
* Control sets can be remapped at either synth_design or opt_design


3. Flip-Flop Distribution
-------------------------

+--------------+-----------------------+------------------------+-----------------+--------------+
| Clock Enable | Synchronous Set/Reset | Asynchronous Set/Reset | Total Registers | Total Slices |
+--------------+-----------------------+------------------------+-----------------+--------------+
| No           | No                    | No                     |             164 |           67 |
| No           | No                    | Yes                    |              75 |           25 |
| No           | Yes                   | No                     |             165 |           87 |
| Yes          | No                    | No                     |             440 |          159 |
| Yes          | No                    | Yes                    |               0 |            0 |
| Yes          | Yes                   | No                     |            1153 |          434 |
+--------------+-----------------------+------------------------+-----------------+--------------+


4. Detailed Control Set Information
-----------------------------------

+-------------------------------------------------+------------------------------------------------------------------------------------------------------------------------------------------------------------------------------------------------+-----------------------------------------------------------------------------------------------------------------------------------------------------------------------------+------------------+----------------+--------------+
|                   Clock Signal                  |                                                                                          Enable Signal                                                                                         |                                                                               Set/Reset Signal                                                                              | Slice Load Count | Bel Load Count | Bels / Slice |
+-------------------------------------------------+------------------------------------------------------------------------------------------------------------------------------------------------------------------------------------------------+-----------------------------------------------------------------------------------------------------------------------------------------------------------------------------+------------------+----------------+--------------+
|  design_1_i/processing_system7_0/inst/FCLK_CLK0 |                                                                                                                                                                                                | design_1_i/axi_smc/inst/m00_nodes/m00_b_node/inst/s_sc_areset_pipe                                                                                                          |                1 |              1 |         1.00 |
|  design_1_i/processing_system7_0/inst/FCLK_CLK0 |                                                                                                                                                                                                | design_1_i/axi_smc/inst/switchboards/i_nodes/i_w_node/inst/s_sc_areset_pipe                                                                                                 |                1 |              1 |         1.00 |
|  design_1_i/processing_system7_0/inst/FCLK_CLK0 |                                                                                                                                                                                                | design_1_i/axi_smc/inst/s00_nodes/s00_ar_node/inst/s_sc_areset_pipe                                                                                                         |                1 |              1 |         1.00 |
|  design_1_i/processing_system7_0/inst/FCLK_CLK0 |                                                                                                                                                                                                | design_1_i/axi_smc/inst/switchboards/i_nodes/i_b_node/inst/s_sc_areset_pipe                                                                                                 |                1 |              1 |         1.00 |
|  design_1_i/processing_system7_0/inst/FCLK_CLK0 |                                                                                                                                                                                                | design_1_i/axi_smc/inst/m00_nodes/m00_ar_node/inst/s_sc_areset_pipe                                                                                                         |                1 |              1 |         1.00 |
|  design_1_i/processing_system7_0/inst/FCLK_CLK0 |                                                                                                                                                                                                | design_1_i/axi_smc/inst/s00_nodes/s00_w_node/inst/s_sc_areset_pipe                                                                                                          |                1 |              1 |         1.00 |
|  design_1_i/processing_system7_0/inst/FCLK_CLK0 |                                                                                                                                                                                                | design_1_i/axi_smc/inst/switchboards/i_nodes/i_aw_node/inst/s_sc_areset_pipe                                                                                                |                1 |              1 |         1.00 |
|  design_1_i/processing_system7_0/inst/FCLK_CLK0 |                                                                                                                                                                                                | design_1_i/axi_smc/inst/m00_nodes/m00_aw_node/inst/s_sc_areset_pipe                                                                                                         |                1 |              1 |         1.00 |
|  design_1_i/processing_system7_0/inst/FCLK_CLK0 |                                                                                                                                                                                                | design_1_i/axi_smc/inst/m01_nodes/m01_ar_node/inst/s_sc_areset_pipe                                                                                                         |                1 |              1 |         1.00 |
|  design_1_i/processing_system7_0/inst/FCLK_CLK0 |                                                                                                                                                                                                | design_1_i/axi_smc/inst/s00_nodes/s00_b_node/inst/s_sc_areset_pipe                                                                                                          |                1 |              1 |         1.00 |
|  design_1_i/processing_system7_0/inst/FCLK_CLK0 |                                                                                                                                                                                                | design_1_i/axi_smc/inst/m01_nodes/m01_aw_node/inst/s_sc_areset_pipe                                                                                                         |                1 |              1 |         1.00 |
|  design_1_i/processing_system7_0/inst/FCLK_CLK0 |                                                                                                                                                                                                | design_1_i/axi_smc/inst/switchboards/i_nodes/i_r_node/inst/s_sc_areset_pipe                                                                                                 |                1 |              1 |         1.00 |
|  design_1_i/processing_system7_0/inst/FCLK_CLK0 |                                                                                                                                                                                                | design_1_i/axi_smc/inst/m01_nodes/m01_b_node/inst/s_sc_areset_pipe                                                                                                          |                1 |              1 |         1.00 |
|  design_1_i/processing_system7_0/inst/FCLK_CLK0 |                                                                                                                                                                                                | design_1_i/axi_smc/inst/s00_nodes/s00_aw_node/inst/s_sc_areset_pipe                                                                                                         |                1 |              1 |         1.00 |
|  design_1_i/processing_system7_0/inst/FCLK_CLK0 |                                                                                                                                                                                                | design_1_i/axi_smc/inst/m01_nodes/m01_r_node/inst/s_sc_areset_pipe                                                                                                          |                1 |              1 |         1.00 |
|  design_1_i/processing_system7_0/inst/FCLK_CLK0 |                                                                                                                                                                                                | design_1_i/axi_smc/inst/s00_nodes/s00_r_node/inst/s_sc_areset_pipe                                                                                                          |                1 |              1 |         1.00 |
|  design_1_i/processing_system7_0/inst/FCLK_CLK0 |                                                                                                                                                                                                | design_1_i/axi_smc/inst/m01_nodes/m01_w_node/inst/s_sc_areset_pipe                                                                                                          |                1 |              1 |         1.00 |
|  design_1_i/processing_system7_0/inst/FCLK_CLK0 |                                                                                                                                                                                                | design_1_i/axi_smc/inst/m00_nodes/m00_r_node/inst/s_sc_areset_pipe                                                                                                          |                1 |              1 |         1.00 |
|  design_1_i/processing_system7_0/inst/FCLK_CLK0 |                                                                                                                                                                                                | design_1_i/axi_smc/inst/switchboards/i_nodes/i_ar_node/inst/s_sc_areset_pipe                                                                                                |                1 |              1 |         1.00 |
|  design_1_i/processing_system7_0/inst/FCLK_CLK0 |                                                                                                                                                                                                | design_1_i/axi_smc/inst/m00_nodes/m00_w_node/inst/s_sc_areset_pipe                                                                                                          |                1 |              1 |         1.00 |
|  design_1_i/processing_system7_0/inst/FCLK_CLK0 | design_1_i/axi_smc/inst/s00_entry_pipeline/s00_si_converter/inst/gen_normal.splitter_inst/gen_rsplitter.gen_rthread_loop[0].r_split_fifo/gen_srls[0].srl_nx1/shift                             |                                                                                                                                                                             |                1 |              1 |         1.00 |
|  design_1_i/processing_system7_0/inst/FCLK_CLK0 | design_1_i/axi_smc/inst/s00_entry_pipeline/s00_si_converter/inst/gen_normal.splitter_inst/gen_wsplitter.gen_wthread_loop[0].b_split_fifo/gen_srls[0].srl_nx1/shift_reg_reg[0]_srl16_i_1__3_n_0 |                                                                                                                                                                             |                1 |              1 |         1.00 |
|  design_1_i/processing_system7_0/inst/FCLK_CLK0 | design_1_i/axi_smc/inst/s00_entry_pipeline/s00_si_converter/inst/gen_normal.splitter_inst/gen_wsplitter.w_split_fifo/gen_srls[4].srl_nx1/shift                                                 |                                                                                                                                                                             |                1 |              1 |         1.00 |
|  design_1_i/processing_system7_0/inst/FCLK_CLK0 | design_1_i/axi_smc/inst/s00_entry_pipeline/s00_si_converter/inst/gen_normal.splitter_inst/gen_wsplitter.w_split_fifo/gen_pipelined.load_mesg                                                   |                                                                                                                                                                             |                1 |              1 |         1.00 |
|  design_1_i/processing_system7_0/inst/FCLK_CLK0 | design_1_i/axi_smc/inst/s00_entry_pipeline/s00_si_converter/inst/gen_normal.splitter_inst/gen_wsplitter.wsplit_first_offset_fifo/gen_srls[2].srl_nx1/shift                                     |                                                                                                                                                                             |                1 |              1 |         1.00 |
|  design_1_i/processing_system7_0/inst/FCLK_CLK0 | design_1_i/axi_smc/inst/s00_entry_pipeline/s00_si_converter/inst/gen_normal.splitter_inst/gen_wsplitter.wsplit_last_offset_fifo/gen_srls[2].srl_nx1/shift                                      |                                                                                                                                                                             |                1 |              1 |         1.00 |
|  design_1_i/processing_system7_0/inst/FCLK_CLK0 |                                                                                                                                                                                                | design_1_i/axi_smc/inst/m01_nodes/m01_r_node/inst/s_sc_xpm_cdc_async_rst_inst/reset_pol                                                                                     |                1 |              3 |         3.00 |
|  design_1_i/processing_system7_0/inst/FCLK_CLK0 |                                                                                                                                                                                                | design_1_i/axi_smc/inst/m01_nodes/m01_w_node/inst/s_sc_xpm_cdc_async_rst_inst/reset_pol                                                                                     |                1 |              3 |         3.00 |
|  design_1_i/processing_system7_0/inst/FCLK_CLK0 |                                                                                                                                                                                                | design_1_i/axi_smc/inst/m00_nodes/m00_w_node/inst/s_sc_xpm_cdc_async_rst_inst/reset_pol                                                                                     |                1 |              3 |         3.00 |
|  design_1_i/processing_system7_0/inst/FCLK_CLK0 |                                                                                                                                                                                                | design_1_i/axi_smc/inst/m00_nodes/m00_ar_node/inst/s_sc_xpm_cdc_async_rst_inst/reset_pol                                                                                    |                1 |              3 |         3.00 |
|  design_1_i/processing_system7_0/inst/FCLK_CLK0 |                                                                                                                                                                                                | design_1_i/axi_smc/inst/m00_nodes/m00_aw_node/inst/s_sc_xpm_cdc_async_rst_inst/reset_pol                                                                                    |                1 |              3 |         3.00 |
|  design_1_i/processing_system7_0/inst/FCLK_CLK0 |                                                                                                                                                                                                | design_1_i/axi_smc/inst/m00_nodes/m00_b_node/inst/s_sc_xpm_cdc_async_rst_inst/reset_pol                                                                                     |                1 |              3 |         3.00 |
|  design_1_i/processing_system7_0/inst/FCLK_CLK0 |                                                                                                                                                                                                | design_1_i/axi_smc/inst/m00_nodes/m00_r_node/inst/s_sc_xpm_cdc_async_rst_inst/reset_pol                                                                                     |                1 |              3 |         3.00 |
|  design_1_i/processing_system7_0/inst/FCLK_CLK0 |                                                                                                                                                                                                | design_1_i/axi_smc/inst/s00_entry_pipeline/s00_si_converter/inst/xpm_cdc_async_rst_inst/reset_pol                                                                           |                1 |              3 |         3.00 |
|  design_1_i/processing_system7_0/inst/FCLK_CLK0 |                                                                                                                                                                                                | design_1_i/axi_smc/inst/s00_entry_pipeline/s00_transaction_regulator/inst/xpm_cdc_async_rst_inst/reset_pol                                                                  |                1 |              3 |         3.00 |
|  design_1_i/processing_system7_0/inst/FCLK_CLK0 |                                                                                                                                                                                                | design_1_i/axi_smc/inst/s00_nodes/s00_aw_node/inst/s_sc_xpm_cdc_async_rst_inst/reset_pol                                                                                    |                1 |              3 |         3.00 |
|  design_1_i/processing_system7_0/inst/FCLK_CLK0 |                                                                                                                                                                                                | design_1_i/axi_smc/inst/s00_nodes/s00_ar_node/inst/s_sc_xpm_cdc_async_rst_inst/reset_pol                                                                                    |                1 |              3 |         3.00 |
|  design_1_i/processing_system7_0/inst/FCLK_CLK0 |                                                                                                                                                                                                | design_1_i/axi_smc/inst/s00_nodes/s00_r_node/inst/s_sc_xpm_cdc_async_rst_inst/reset_pol                                                                                     |                1 |              3 |         3.00 |
|  design_1_i/processing_system7_0/inst/FCLK_CLK0 |                                                                                                                                                                                                | design_1_i/axi_smc/inst/s00_nodes/s00_w_node/inst/s_sc_xpm_cdc_async_rst_inst/reset_pol                                                                                     |                1 |              3 |         3.00 |
|  design_1_i/processing_system7_0/inst/FCLK_CLK0 |                                                                                                                                                                                                | design_1_i/axi_smc/inst/s00_nodes/s00_b_node/inst/s_sc_xpm_cdc_async_rst_inst/reset_pol                                                                                     |                1 |              3 |         3.00 |
|  design_1_i/processing_system7_0/inst/FCLK_CLK0 |                                                                                                                                                                                                | design_1_i/axi_smc/inst/switchboards/i_nodes/i_ar_node/inst/s_sc_xpm_cdc_async_rst_inst/reset_pol                                                                           |                1 |              3 |         3.00 |
|  design_1_i/processing_system7_0/inst/FCLK_CLK0 |                                                                                                                                                                                                | design_1_i/axi_smc/inst/switchboards/i_nodes/i_aw_node/inst/s_sc_xpm_cdc_async_rst_inst/reset_pol                                                                           |                1 |              3 |         3.00 |
|  design_1_i/processing_system7_0/inst/FCLK_CLK0 |                                                                                                                                                                                                | design_1_i/axi_smc/inst/switchboards/i_nodes/i_b_node/inst/s_sc_xpm_cdc_async_rst_inst/reset_pol                                                                            |                1 |              3 |         3.00 |
|  design_1_i/processing_system7_0/inst/FCLK_CLK0 |                                                                                                                                                                                                | design_1_i/axi_smc/inst/switchboards/i_nodes/i_r_node/inst/s_sc_xpm_cdc_async_rst_inst/reset_pol                                                                            |                1 |              3 |         3.00 |
|  design_1_i/processing_system7_0/inst/FCLK_CLK0 |                                                                                                                                                                                                | design_1_i/axi_smc/inst/switchboards/i_nodes/i_w_node/inst/s_sc_xpm_cdc_async_rst_inst/reset_pol                                                                            |                1 |              3 |         3.00 |
|  design_1_i/processing_system7_0/inst/FCLK_CLK0 | design_1_i/axi_smc/inst/s00_entry_pipeline/s00_si_converter/inst/converter.low_area_converter.low_area_wrap_inst/gen_rsplitter.ar_split_state_reg[0]                                           |                                                                                                                                                                             |                2 |              3 |         1.50 |
|  design_1_i/processing_system7_0/inst/FCLK_CLK0 |                                                                                                                                                                                                | design_1_i/axi_smc/inst/m01_exit_pipeline/m01_exit/inst/xpm_cdc_async_rst_inst/reset_pol                                                                                    |                1 |              3 |         3.00 |
|  design_1_i/processing_system7_0/inst/FCLK_CLK0 |                                                                                                                                                                                                | design_1_i/axi_smc/inst/m00_exit_pipeline/m00_exit/inst/xpm_cdc_async_rst_inst/reset_pol                                                                                    |                1 |              3 |         3.00 |
|  design_1_i/processing_system7_0/inst/FCLK_CLK0 |                                                                                                                                                                                                | design_1_i/axi_smc/inst/s00_entry_pipeline/s00_mmu/inst/xpm_cdc_async_rst_inst/reset_pol                                                                                    |                1 |              3 |         3.00 |
|  design_1_i/processing_system7_0/inst/FCLK_CLK0 |                                                                                                                                                                                                | design_1_i/axi_smc/inst/m01_nodes/m01_ar_node/inst/s_sc_xpm_cdc_async_rst_inst/reset_pol                                                                                    |                1 |              3 |         3.00 |
|  design_1_i/processing_system7_0/inst/FCLK_CLK0 |                                                                                                                                                                                                | design_1_i/axi_smc/inst/m01_nodes/m01_aw_node/inst/s_sc_xpm_cdc_async_rst_inst/reset_pol                                                                                    |                1 |              3 |         3.00 |
|  design_1_i/processing_system7_0/inst/FCLK_CLK0 |                                                                                                                                                                                                | design_1_i/axi_smc/inst/m01_nodes/m01_b_node/inst/s_sc_xpm_cdc_async_rst_inst/reset_pol                                                                                     |                1 |              3 |         3.00 |
|  design_1_i/processing_system7_0/inst/FCLK_CLK0 | design_1_i/axi_smc/inst/s00_entry_pipeline/s00_si_converter/inst/gen_normal.splitter_inst/gen_wsplitter.s_awroute_d[2]_i_1_n_0                                                                 |                                                                                                                                                                             |                2 |              3 |         1.50 |
|  design_1_i/processing_system7_0/inst/FCLK_CLK0 |                                                                                                                                                                                                | design_1_i/rst_ps7_0_50M/U0/EXT_LPF/lpf_int                                                                                                                                 |                2 |              4 |         2.00 |
|  design_1_i/processing_system7_0/inst/FCLK_CLK0 | design_1_i/axi_smc/inst/s00_entry_pipeline/s00_si_converter/inst/converter.low_area_converter.low_area_wrap_inst/conv_lock[0]                                                                  | design_1_i/axi_smc/inst/s00_entry_pipeline/s00_si_converter/inst/areset                                                                                                     |                1 |              4 |         4.00 |
|  design_1_i/processing_system7_0/inst/FCLK_CLK0 | design_1_i/axi_smc/inst/s00_entry_pipeline/s00_si_converter/inst/gen_normal.splitter_inst/gen_wsplitter.wsplit_first_offset_fifo/fifoaddr[3]_i_1__0_n_0                                        | design_1_i/axi_smc/inst/s00_entry_pipeline/s00_si_converter/inst/areset                                                                                                     |                1 |              4 |         4.00 |
|  design_1_i/processing_system7_0/inst/FCLK_CLK0 |                                                                                                                                                                                                | design_1_i/axi_smc/inst/switchboards/i_nodes/i_w_node/inst/inst_mi_handler/areset_r                                                                                         |                1 |              4 |         4.00 |
|  design_1_i/processing_system7_0/inst/FCLK_CLK0 | design_1_i/axi_smc/inst/s00_entry_pipeline/s00_si_converter/inst/gen_normal.splitter_inst/gen_rsplitter.gen_rthread_loop[0].r_split_fifo/fifoaddr[3]_i_1__3_n_0                                | design_1_i/axi_smc/inst/s00_entry_pipeline/s00_si_converter/inst/areset                                                                                                     |                1 |              4 |         4.00 |
|  design_1_i/processing_system7_0/inst/FCLK_CLK0 |                                                                                                                                                                                                | design_1_i/axi_smc/inst/clk_map/psr_aclk/U0/EXT_LPF/lpf_int                                                                                                                 |                3 |              4 |         1.33 |
|  design_1_i/processing_system7_0/inst/FCLK_CLK0 | design_1_i/axi_smc/inst/s00_entry_pipeline/s00_si_converter/inst/gen_normal.splitter_inst/gen_wsplitter.gen_wthread_loop[0].b_split_fifo/fifoaddr[3]_i_1__1_n_0                                | design_1_i/axi_smc/inst/s00_entry_pipeline/s00_si_converter/inst/areset                                                                                                     |                1 |              4 |         4.00 |
|  design_1_i/processing_system7_0/inst/FCLK_CLK0 | design_1_i/axi_smc/inst/s00_entry_pipeline/s00_si_converter/inst/gen_normal.splitter_inst/gen_wsplitter.w_split_fifo/fifoaddr[3]_i_1__2_n_0                                                    | design_1_i/axi_smc/inst/s00_entry_pipeline/s00_si_converter/inst/areset                                                                                                     |                1 |              4 |         4.00 |
|  design_1_i/processing_system7_0/inst/FCLK_CLK0 | design_1_i/axi_smc/inst/switchboards/i_nodes/i_w_node/inst/inst_mi_handler/gen_normal_area.gen_upsizer.inst_upsizer/gen_normal_area.upsizer_valid                                              | design_1_i/axi_smc/inst/switchboards/i_nodes/i_w_node/inst/inst_mi_handler/gen_normal_area.inst_fifo_node_payld/gen_reg_fifo.inst_reg_fifo/gen_single_rank.data[46]_i_1_n_0 |                2 |              4 |         2.00 |
|  design_1_i/processing_system7_0/inst/FCLK_CLK0 | design_1_i/axi_smc/inst/s00_entry_pipeline/s00_si_converter/inst/gen_normal.splitter_inst/gen_wsplitter.wsplit_last_offset_fifo/fifoaddr[3]_i_1_n_0                                            | design_1_i/axi_smc/inst/s00_entry_pipeline/s00_si_converter/inst/areset                                                                                                     |                1 |              4 |         4.00 |
|  design_1_i/processing_system7_0/inst/FCLK_CLK0 | design_1_i/axi_smc/inst/switchboards/i_nodes/i_w_node/inst/inst_mi_handler/gen_normal_area.gen_upsizer.inst_upsizer/gen_normal_area.upsizer_valid                                              | design_1_i/axi_smc/inst/switchboards/i_nodes/i_w_node/inst/inst_mi_handler/gen_normal_area.gen_upsizer.inst_upsizer/upsizer_valid_reg_0                                     |                2 |              4 |         2.00 |
|  design_1_i/processing_system7_0/inst/FCLK_CLK0 | design_1_i/axi_smc/inst/s00_entry_pipeline/s00_si_converter/inst/converter.low_area_converter.low_area_wrap_inst/w_resp_fifo/fifoaddr[4]_i_1_n_0                                               | design_1_i/axi_smc/inst/s00_entry_pipeline/s00_si_converter/inst/areset                                                                                                     |                1 |              5 |         5.00 |
|  design_1_i/processing_system7_0/inst/FCLK_CLK0 | design_1_i/axi_smc/inst/s00_entry_pipeline/s00_si_converter/inst/gen_normal.splitter_inst/ar_cmd_reg/E[0]                                                                                      | design_1_i/axi_smc/inst/s00_entry_pipeline/s00_si_converter/inst/areset                                                                                                     |                2 |              5 |         2.50 |
|  design_1_i/processing_system7_0/inst/FCLK_CLK0 | design_1_i/axi_smc/inst/s00_entry_pipeline/s00_si_converter/inst/gen_normal.splitter_inst/aw_cmd_reg/skid_buffer[1136]_i_1_n_0                                                                 |                                                                                                                                                                             |                2 |              5 |         2.50 |
|  design_1_i/processing_system7_0/inst/FCLK_CLK0 | design_1_i/axi_smc/inst/s00_entry_pipeline/s00_si_converter/inst/gen_normal.splitter_inst/gen_wsplitter.w_acceptance[4]_i_1_n_0                                                                | design_1_i/axi_smc/inst/s00_entry_pipeline/s00_si_converter/inst/areset                                                                                                     |                4 |              5 |         1.25 |
|  design_1_i/processing_system7_0/inst/FCLK_CLK0 | design_1_i/axi_smc/inst/switchboards/i_nodes/i_aw_node/inst/inst_mi_handler/gen_normal_area.inst_fifo_node_payld/gen_reg_fifo.inst_reg_fifo/gen_single_rank.data[132]_i_1_n_0                  |                                                                                                                                                                             |                2 |              5 |         2.50 |
|  design_1_i/processing_system7_0/inst/FCLK_CLK0 | design_1_i/axi_smc/inst/s00_entry_pipeline/s00_si_converter/inst/gen_normal.splitter_inst/aw_cmd_reg/m_vector_i[1070]_i_1_n_0                                                                  |                                                                                                                                                                             |                2 |              5 |         2.50 |
|  design_1_i/processing_system7_0/inst/FCLK_CLK0 | design_1_i/axi_smc/inst/s00_entry_pipeline/s00_si_converter/inst/converter.low_area_converter.low_area_wrap_inst/num_outstanding_writes[0]                                                     | design_1_i/axi_smc/inst/s00_entry_pipeline/s00_si_converter/inst/areset                                                                                                     |                3 |              6 |         2.00 |
|  design_1_i/processing_system7_0/inst/FCLK_CLK0 | design_1_i/axi_smc/inst/clk_map/psr_aclk/U0/SEQ/seq_cnt_en                                                                                                                                     | design_1_i/axi_smc/inst/clk_map/psr_aclk/U0/SEQ/SEQ_COUNTER/clear                                                                                                           |                1 |              6 |         6.00 |
|  design_1_i/processing_system7_0/inst/FCLK_CLK0 | design_1_i/axi_smc/inst/s00_entry_pipeline/s00_si_converter/inst/converter.low_area_converter.low_area_wrap_inst/num_outstanding_writes_resp[0]                                                | design_1_i/axi_smc/inst/s00_entry_pipeline/s00_si_converter/inst/areset                                                                                                     |                2 |              6 |         3.00 |
|  design_1_i/processing_system7_0/inst/FCLK_CLK0 | design_1_i/axi_smc/inst/s00_entry_pipeline/s00_si_converter/inst/converter.low_area_converter.low_area_wrap_inst/w_resp_fifo/E[0]                                                              | design_1_i/axi_smc/inst/s00_entry_pipeline/s00_si_converter/inst/areset                                                                                                     |                1 |              6 |         6.00 |
|  design_1_i/processing_system7_0/inst/FCLK_CLK0 | design_1_i/axi_smc/inst/s00_entry_pipeline/s00_si_converter/inst/converter.low_area_converter.low_area_wrap_inst/num_outstanding_bursts_read[0]                                                | design_1_i/axi_smc/inst/s00_entry_pipeline/s00_si_converter/inst/areset                                                                                                     |                2 |              6 |         3.00 |
|  design_1_i/processing_system7_0/inst/FCLK_CLK0 | design_1_i/rst_ps7_0_50M/U0/SEQ/seq_cnt_en                                                                                                                                                     | design_1_i/rst_ps7_0_50M/U0/SEQ/SEQ_COUNTER/clear                                                                                                                           |                2 |              6 |         3.00 |
|  design_1_i/processing_system7_0/inst/FCLK_CLK0 | design_1_i/axi_smc/inst/s00_entry_pipeline/s00_si_converter/inst/gen_normal.splitter_inst/ar_cmd_reg/skid_buffer[1136]_i_1__0_n_0                                                              |                                                                                                                                                                             |                2 |              7 |         3.50 |
|  design_1_i/processing_system7_0/inst/FCLK_CLK0 | design_1_i/axi_smc/inst/s00_entry_pipeline/s00_si_converter/inst/gen_normal.splitter_inst/ar_cmd_reg/m_vector_i[1070]_i_1__0_n_0                                                               |                                                                                                                                                                             |                2 |              7 |         3.50 |
|  design_1_i/processing_system7_0/inst/FCLK_CLK0 | design_1_i/axi_smc/inst/switchboards/i_nodes/i_ar_node/inst/inst_mi_handler/gen_normal_area.inst_fifo_node_payld/gen_reg_fifo.inst_reg_fifo/gen_single_rank.data[132]_i_1_n_0                  |                                                                                                                                                                             |                2 |              7 |         3.50 |
|  design_1_i/processing_system7_0/inst/FCLK_CLK0 | design_1_i/logmapAXI_0/U0/logmapAXI_slave_lite_v1_0_S00_AXI_inst/slv_reg2[15]_i_1_n_0                                                                                                          | design_1_i/logmapAXI_0/U0/logmapAXI_slave_lite_v1_0_S00_AXI_inst/axi_awready_i_1_n_0                                                                                        |                4 |              8 |         2.00 |
|  design_1_i/processing_system7_0/inst/FCLK_CLK0 | design_1_i/logmapAXI_0/U0/logmapAXI_slave_lite_v1_0_S00_AXI_inst/slv_reg2[23]_i_1_n_0                                                                                                          | design_1_i/logmapAXI_0/U0/logmapAXI_slave_lite_v1_0_S00_AXI_inst/axi_awready_i_1_n_0                                                                                        |                2 |              8 |         4.00 |
|  design_1_i/processing_system7_0/inst/FCLK_CLK0 | design_1_i/logmapAXI_0/U0/logmapAXI_slave_lite_v1_0_S00_AXI_inst/slv_reg2[31]_i_1_n_0                                                                                                          | design_1_i/logmapAXI_0/U0/logmapAXI_slave_lite_v1_0_S00_AXI_inst/axi_awready_i_1_n_0                                                                                        |                5 |              8 |         1.60 |
|  design_1_i/processing_system7_0/inst/FCLK_CLK0 | design_1_i/logmapAXI_0/U0/logmapAXI_slave_lite_v1_0_S00_AXI_inst/slv_reg2[47]_i_1_n_0                                                                                                          | design_1_i/logmapAXI_0/U0/logmapAXI_slave_lite_v1_0_S00_AXI_inst/axi_awready_i_1_n_0                                                                                        |                3 |              8 |         2.67 |
|  design_1_i/processing_system7_0/inst/FCLK_CLK0 | design_1_i/logmapAXI_0/U0/logmapAXI_slave_lite_v1_0_S00_AXI_inst/slv_reg2[63]_i_1_n_0                                                                                                          | design_1_i/logmapAXI_0/U0/logmapAXI_slave_lite_v1_0_S00_AXI_inst/axi_awready_i_1_n_0                                                                                        |                3 |              8 |         2.67 |
|  design_1_i/processing_system7_0/inst/FCLK_CLK0 | design_1_i/logmapAXI_0/U0/logmapAXI_slave_lite_v1_0_S00_AXI_inst/slv_reg2[39]_i_1_n_0                                                                                                          | design_1_i/logmapAXI_0/U0/logmapAXI_slave_lite_v1_0_S00_AXI_inst/axi_awready_i_1_n_0                                                                                        |                3 |              8 |         2.67 |
|  design_1_i/processing_system7_0/inst/FCLK_CLK0 | design_1_i/logmapAXI_0/U0/logmapAXI_slave_lite_v1_0_S00_AXI_inst/slv_reg2[7]_i_1_n_0                                                                                                           | design_1_i/logmapAXI_0/U0/logmapAXI_slave_lite_v1_0_S00_AXI_inst/axi_awready_i_1_n_0                                                                                        |                3 |              8 |         2.67 |
|  design_1_i/processing_system7_0/inst/FCLK_CLK0 | design_1_i/logmapAXI_0/U0/logmapAXI_slave_lite_v1_0_S00_AXI_inst/slv_reg2[55]_i_1_n_0                                                                                                          | design_1_i/logmapAXI_0/U0/logmapAXI_slave_lite_v1_0_S00_AXI_inst/axi_awready_i_1_n_0                                                                                        |                2 |              8 |         4.00 |
|  design_1_i/processing_system7_0/inst/FCLK_CLK0 | design_1_i/logmapAXI_0/U0/logmapAXI_slave_lite_v1_0_S00_AXI_inst/slv_reg3[55]_i_1_n_0                                                                                                          | design_1_i/logmapAXI_0/U0/logmapAXI_slave_lite_v1_0_S00_AXI_inst/axi_awready_i_1_n_0                                                                                        |                3 |              8 |         2.67 |
|  design_1_i/processing_system7_0/inst/FCLK_CLK0 | design_1_i/logmapAXI_0/U0/logmapAXI_slave_lite_v1_0_S00_AXI_inst/slv_reg3[23]_i_1_n_0                                                                                                          | design_1_i/logmapAXI_0/U0/logmapAXI_slave_lite_v1_0_S00_AXI_inst/axi_awready_i_1_n_0                                                                                        |                2 |              8 |         4.00 |
|  design_1_i/processing_system7_0/inst/FCLK_CLK0 | design_1_i/logmapAXI_0/U0/logmapAXI_slave_lite_v1_0_S00_AXI_inst/slv_reg3[7]_i_1_n_0                                                                                                           | design_1_i/logmapAXI_0/U0/logmapAXI_slave_lite_v1_0_S00_AXI_inst/axi_awready_i_1_n_0                                                                                        |                3 |              8 |         2.67 |
|  design_1_i/processing_system7_0/inst/FCLK_CLK0 | design_1_i/logmapAXI_0/U0/logmapAXI_slave_lite_v1_0_S00_AXI_inst/slv_reg5[23]_i_1_n_0                                                                                                          | design_1_i/logmapAXI_0/U0/logmapAXI_slave_lite_v1_0_S00_AXI_inst/axi_awready_i_1_n_0                                                                                        |                3 |              8 |         2.67 |
|  design_1_i/processing_system7_0/inst/FCLK_CLK0 | design_1_i/logmapAXI_0/U0/logmapAXI_slave_lite_v1_0_S00_AXI_inst/slv_reg5[31]_i_1_n_0                                                                                                          | design_1_i/logmapAXI_0/U0/logmapAXI_slave_lite_v1_0_S00_AXI_inst/axi_awready_i_1_n_0                                                                                        |                6 |              8 |         1.33 |
|  design_1_i/processing_system7_0/inst/FCLK_CLK0 | design_1_i/logmapAXI_0/U0/logmapAXI_slave_lite_v1_0_S00_AXI_inst/slv_reg5[47]_i_1_n_0                                                                                                          | design_1_i/logmapAXI_0/U0/logmapAXI_slave_lite_v1_0_S00_AXI_inst/axi_awready_i_1_n_0                                                                                        |                3 |              8 |         2.67 |
|  design_1_i/processing_system7_0/inst/FCLK_CLK0 | design_1_i/logmapAXI_0/U0/logmapAXI_slave_lite_v1_0_S00_AXI_inst/slv_reg5[55]_i_1_n_0                                                                                                          | design_1_i/logmapAXI_0/U0/logmapAXI_slave_lite_v1_0_S00_AXI_inst/axi_awready_i_1_n_0                                                                                        |                2 |              8 |         4.00 |
|  design_1_i/processing_system7_0/inst/FCLK_CLK0 | design_1_i/logmapAXI_0/U0/logmapAXI_slave_lite_v1_0_S00_AXI_inst/slv_reg3[39]_i_1_n_0                                                                                                          | design_1_i/logmapAXI_0/U0/logmapAXI_slave_lite_v1_0_S00_AXI_inst/axi_awready_i_1_n_0                                                                                        |                2 |              8 |         4.00 |
|  design_1_i/processing_system7_0/inst/FCLK_CLK0 | design_1_i/logmapAXI_0/U0/logmapAXI_slave_lite_v1_0_S00_AXI_inst/slv_reg5[63]_i_1_n_0                                                                                                          | design_1_i/logmapAXI_0/U0/logmapAXI_slave_lite_v1_0_S00_AXI_inst/axi_awready_i_1_n_0                                                                                        |                3 |              8 |         2.67 |
|  design_1_i/processing_system7_0/inst/FCLK_CLK0 | design_1_i/logmapAXI_0/U0/logmapAXI_slave_lite_v1_0_S00_AXI_inst/slv_reg3[63]_i_1_n_0                                                                                                          | design_1_i/logmapAXI_0/U0/logmapAXI_slave_lite_v1_0_S00_AXI_inst/axi_awready_i_1_n_0                                                                                        |                1 |              8 |         8.00 |
|  design_1_i/processing_system7_0/inst/FCLK_CLK0 | design_1_i/logmapAXI_0/U0/logmapAXI_slave_lite_v1_0_S00_AXI_inst/slv_reg3[15]_i_1_n_0                                                                                                          | design_1_i/logmapAXI_0/U0/logmapAXI_slave_lite_v1_0_S00_AXI_inst/axi_awready_i_1_n_0                                                                                        |                4 |              8 |         2.00 |
|  design_1_i/processing_system7_0/inst/FCLK_CLK0 | design_1_i/logmapAXI_0/U0/logmapAXI_slave_lite_v1_0_S00_AXI_inst/slv_reg3[31]_i_1_n_0                                                                                                          | design_1_i/logmapAXI_0/U0/logmapAXI_slave_lite_v1_0_S00_AXI_inst/axi_awready_i_1_n_0                                                                                        |                4 |              8 |         2.00 |
|  design_1_i/processing_system7_0/inst/FCLK_CLK0 | design_1_i/logmapAXI_0/U0/logmapAXI_slave_lite_v1_0_S00_AXI_inst/slv_reg3[47]_i_1_n_0                                                                                                          | design_1_i/logmapAXI_0/U0/logmapAXI_slave_lite_v1_0_S00_AXI_inst/axi_awready_i_1_n_0                                                                                        |                2 |              8 |         4.00 |
|  design_1_i/processing_system7_0/inst/FCLK_CLK0 | design_1_i/logmapAXI_0/U0/logmapAXI_slave_lite_v1_0_S00_AXI_inst/slv_reg5[15]_i_1_n_0                                                                                                          | design_1_i/logmapAXI_0/U0/logmapAXI_slave_lite_v1_0_S00_AXI_inst/axi_awready_i_1_n_0                                                                                        |                4 |              8 |         2.00 |
|  design_1_i/processing_system7_0/inst/FCLK_CLK0 | design_1_i/logmapAXI_0/U0/logmapAXI_slave_lite_v1_0_S00_AXI_inst/slv_reg5[39]_i_1_n_0                                                                                                          | design_1_i/logmapAXI_0/U0/logmapAXI_slave_lite_v1_0_S00_AXI_inst/axi_awready_i_1_n_0                                                                                        |                2 |              8 |         4.00 |
|  design_1_i/processing_system7_0/inst/FCLK_CLK0 | design_1_i/logmapAXI_alt_0/U0/logmapAXI_slave_lite_v1_0_S00_AXI_inst/slv_reg2[39]_i_1_n_0                                                                                                      | design_1_i/logmapAXI_alt_0/U0/logmapAXI_slave_lite_v1_0_S00_AXI_inst/axi_awready_i_1_n_0                                                                                    |                2 |              8 |         4.00 |
|  design_1_i/processing_system7_0/inst/FCLK_CLK0 | design_1_i/axi_smc/inst/s00_entry_pipeline/s00_mmu/inst/gen_endpoint.decerr_slave_inst/gen_axi.gen_read.read_cnt[7]_i_1_n_0                                                                    | design_1_i/axi_smc/inst/s00_entry_pipeline/s00_mmu/inst/areset                                                                                                              |                3 |              8 |         2.67 |
|  design_1_i/processing_system7_0/inst/FCLK_CLK0 | design_1_i/axi_smc/inst/s00_entry_pipeline/s00_si_converter/inst/converter.low_area_converter.low_area_wrap_inst/first_rd_iterations[7]_i_1_n_0                                                | design_1_i/axi_smc/inst/s00_entry_pipeline/s00_si_converter/inst/areset                                                                                                     |                4 |              8 |         2.00 |
|  design_1_i/processing_system7_0/inst/FCLK_CLK0 | design_1_i/axi_smc/inst/s00_entry_pipeline/s00_si_converter/inst/converter.low_area_converter.low_area_wrap_inst/si_rd_count[7]_i_1_n_0                                                        | design_1_i/axi_smc/inst/s00_entry_pipeline/s00_si_converter/inst/areset                                                                                                     |                3 |              8 |         2.67 |
|  design_1_i/processing_system7_0/inst/FCLK_CLK0 | design_1_i/axi_smc/inst/s00_entry_pipeline/s00_si_converter/inst/converter.low_area_converter.low_area_wrap_inst/E[0]                                                                          | design_1_i/axi_smc/inst/s00_entry_pipeline/s00_si_converter/inst/areset                                                                                                     |                3 |              8 |         2.67 |
|  design_1_i/processing_system7_0/inst/FCLK_CLK0 |                                                                                                                                                                                                | design_1_i/axi_smc/inst/switchboards/i_nodes/i_b_node/inst/inst_si_handler/areset_r                                                                                         |                3 |              8 |         2.67 |
|  design_1_i/processing_system7_0/inst/FCLK_CLK0 |                                                                                                                                                                                                | design_1_i/axi_smc/inst/switchboards/i_nodes/i_r_node/inst/inst_si_handler/areset_r                                                                                         |                3 |              8 |         2.67 |
|  design_1_i/processing_system7_0/inst/FCLK_CLK0 | design_1_i/logmapAXI_0/U0/logmapAXI_slave_lite_v1_0_S00_AXI_inst/slv_reg5[7]_i_1_n_0                                                                                                           | design_1_i/logmapAXI_0/U0/logmapAXI_slave_lite_v1_0_S00_AXI_inst/axi_awready_i_1_n_0                                                                                        |                5 |              8 |         1.60 |
|  design_1_i/processing_system7_0/inst/FCLK_CLK0 | design_1_i/logmapAXI_0/U0/logmapAXI_slave_lite_v1_0_S00_AXI_inst/slv_reg0[15]_i_1_n_0                                                                                                          | design_1_i/logmapAXI_0/U0/logmapAXI_slave_lite_v1_0_S00_AXI_inst/axi_awready_i_1_n_0                                                                                        |                3 |              8 |         2.67 |
|  design_1_i/processing_system7_0/inst/FCLK_CLK0 | design_1_i/logmapAXI_0/U0/logmapAXI_slave_lite_v1_0_S00_AXI_inst/slv_reg0[23]_i_1_n_0                                                                                                          | design_1_i/logmapAXI_0/U0/logmapAXI_slave_lite_v1_0_S00_AXI_inst/axi_awready_i_1_n_0                                                                                        |                3 |              8 |         2.67 |
|  design_1_i/processing_system7_0/inst/FCLK_CLK0 | design_1_i/logmapAXI_0/U0/logmapAXI_slave_lite_v1_0_S00_AXI_inst/slv_reg0[31]_i_1_n_0                                                                                                          | design_1_i/logmapAXI_0/U0/logmapAXI_slave_lite_v1_0_S00_AXI_inst/axi_awready_i_1_n_0                                                                                        |                7 |              8 |         1.14 |
|  design_1_i/processing_system7_0/inst/FCLK_CLK0 | design_1_i/logmapAXI_0/U0/logmapAXI_slave_lite_v1_0_S00_AXI_inst/slv_reg0[39]_i_1_n_0                                                                                                          | design_1_i/logmapAXI_0/U0/logmapAXI_slave_lite_v1_0_S00_AXI_inst/axi_awready_i_1_n_0                                                                                        |                2 |              8 |         4.00 |
|  design_1_i/processing_system7_0/inst/FCLK_CLK0 | design_1_i/logmapAXI_0/U0/logmapAXI_slave_lite_v1_0_S00_AXI_inst/slv_reg0[63]_i_1_n_0                                                                                                          | design_1_i/logmapAXI_0/U0/logmapAXI_slave_lite_v1_0_S00_AXI_inst/axi_awready_i_1_n_0                                                                                        |                3 |              8 |         2.67 |
|  design_1_i/processing_system7_0/inst/FCLK_CLK0 | design_1_i/logmapAXI_0/U0/logmapAXI_slave_lite_v1_0_S00_AXI_inst/slv_reg1[15]_i_1_n_0                                                                                                          | design_1_i/logmapAXI_0/U0/logmapAXI_slave_lite_v1_0_S00_AXI_inst/axi_awready_i_1_n_0                                                                                        |                3 |              8 |         2.67 |
|  design_1_i/processing_system7_0/inst/FCLK_CLK0 | design_1_i/logmapAXI_0/U0/logmapAXI_slave_lite_v1_0_S00_AXI_inst/slv_reg1[55]_i_1_n_0                                                                                                          | design_1_i/logmapAXI_0/U0/logmapAXI_slave_lite_v1_0_S00_AXI_inst/axi_awready_i_1_n_0                                                                                        |                1 |              8 |         8.00 |
|  design_1_i/processing_system7_0/inst/FCLK_CLK0 | design_1_i/logmapAXI_0/U0/logmapAXI_slave_lite_v1_0_S00_AXI_inst/slv_reg0[47]_i_1_n_0                                                                                                          | design_1_i/logmapAXI_0/U0/logmapAXI_slave_lite_v1_0_S00_AXI_inst/axi_awready_i_1_n_0                                                                                        |                4 |              8 |         2.00 |
|  design_1_i/processing_system7_0/inst/FCLK_CLK0 | design_1_i/logmapAXI_0/U0/logmapAXI_slave_lite_v1_0_S00_AXI_inst/slv_reg1[63]_i_1_n_0                                                                                                          | design_1_i/logmapAXI_0/U0/logmapAXI_slave_lite_v1_0_S00_AXI_inst/axi_awready_i_1_n_0                                                                                        |                1 |              8 |         8.00 |
|  design_1_i/processing_system7_0/inst/FCLK_CLK0 | design_1_i/logmapAXI_0/U0/logmapAXI_slave_lite_v1_0_S00_AXI_inst/slv_reg0[7]_i_1_n_0                                                                                                           | design_1_i/logmapAXI_0/U0/logmapAXI_slave_lite_v1_0_S00_AXI_inst/axi_awready_i_1_n_0                                                                                        |                4 |              8 |         2.00 |
|  design_1_i/processing_system7_0/inst/FCLK_CLK0 | design_1_i/logmapAXI_0/U0/logmapAXI_slave_lite_v1_0_S00_AXI_inst/slv_reg1[23]_i_1_n_0                                                                                                          | design_1_i/logmapAXI_0/U0/logmapAXI_slave_lite_v1_0_S00_AXI_inst/axi_awready_i_1_n_0                                                                                        |                3 |              8 |         2.67 |
|  design_1_i/processing_system7_0/inst/FCLK_CLK0 | design_1_i/logmapAXI_0/U0/logmapAXI_slave_lite_v1_0_S00_AXI_inst/slv_reg1[31]_i_1_n_0                                                                                                          | design_1_i/logmapAXI_0/U0/logmapAXI_slave_lite_v1_0_S00_AXI_inst/axi_awready_i_1_n_0                                                                                        |                3 |              8 |         2.67 |
|  design_1_i/processing_system7_0/inst/FCLK_CLK0 | design_1_i/logmapAXI_0/U0/logmapAXI_slave_lite_v1_0_S00_AXI_inst/slv_reg0[55]_i_1_n_0                                                                                                          | design_1_i/logmapAXI_0/U0/logmapAXI_slave_lite_v1_0_S00_AXI_inst/axi_awready_i_1_n_0                                                                                        |                2 |              8 |         4.00 |
|  design_1_i/processing_system7_0/inst/FCLK_CLK0 | design_1_i/logmapAXI_0/U0/logmapAXI_slave_lite_v1_0_S00_AXI_inst/slv_reg1[39]_i_1_n_0                                                                                                          | design_1_i/logmapAXI_0/U0/logmapAXI_slave_lite_v1_0_S00_AXI_inst/axi_awready_i_1_n_0                                                                                        |                2 |              8 |         4.00 |
|  design_1_i/processing_system7_0/inst/FCLK_CLK0 | design_1_i/logmapAXI_0/U0/logmapAXI_slave_lite_v1_0_S00_AXI_inst/slv_reg1[47]_i_1_n_0                                                                                                          | design_1_i/logmapAXI_0/U0/logmapAXI_slave_lite_v1_0_S00_AXI_inst/axi_awready_i_1_n_0                                                                                        |                4 |              8 |         2.00 |
|  design_1_i/processing_system7_0/inst/FCLK_CLK0 | design_1_i/logmapAXI_0/U0/logmapAXI_slave_lite_v1_0_S00_AXI_inst/slv_reg1[7]_i_1_n_0                                                                                                           | design_1_i/logmapAXI_0/U0/logmapAXI_slave_lite_v1_0_S00_AXI_inst/axi_awready_i_1_n_0                                                                                        |                2 |              8 |         4.00 |
|  design_1_i/processing_system7_0/inst/FCLK_CLK0 | design_1_i/logmapAXI_alt_0/U0/logmapAXI_slave_lite_v1_0_S00_AXI_inst/slv_reg2[55]_i_1_n_0                                                                                                      | design_1_i/logmapAXI_alt_0/U0/logmapAXI_slave_lite_v1_0_S00_AXI_inst/axi_awready_i_1_n_0                                                                                    |                2 |              8 |         4.00 |
|  design_1_i/processing_system7_0/inst/FCLK_CLK0 | design_1_i/logmapAXI_alt_0/U0/logmapAXI_slave_lite_v1_0_S00_AXI_inst/slv_reg0[55]_i_1_n_0                                                                                                      | design_1_i/logmapAXI_alt_0/U0/logmapAXI_slave_lite_v1_0_S00_AXI_inst/axi_awready_i_1_n_0                                                                                    |                3 |              8 |         2.67 |
|  design_1_i/processing_system7_0/inst/FCLK_CLK0 | design_1_i/logmapAXI_alt_0/U0/logmapAXI_slave_lite_v1_0_S00_AXI_inst/slv_reg1[7]_i_1_n_0                                                                                                       | design_1_i/logmapAXI_alt_0/U0/logmapAXI_slave_lite_v1_0_S00_AXI_inst/axi_awready_i_1_n_0                                                                                    |                5 |              8 |         1.60 |
|  design_1_i/processing_system7_0/inst/FCLK_CLK0 | design_1_i/logmapAXI_alt_0/U0/logmapAXI_slave_lite_v1_0_S00_AXI_inst/slv_reg0[63]_i_1_n_0                                                                                                      | design_1_i/logmapAXI_alt_0/U0/logmapAXI_slave_lite_v1_0_S00_AXI_inst/axi_awready_i_1_n_0                                                                                    |                2 |              8 |         4.00 |
|  design_1_i/processing_system7_0/inst/FCLK_CLK0 | design_1_i/logmapAXI_alt_0/U0/logmapAXI_slave_lite_v1_0_S00_AXI_inst/slv_reg2[63]_i_1_n_0                                                                                                      | design_1_i/logmapAXI_alt_0/U0/logmapAXI_slave_lite_v1_0_S00_AXI_inst/axi_awready_i_1_n_0                                                                                    |                3 |              8 |         2.67 |
|  design_1_i/processing_system7_0/inst/FCLK_CLK0 | design_1_i/logmapAXI_alt_0/U0/logmapAXI_slave_lite_v1_0_S00_AXI_inst/slv_reg0[47]_i_1_n_0                                                                                                      | design_1_i/logmapAXI_alt_0/U0/logmapAXI_slave_lite_v1_0_S00_AXI_inst/axi_awready_i_1_n_0                                                                                    |                4 |              8 |         2.00 |
|  design_1_i/processing_system7_0/inst/FCLK_CLK0 | design_1_i/logmapAXI_alt_0/U0/logmapAXI_slave_lite_v1_0_S00_AXI_inst/slv_reg2[23]_i_1_n_0                                                                                                      | design_1_i/logmapAXI_alt_0/U0/logmapAXI_slave_lite_v1_0_S00_AXI_inst/axi_awready_i_1_n_0                                                                                    |                3 |              8 |         2.67 |
|  design_1_i/processing_system7_0/inst/FCLK_CLK0 | design_1_i/logmapAXI_alt_0/U0/logmapAXI_slave_lite_v1_0_S00_AXI_inst/slv_reg2[47]_i_1_n_0                                                                                                      | design_1_i/logmapAXI_alt_0/U0/logmapAXI_slave_lite_v1_0_S00_AXI_inst/axi_awready_i_1_n_0                                                                                    |                3 |              8 |         2.67 |
|  design_1_i/processing_system7_0/inst/FCLK_CLK0 | design_1_i/logmapAXI_alt_0/U0/logmapAXI_slave_lite_v1_0_S00_AXI_inst/slv_reg1[55]_i_1_n_0                                                                                                      | design_1_i/logmapAXI_alt_0/U0/logmapAXI_slave_lite_v1_0_S00_AXI_inst/axi_awready_i_1_n_0                                                                                    |                1 |              8 |         8.00 |
|  design_1_i/processing_system7_0/inst/FCLK_CLK0 | design_1_i/logmapAXI_alt_0/U0/logmapAXI_slave_lite_v1_0_S00_AXI_inst/slv_reg0[31]_i_1_n_0                                                                                                      | design_1_i/logmapAXI_alt_0/U0/logmapAXI_slave_lite_v1_0_S00_AXI_inst/axi_awready_i_1_n_0                                                                                    |                5 |              8 |         1.60 |
|  design_1_i/processing_system7_0/inst/FCLK_CLK0 | design_1_i/logmapAXI_alt_0/U0/logmapAXI_slave_lite_v1_0_S00_AXI_inst/slv_reg1[47]_i_1_n_0                                                                                                      | design_1_i/logmapAXI_alt_0/U0/logmapAXI_slave_lite_v1_0_S00_AXI_inst/axi_awready_i_1_n_0                                                                                    |                3 |              8 |         2.67 |
|  design_1_i/processing_system7_0/inst/FCLK_CLK0 | design_1_i/logmapAXI_alt_0/U0/logmapAXI_slave_lite_v1_0_S00_AXI_inst/slv_reg2[31]_i_1_n_0                                                                                                      | design_1_i/logmapAXI_alt_0/U0/logmapAXI_slave_lite_v1_0_S00_AXI_inst/axi_awready_i_1_n_0                                                                                    |                5 |              8 |         1.60 |
|  design_1_i/processing_system7_0/inst/FCLK_CLK0 | design_1_i/logmapAXI_alt_0/U0/logmapAXI_slave_lite_v1_0_S00_AXI_inst/slv_reg1[39]_i_1_n_0                                                                                                      | design_1_i/logmapAXI_alt_0/U0/logmapAXI_slave_lite_v1_0_S00_AXI_inst/axi_awready_i_1_n_0                                                                                    |                3 |              8 |         2.67 |
|  design_1_i/processing_system7_0/inst/FCLK_CLK0 | design_1_i/logmapAXI_alt_0/U0/logmapAXI_slave_lite_v1_0_S00_AXI_inst/slv_reg1[63]_i_1_n_0                                                                                                      | design_1_i/logmapAXI_alt_0/U0/logmapAXI_slave_lite_v1_0_S00_AXI_inst/axi_awready_i_1_n_0                                                                                    |                2 |              8 |         4.00 |
|  design_1_i/processing_system7_0/inst/FCLK_CLK0 | design_1_i/logmapAXI_alt_0/U0/logmapAXI_slave_lite_v1_0_S00_AXI_inst/slv_reg0[7]_i_1_n_0                                                                                                       | design_1_i/logmapAXI_alt_0/U0/logmapAXI_slave_lite_v1_0_S00_AXI_inst/axi_awready_i_1_n_0                                                                                    |                4 |              8 |         2.00 |
|  design_1_i/processing_system7_0/inst/FCLK_CLK0 | design_1_i/logmapAXI_alt_0/U0/logmapAXI_slave_lite_v1_0_S00_AXI_inst/slv_reg0[15]_i_1_n_0                                                                                                      | design_1_i/logmapAXI_alt_0/U0/logmapAXI_slave_lite_v1_0_S00_AXI_inst/axi_awready_i_1_n_0                                                                                    |                3 |              8 |         2.67 |
|  design_1_i/processing_system7_0/inst/FCLK_CLK0 | design_1_i/logmapAXI_alt_0/U0/logmapAXI_slave_lite_v1_0_S00_AXI_inst/slv_reg2[7]_i_1_n_0                                                                                                       | design_1_i/logmapAXI_alt_0/U0/logmapAXI_slave_lite_v1_0_S00_AXI_inst/axi_awready_i_1_n_0                                                                                    |                5 |              8 |         1.60 |
|  design_1_i/processing_system7_0/inst/FCLK_CLK0 | design_1_i/logmapAXI_alt_0/U0/logmapAXI_slave_lite_v1_0_S00_AXI_inst/slv_reg2[15]_i_1_n_0                                                                                                      | design_1_i/logmapAXI_alt_0/U0/logmapAXI_slave_lite_v1_0_S00_AXI_inst/axi_awready_i_1_n_0                                                                                    |                5 |              8 |         1.60 |
|  design_1_i/processing_system7_0/inst/FCLK_CLK0 | design_1_i/logmapAXI_alt_0/U0/logmapAXI_slave_lite_v1_0_S00_AXI_inst/slv_reg0[23]_i_1_n_0                                                                                                      | design_1_i/logmapAXI_alt_0/U0/logmapAXI_slave_lite_v1_0_S00_AXI_inst/axi_awready_i_1_n_0                                                                                    |                2 |              8 |         4.00 |
|  design_1_i/processing_system7_0/inst/FCLK_CLK0 | design_1_i/logmapAXI_alt_0/U0/logmapAXI_slave_lite_v1_0_S00_AXI_inst/slv_reg1[15]_i_1_n_0                                                                                                      | design_1_i/logmapAXI_alt_0/U0/logmapAXI_slave_lite_v1_0_S00_AXI_inst/axi_awready_i_1_n_0                                                                                    |                4 |              8 |         2.00 |
|  design_1_i/processing_system7_0/inst/FCLK_CLK0 | design_1_i/logmapAXI_alt_0/U0/logmapAXI_slave_lite_v1_0_S00_AXI_inst/slv_reg1[23]_i_1_n_0                                                                                                      | design_1_i/logmapAXI_alt_0/U0/logmapAXI_slave_lite_v1_0_S00_AXI_inst/axi_awready_i_1_n_0                                                                                    |                2 |              8 |         4.00 |
|  design_1_i/processing_system7_0/inst/FCLK_CLK0 | design_1_i/logmapAXI_alt_0/U0/logmapAXI_slave_lite_v1_0_S00_AXI_inst/slv_reg0[39]_i_1_n_0                                                                                                      | design_1_i/logmapAXI_alt_0/U0/logmapAXI_slave_lite_v1_0_S00_AXI_inst/axi_awready_i_1_n_0                                                                                    |                1 |              8 |         8.00 |
|  design_1_i/processing_system7_0/inst/FCLK_CLK0 | design_1_i/logmapAXI_alt_0/U0/logmapAXI_slave_lite_v1_0_S00_AXI_inst/slv_reg1[31]_i_1_n_0                                                                                                      | design_1_i/logmapAXI_alt_0/U0/logmapAXI_slave_lite_v1_0_S00_AXI_inst/axi_awready_i_1_n_0                                                                                    |                7 |              8 |         1.14 |
|  design_1_i/processing_system7_0/inst/FCLK_CLK0 | design_1_i/logmapAXI_alt_0/U0/logmapAXI_slave_lite_v1_0_S00_AXI_inst/slv_reg5[15]_i_1_n_0                                                                                                      | design_1_i/logmapAXI_alt_0/U0/logmapAXI_slave_lite_v1_0_S00_AXI_inst/axi_awready_i_1_n_0                                                                                    |                3 |              8 |         2.67 |
|  design_1_i/processing_system7_0/inst/FCLK_CLK0 | design_1_i/logmapAXI_alt_0/U0/logmapAXI_slave_lite_v1_0_S00_AXI_inst/slv_reg5[47]_i_1_n_0                                                                                                      | design_1_i/logmapAXI_alt_0/U0/logmapAXI_slave_lite_v1_0_S00_AXI_inst/axi_awready_i_1_n_0                                                                                    |                2 |              8 |         4.00 |
|  design_1_i/processing_system7_0/inst/FCLK_CLK0 | design_1_i/logmapAXI_alt_0/U0/logmapAXI_slave_lite_v1_0_S00_AXI_inst/slv_reg5[7]_i_1_n_0                                                                                                       | design_1_i/logmapAXI_alt_0/U0/logmapAXI_slave_lite_v1_0_S00_AXI_inst/axi_awready_i_1_n_0                                                                                    |                6 |              8 |         1.33 |
|  design_1_i/processing_system7_0/inst/FCLK_CLK0 | design_1_i/logmapAXI_alt_0/U0/logmapAXI_slave_lite_v1_0_S00_AXI_inst/slv_reg5[31]_i_1_n_0                                                                                                      | design_1_i/logmapAXI_alt_0/U0/logmapAXI_slave_lite_v1_0_S00_AXI_inst/axi_awready_i_1_n_0                                                                                    |                4 |              8 |         2.00 |
|  design_1_i/processing_system7_0/inst/FCLK_CLK0 | design_1_i/logmapAXI_alt_0/U0/logmapAXI_slave_lite_v1_0_S00_AXI_inst/slv_reg5[39]_i_1_n_0                                                                                                      | design_1_i/logmapAXI_alt_0/U0/logmapAXI_slave_lite_v1_0_S00_AXI_inst/axi_awready_i_1_n_0                                                                                    |                4 |              8 |         2.00 |
|  design_1_i/processing_system7_0/inst/FCLK_CLK0 | design_1_i/logmapAXI_alt_0/U0/logmapAXI_slave_lite_v1_0_S00_AXI_inst/slv_reg5[63]_i_1_n_0                                                                                                      | design_1_i/logmapAXI_alt_0/U0/logmapAXI_slave_lite_v1_0_S00_AXI_inst/axi_awready_i_1_n_0                                                                                    |                3 |              8 |         2.67 |
|  design_1_i/processing_system7_0/inst/FCLK_CLK0 | design_1_i/logmapAXI_alt_0/U0/logmapAXI_slave_lite_v1_0_S00_AXI_inst/slv_reg5[23]_i_1_n_0                                                                                                      | design_1_i/logmapAXI_alt_0/U0/logmapAXI_slave_lite_v1_0_S00_AXI_inst/axi_awready_i_1_n_0                                                                                    |                4 |              8 |         2.00 |
|  design_1_i/processing_system7_0/inst/FCLK_CLK0 | design_1_i/logmapAXI_alt_0/U0/logmapAXI_slave_lite_v1_0_S00_AXI_inst/slv_reg5[55]_i_1_n_0                                                                                                      | design_1_i/logmapAXI_alt_0/U0/logmapAXI_slave_lite_v1_0_S00_AXI_inst/axi_awready_i_1_n_0                                                                                    |                2 |              8 |         4.00 |
|  design_1_i/processing_system7_0/inst/FCLK_CLK0 | design_1_i/logmapAXI_alt_0/U0/logmapAXI_slave_lite_v1_0_S00_AXI_inst/p_1_in[7]                                                                                                                 | design_1_i/logmapAXI_alt_0/U0/logmapAXI_slave_lite_v1_0_S00_AXI_inst/axi_awready_i_1_n_0                                                                                    |                5 |              8 |         1.60 |
|  design_1_i/processing_system7_0/inst/FCLK_CLK0 | design_1_i/logmapAXI_alt_0/U0/logmapAXI_slave_lite_v1_0_S00_AXI_inst/p_1_in[23]                                                                                                                | design_1_i/logmapAXI_alt_0/U0/logmapAXI_slave_lite_v1_0_S00_AXI_inst/axi_awready_i_1_n_0                                                                                    |                5 |              8 |         1.60 |
|  design_1_i/processing_system7_0/inst/FCLK_CLK0 | design_1_i/logmapAXI_alt_0/U0/logmapAXI_slave_lite_v1_0_S00_AXI_inst/p_1_in[39]                                                                                                                | design_1_i/logmapAXI_alt_0/U0/logmapAXI_slave_lite_v1_0_S00_AXI_inst/axi_awready_i_1_n_0                                                                                    |                2 |              8 |         4.00 |
|  design_1_i/processing_system7_0/inst/FCLK_CLK0 | design_1_i/logmapAXI_alt_0/U0/logmapAXI_slave_lite_v1_0_S00_AXI_inst/p_1_in[63]                                                                                                                | design_1_i/logmapAXI_alt_0/U0/logmapAXI_slave_lite_v1_0_S00_AXI_inst/axi_awready_i_1_n_0                                                                                    |                1 |              8 |         8.00 |
|  design_1_i/processing_system7_0/inst/FCLK_CLK0 | design_1_i/logmapAXI_alt_0/U0/logmapAXI_slave_lite_v1_0_S00_AXI_inst/p_1_in[15]                                                                                                                | design_1_i/logmapAXI_alt_0/U0/logmapAXI_slave_lite_v1_0_S00_AXI_inst/axi_awready_i_1_n_0                                                                                    |                3 |              8 |         2.67 |
|  design_1_i/processing_system7_0/inst/FCLK_CLK0 | design_1_i/logmapAXI_alt_0/U0/logmapAXI_slave_lite_v1_0_S00_AXI_inst/p_1_in[31]                                                                                                                | design_1_i/logmapAXI_alt_0/U0/logmapAXI_slave_lite_v1_0_S00_AXI_inst/axi_awready_i_1_n_0                                                                                    |                4 |              8 |         2.00 |
|  design_1_i/processing_system7_0/inst/FCLK_CLK0 | design_1_i/logmapAXI_alt_0/U0/logmapAXI_slave_lite_v1_0_S00_AXI_inst/p_1_in[47]                                                                                                                | design_1_i/logmapAXI_alt_0/U0/logmapAXI_slave_lite_v1_0_S00_AXI_inst/axi_awready_i_1_n_0                                                                                    |                1 |              8 |         8.00 |
|  design_1_i/processing_system7_0/inst/FCLK_CLK0 | design_1_i/logmapAXI_alt_0/U0/logmapAXI_slave_lite_v1_0_S00_AXI_inst/p_1_in[55]                                                                                                                | design_1_i/logmapAXI_alt_0/U0/logmapAXI_slave_lite_v1_0_S00_AXI_inst/axi_awready_i_1_n_0                                                                                    |                2 |              8 |         4.00 |
|  design_1_i/processing_system7_0/inst/FCLK_CLK0 | design_1_i/axi_smc/inst/s00_entry_pipeline/s00_si_converter/inst/converter.low_area_converter.low_area_wrap_inst/w_resp_fifo/gen_pipelined.load_mesg                                           |                                                                                                                                                                             |                3 |              9 |         3.00 |
|  design_1_i/processing_system7_0/inst/FCLK_CLK0 | design_1_i/axi_smc/inst/s00_entry_pipeline/s00_si_converter/inst/converter.low_area_converter.low_area_wrap_inst/b_cnt[8]_i_1_n_0                                                              | design_1_i/axi_smc/inst/s00_entry_pipeline/s00_si_converter/inst/areset                                                                                                     |                2 |              9 |         4.50 |
|  design_1_i/processing_system7_0/inst/FCLK_CLK0 | design_1_i/axi_smc/inst/s00_entry_pipeline/s00_si_converter/inst/converter.low_area_converter.low_area_wrap_inst/w_resp_fifo/gen_srls[9].srl_nx1/shift                                         |                                                                                                                                                                             |                3 |              9 |         3.00 |
|  design_1_i/processing_system7_0/inst/FCLK_CLK0 | design_1_i/axi_smc/inst/s00_entry_pipeline/s00_si_converter/inst/converter.low_area_converter.low_area_wrap_inst/w_cnt[8]_i_1_n_0                                                              | design_1_i/axi_smc/inst/s00_entry_pipeline/s00_si_converter/inst/areset                                                                                                     |                3 |              9 |         3.00 |
|  design_1_i/processing_system7_0/inst/FCLK_CLK0 |                                                                                                                                                                                                | design_1_i/logmapAXI_0/U0/logmapAXI_slave_lite_v1_0_S00_AXI_inst/axi_awready_i_1_n_0                                                                                        |                3 |             10 |         3.33 |
|  design_1_i/processing_system7_0/inst/FCLK_CLK0 |                                                                                                                                                                                                | design_1_i/logmapAXI_alt_0/U0/logmapAXI_slave_lite_v1_0_S00_AXI_inst/axi_awready_i_1_n_0                                                                                    |                3 |             10 |         3.33 |
|  design_1_i/processing_system7_0/inst/FCLK_CLK0 | design_1_i/axi_smc/inst/s00_entry_pipeline/s00_si_converter/inst/converter.low_area_converter.low_area_wrap_inst/w_resp_fifo/aw_done_reg[0]                                                    | design_1_i/axi_smc/inst/s00_entry_pipeline/s00_si_converter/inst/areset                                                                                                     |                3 |             10 |         3.33 |
|  design_1_i/processing_system7_0/inst/FCLK_CLK0 | design_1_i/axi_smc/inst/s00_entry_pipeline/s00_si_converter/inst/converter.low_area_converter.low_area_wrap_inst/next_araddr_i[0]                                                              | design_1_i/axi_smc/inst/s00_entry_pipeline/s00_si_converter/inst/areset                                                                                                     |                2 |             10 |         5.00 |
|  design_1_i/processing_system7_0/inst/FCLK_CLK0 | design_1_i/axi_smc/inst/s00_entry_pipeline/s00_si_converter/inst/converter.low_area_converter.low_area_wrap_inst/s_rvalid_i_i_1_n_0                                                            | design_1_i/axi_smc/inst/s00_entry_pipeline/s00_si_converter/inst/areset                                                                                                     |                7 |             11 |         1.57 |
|  design_1_i/processing_system7_0/inst/FCLK_CLK0 | design_1_i/axi_smc/inst/s00_entry_pipeline/s00_si_converter/inst/converter.low_area_converter.low_area_wrap_inst/r_cnt[10]_i_1_n_0                                                             | design_1_i/axi_smc/inst/s00_entry_pipeline/s00_si_converter/inst/areset                                                                                                     |                6 |             11 |         1.83 |
|  design_1_i/processing_system7_0/inst/FCLK_CLK0 | design_1_i/axi_smc/inst/s00_entry_pipeline/s00_si_converter/inst/gen_normal.splitter_inst/gen_wsplitter.awtrans_cntr[7]_i_1_n_0                                                                |                                                                                                                                                                             |                5 |             12 |         2.40 |
|  design_1_i/processing_system7_0/inst/FCLK_CLK0 | design_1_i/axi_smc/inst/s00_entry_pipeline/s00_si_converter/inst/converter.low_area_converter.low_area_wrap_inst/r_wrap_last_araddr[0]                                                         | design_1_i/axi_smc/inst/s00_entry_pipeline/s00_si_converter/inst/areset                                                                                                     |                3 |             12 |         4.00 |
|  design_1_i/processing_system7_0/inst/FCLK_CLK0 | design_1_i/axi_smc/inst/s00_entry_pipeline/s00_si_converter/inst/converter.low_area_converter.low_area_wrap_inst/w_wrap_awaddr[0]                                                              | design_1_i/axi_smc/inst/s00_entry_pipeline/s00_si_converter/inst/areset                                                                                                     |                4 |             12 |         3.00 |
|  design_1_i/processing_system7_0/inst/FCLK_CLK0 | design_1_i/axi_smc/inst/s00_entry_pipeline/s00_si_converter/inst/converter.low_area_converter.low_area_wrap_inst/w_wrap_last_awaddr[0]                                                         | design_1_i/axi_smc/inst/s00_entry_pipeline/s00_si_converter/inst/areset                                                                                                     |                3 |             12 |         4.00 |
|  design_1_i/processing_system7_0/inst/FCLK_CLK0 | design_1_i/axi_smc/inst/s00_entry_pipeline/s00_si_converter/inst/converter.low_area_converter.low_area_wrap_inst/next_awaddr_i[0]                                                              | design_1_i/axi_smc/inst/s00_entry_pipeline/s00_si_converter/inst/areset                                                                                                     |                3 |             12 |         4.00 |
|  design_1_i/processing_system7_0/inst/FCLK_CLK0 | design_1_i/axi_smc/inst/s00_entry_pipeline/s00_transaction_regulator/inst/gen_endpoint.gen_r_singleorder.r_singleorder/gen_id_reg.s_rid_i0                                                     |                                                                                                                                                                             |                2 |             12 |         6.00 |
|  design_1_i/processing_system7_0/inst/FCLK_CLK0 | design_1_i/axi_smc/inst/s00_entry_pipeline/s00_si_converter/inst/gen_normal.splitter_inst/ar_cmd_reg/gen_rsplitter.artrans_cntr[0]                                                             |                                                                                                                                                                             |                5 |             12 |         2.40 |
|  design_1_i/processing_system7_0/inst/FCLK_CLK0 | design_1_i/axi_smc/inst/s00_entry_pipeline/s00_mmu/inst/gen_endpoint.decerr_slave_inst/gen_axi.gen_write.s_axi_bid_i[11]_i_1_n_0                                                               | design_1_i/axi_smc/inst/s00_entry_pipeline/s00_mmu/inst/areset                                                                                                              |                3 |             12 |         4.00 |
|  design_1_i/processing_system7_0/inst/FCLK_CLK0 | design_1_i/axi_smc/inst/s00_entry_pipeline/s00_si_converter/inst/converter.low_area_converter.low_area_wrap_inst/conv_addr_i[11]_i_1_n_0                                                       | design_1_i/axi_smc/inst/s00_entry_pipeline/s00_si_converter/inst/areset                                                                                                     |                6 |             12 |         2.00 |
|  design_1_i/processing_system7_0/inst/FCLK_CLK0 | design_1_i/axi_smc/inst/s00_entry_pipeline/s00_si_converter/inst/converter.low_area_converter.low_area_wrap_inst/conv_araddr[11]_i_1_n_0                                                       | design_1_i/axi_smc/inst/s00_entry_pipeline/s00_si_converter/inst/areset                                                                                                     |                5 |             12 |         2.40 |
|  design_1_i/processing_system7_0/inst/FCLK_CLK0 | design_1_i/axi_smc/inst/s00_entry_pipeline/s00_transaction_regulator/inst/gen_endpoint.gen_w_singleorder.w_singleorder/gen_id_reg.s_rid_i0                                                     |                                                                                                                                                                             |                4 |             12 |         3.00 |
|  design_1_i/processing_system7_0/inst/FCLK_CLK0 | design_1_i/axi_smc/inst/s00_entry_pipeline/s00_mmu/inst/gen_endpoint.decerr_slave_inst/gen_axi.gen_read.s_axi_rid_i[11]_i_1_n_0                                                                | design_1_i/axi_smc/inst/s00_entry_pipeline/s00_mmu/inst/areset                                                                                                              |                2 |             12 |         6.00 |
|  design_1_i/processing_system7_0/inst/FCLK_CLK0 | design_1_i/axi_smc/inst/s00_entry_pipeline/s00_si_converter/inst/converter.low_area_converter.low_area_wrap_inst/max_read_bytes[0]                                                             | design_1_i/axi_smc/inst/s00_entry_pipeline/s00_si_converter/inst/areset                                                                                                     |                5 |             15 |         3.00 |
|  design_1_i/processing_system7_0/inst/FCLK_CLK0 | design_1_i/axi_smc/inst/s00_entry_pipeline/s00_si_converter/inst/converter.low_area_converter.low_area_wrap_inst/aw_user[0]                                                                    | design_1_i/axi_smc/inst/s00_entry_pipeline/s00_si_converter/inst/areset                                                                                                     |                8 |             22 |         2.75 |
|  design_1_i/processing_system7_0/inst/FCLK_CLK0 |                                                                                                                                                                                                | design_1_i/axi_smc/inst/s00_entry_pipeline/s00_mmu/inst/areset                                                                                                              |               14 |             23 |         1.64 |
|  design_1_i/processing_system7_0/inst/FCLK_CLK0 | design_1_i/axi_smc/inst/s00_entry_pipeline/s00_si_converter/inst/converter.low_area_converter.low_area_wrap_inst/r_burst_bytes[0]                                                              | design_1_i/axi_smc/inst/s00_entry_pipeline/s00_si_converter/inst/areset                                                                                                     |                6 |             24 |         4.00 |
|  design_1_i/processing_system7_0/inst/FCLK_CLK0 | design_1_i/axi_smc/inst/s00_entry_pipeline/s00_si_converter/inst/converter.low_area_converter.low_area_wrap_inst/outstanding_awid[0]                                                           | design_1_i/axi_smc/inst/s00_entry_pipeline/s00_si_converter/inst/areset                                                                                                     |                8 |             26 |         3.25 |
|  design_1_i/processing_system7_0/inst/FCLK_CLK0 | design_1_i/axi_smc/inst/s00_entry_pipeline/s00_si_converter/inst/converter.low_area_converter.low_area_wrap_inst/ar_user[0]                                                                    | design_1_i/axi_smc/inst/s00_entry_pipeline/s00_si_converter/inst/areset                                                                                                     |               12 |             27 |         2.25 |
|  design_1_i/processing_system7_0/inst/FCLK_CLK0 | design_1_i/axi_smc/inst/s00_entry_pipeline/s00_mmu/inst/aw_reg_stall/m_vector_i[158]_i_1__0_n_0                                                                                                |                                                                                                                                                                             |                7 |             34 |         4.86 |
|  design_1_i/processing_system7_0/inst/FCLK_CLK0 | design_1_i/axi_smc/inst/s00_entry_pipeline/s00_mmu/inst/aw_reg_stall/skid_buffer[1136]_i_1__0_n_0                                                                                              |                                                                                                                                                                             |                7 |             34 |         4.86 |
|  design_1_i/processing_system7_0/inst/FCLK_CLK0 | design_1_i/axi_smc/inst/s00_entry_pipeline/s00_mmu/inst/ar_reg_stall/skid_buffer[1136]_i_1_n_0                                                                                                 |                                                                                                                                                                             |                9 |             34 |         3.78 |
|  design_1_i/processing_system7_0/inst/FCLK_CLK0 | design_1_i/axi_smc/inst/s00_entry_pipeline/s00_mmu/inst/ar_reg_stall/m_vector_i[158]_i_1_n_0                                                                                                   |                                                                                                                                                                             |                8 |             34 |         4.25 |
|  design_1_i/processing_system7_0/inst/FCLK_CLK0 | design_1_i/axi_smc/inst/switchboards/i_nodes/i_w_node/inst/inst_mi_handler/gen_normal_area.gen_upsizer.inst_upsizer/gen_w_ch.accum[bytes][1][strb]_i_1_n_0                                     |                                                                                                                                                                             |               17 |             36 |         2.12 |
|  design_1_i/processing_system7_0/inst/FCLK_CLK0 | design_1_i/axi_smc/inst/switchboards/i_nodes/i_w_node/inst/inst_mi_handler/gen_normal_area.gen_upsizer.inst_upsizer/gen_w_ch.accum[0]                                                          |                                                                                                                                                                             |               13 |             36 |         2.77 |
|  design_1_i/processing_system7_0/inst/FCLK_CLK0 | design_1_i/logmapAXI_0/U0/logmapAXI_slave_lite_v1_0_S00_AXI_inst/u_iter/x0_i_1_n_0                                                                                                             | design_1_i/logmapAXI_0/U0/logmapAXI_slave_lite_v1_0_S00_AXI_inst/slv_reg0[0]                                                                                                |               26 |             64 |         2.46 |
|  design_1_i/processing_system7_0/inst/FCLK_CLK0 | design_1_i/logmapAXI_alt_0/U0/logmapAXI_slave_lite_v1_0_S00_AXI_inst/u_iter/r_reg[63]_i_1_n_0                                                                                                  | design_1_i/logmapAXI_alt_0/U0/logmapAXI_slave_lite_v1_0_S00_AXI_inst/slv_reg0_reg_n_0_[0]                                                                                   |               25 |             64 |         2.56 |
|  design_1_i/processing_system7_0/inst/FCLK_CLK0 | design_1_i/axi_smc/inst/switchboards/i_nodes/i_r_node/inst/inst_si_handler/gen_si_handler.gen_arbiter_rr_minimal_area.inst_arbiter/s_sc_valid                                                  |                                                                                                                                                                             |               31 |             66 |         2.13 |
|  design_1_i/processing_system7_0/inst/FCLK_CLK0 | design_1_i/axi_smc/inst/switchboards/i_nodes/i_w_node/inst/inst_mi_handler/gen_normal_area.gen_upsizer.inst_upsizer/gen_normal_area.upsizer_valid                                              |                                                                                                                                                                             |               31 |             66 |         2.13 |
|  design_1_i/processing_system7_0/inst/FCLK_CLK0 |                                                                                                                                                                                                | design_1_i/axi_smc/inst/s00_entry_pipeline/s00_si_converter/inst/areset                                                                                                     |               35 |             74 |         2.11 |
|  design_1_i/processing_system7_0/inst/FCLK_CLK0 |                                                                                                                                                                                                |                                                                                                                                                                             |               69 |            166 |         2.41 |
+-------------------------------------------------+------------------------------------------------------------------------------------------------------------------------------------------------------------------------------------------------+-----------------------------------------------------------------------------------------------------------------------------------------------------------------------------+------------------+----------------+--------------+


