Copyright 1986-2022 Xilinx, Inc. All Rights Reserved. Copyright 2022-2025 Advanced Micro Devices, Inc. All Rights Reserved.
---------------------------------------------------------------------------------------------------------------------------------------------------------------------------------------------------------------------------------------------------------
| Tool Version : Vivado v.2025.2 (win64) Build 6299465 Fri Nov 14 19:35:11 GMT 2025
| Date         : Wed Jan  7 11:14:38 2026
| Host         : arthur-desktop running 64-bit major release  (build 9200)
| Command      : report_timing_summary -max_paths 10 -routable_nets -report_unconstrained -file MariusMethod_25_timing_summary_routed.rpt -pb MariusMethod_25_timing_summary_routed.pb -rpx MariusMethod_25_timing_summary_routed.rpx -warn_on_violation
| Design       : MariusMethod_25
| Device       : 7z007s-clg225
| Speed File   : -1  PRODUCTION 1.12 2019-11-22
| Design State : Routed
---------------------------------------------------------------------------------------------------------------------------------------------------------------------------------------------------------------------------------------------------------

Timing Summary Report

------------------------------------------------------------------------------------------------
| Timer Settings
| --------------
------------------------------------------------------------------------------------------------

  Enable Multi Corner Analysis               :  Yes
  Enable Pessimism Removal                   :  Yes
  Pessimism Removal Resolution               :  Nearest Common Node
  Enable Input Delay Default Clock           :  No
  Enable Preset / Clear Arcs                 :  No
  Disable Flight Delays                      :  No
  Ignore I/O Paths                           :  No
  Timing Early Launch at Borrowing Latches   :  No
  Borrow Time for Max Delay Exceptions       :  Yes
  Merge Timing Exceptions                    :  Yes
  Inter-SLR Compensation                     :  Conservative

  Corner  Analyze    Analyze    
  Name    Max Paths  Min Paths  
  ------  ---------  ---------  
  Slow    Yes        Yes        
  Fast    Yes        Yes        


------------------------------------------------------------------------------------------------
| Report Methodology
| ------------------
------------------------------------------------------------------------------------------------

Rule       Severity          Description                  Violations  
---------  ----------------  ---------------------------  ----------  
TIMING-17  Critical Warning  Non-clocked sequential cell  29          

Note: This report is based on the most recent report_methodology run and may not be up-to-date. Run report_methodology on the current design for the latest report.



check_timing report

Table of Contents
-----------------
1. checking no_clock (29)
2. checking constant_clock (0)
3. checking pulse_width_clock (0)
4. checking unconstrained_internal_endpoints (87)
5. checking no_input_delay (28)
6. checking no_output_delay (25)
7. checking multiple_clock (0)
8. checking generated_clocks (0)
9. checking loops (0)
10. checking partial_input_delay (0)
11. checking partial_output_delay (0)
12. checking latch_loops (0)

1. checking no_clock (29)
-------------------------
 There are 29 register/latch pins with no clock driven by root clock pin: clk (HIGH)


2. checking constant_clock (0)
------------------------------
 There are 0 register/latch pins with constant_clock.


3. checking pulse_width_clock (0)
---------------------------------
 There are 0 register/latch pins which need pulse_width check


4. checking unconstrained_internal_endpoints (87)
-------------------------------------------------
 There are 87 pins that are not constrained for maximum delay. (HIGH)

 There are 0 pins that are not constrained for maximum delay due to constant clock.


5. checking no_input_delay (28)
-------------------------------
 There are 28 input ports with no input delay specified. (HIGH)

 There are 0 input ports with no input delay but user has a false path constraint.


6. checking no_output_delay (25)
--------------------------------
 There are 25 ports with no output delay specified. (HIGH)

 There are 0 ports with no output delay but user has a false path constraint

 There are 0 ports with no output delay but with a timing clock defined on it or propagating through it


7. checking multiple_clock (0)
------------------------------
 There are 0 register/latch pins with multiple clocks.


8. checking generated_clocks (0)
--------------------------------
 There are 0 generated clocks that are not connected to a clock source.


9. checking loops (0)
---------------------
 There are 0 combinational loops in the design.


10. checking partial_input_delay (0)
------------------------------------
 There are 0 input ports with partial input delay specified.


11. checking partial_output_delay (0)
-------------------------------------
 There are 0 ports with partial output delay specified.


12. checking latch_loops (0)
----------------------------
 There are 0 combinational latch loops in the design through latch input



------------------------------------------------------------------------------------------------
| Design Timing Summary
| ---------------------
------------------------------------------------------------------------------------------------

    WNS(ns)      TNS(ns)  TNS Failing Endpoints  TNS Total Endpoints      WHS(ns)      THS(ns)  THS Failing Endpoints  THS Total Endpoints     WPWS(ns)     TPWS(ns)  TPWS Failing Endpoints  TPWS Total Endpoints  
    -------      -------  ---------------------  -------------------      -------      -------  ---------------------  -------------------     --------     --------  ----------------------  --------------------  
        inf        0.000                      0                  112          inf        0.000                      0                  112           NA           NA                      NA                    NA  


There are no user specified timing constraints.


------------------------------------------------------------------------------------------------
| Clock Summary
| -------------
------------------------------------------------------------------------------------------------


------------------------------------------------------------------------------------------------
| Intra Clock Table
| -----------------
------------------------------------------------------------------------------------------------

Clock             WNS(ns)      TNS(ns)  TNS Failing Endpoints  TNS Total Endpoints      WHS(ns)      THS(ns)  THS Failing Endpoints  THS Total Endpoints     WPWS(ns)     TPWS(ns)  TPWS Failing Endpoints  TPWS Total Endpoints  
-----             -------      -------  ---------------------  -------------------      -------      -------  ---------------------  -------------------     --------     --------  ----------------------  --------------------  


------------------------------------------------------------------------------------------------
| Inter Clock Table
| -----------------
------------------------------------------------------------------------------------------------

From Clock    To Clock          WNS(ns)      TNS(ns)  TNS Failing Endpoints  TNS Total Endpoints      WHS(ns)      THS(ns)  THS Failing Endpoints  THS Total Endpoints  
----------    --------          -------      -------  ---------------------  -------------------      -------      -------  ---------------------  -------------------  


------------------------------------------------------------------------------------------------
| Other Path Groups Table
| -----------------------
------------------------------------------------------------------------------------------------

Path Group    From Clock    To Clock          WNS(ns)      TNS(ns)  TNS Failing Endpoints  TNS Total Endpoints      WHS(ns)      THS(ns)  THS Failing Endpoints  THS Total Endpoints  
----------    ----------    --------          -------      -------  ---------------------  -------------------      -------      -------  ---------------------  -------------------  


------------------------------------------------------------------------------------------------
| User Ignored Path Table
| -----------------------
------------------------------------------------------------------------------------------------

Path Group    From Clock    To Clock    
----------    ----------    --------    


------------------------------------------------------------------------------------------------
| Unconstrained Path Table
| ------------------------
------------------------------------------------------------------------------------------------

Path Group    From Clock    To Clock    
----------    ----------    --------    
(none)                                    


------------------------------------------------------------------------------------------------
| Timing Details
| --------------
------------------------------------------------------------------------------------------------


--------------------------------------------------------------------------------------
Path Group:  (none)
From Clock:  
  To Clock:  

Max Delay           112 Endpoints
Min Delay           112 Endpoints
--------------------------------------------------------------------------------------


Max Delay Paths
--------------------------------------------------------------------------------------
Slack:                    inf
  Source:                 x_reg_reg[1]/C
                            (rising edge-triggered cell FDRE)
  Destination:            x_reg_reg[24]_lopt_replica/D
  Path Group:             (none)
  Path Type:              Max at Slow Process Corner
  Data Path Delay:        157.603ns  (logic 20.508ns (13.012%)  route 137.095ns (86.988%))
  Logic Levels:           127  (FDRE=1 LUT2=15 LUT3=12 LUT4=27 LUT5=15 LUT6=57)

    Location             Delay type                Incr(ns)  Path(ns)    Netlist Resource(s)
  -------------------------------------------------------------------    -------------------
    SLICE_X21Y64         FDRE                         0.000     0.000 r  x_reg_reg[1]/C
    SLICE_X21Y64         FDRE (Prop_fdre_C_Q)         0.456     0.456 r  x_reg_reg[1]/Q
                         net (fo=47, routed)          2.408     2.864    s_OBUF[1]
    SLICE_X42Y61         LUT6 (Prop_lut6_I5_O)        0.124     2.988 r  x_reg[1]_i_1686/O
                         net (fo=1, routed)           0.483     3.471    s_2_19_250
    SLICE_X42Y61         LUT3 (Prop_lut3_I2_O)        0.124     3.595 r  x_reg[1]_i_1678/O
                         net (fo=5, routed)           1.614     5.209    s_2_19_25
    SLICE_X43Y75         LUT3 (Prop_lut3_I2_O)        0.152     5.361 r  x_reg[1]_i_1685/O
                         net (fo=2, routed)           0.673     6.034    x_reg[1]_i_1685_n_0
    SLICE_X42Y75         LUT6 (Prop_lut6_I5_O)        0.326     6.360 r  x_reg[1]_i_1673/O
                         net (fo=3, routed)           0.864     7.224    s_2_19_24
    SLICE_X42Y76         LUT2 (Prop_lut2_I0_O)        0.124     7.348 r  x_reg[1]_i_1683/O
                         net (fo=3, routed)           1.012     8.361    x_reg[1]_i_1683_n_0
    SLICE_X41Y75         LUT6 (Prop_lut6_I5_O)        0.124     8.485 r  x_reg[1]_i_1656/O
                         net (fo=7, routed)           1.188     9.672    s_2_19_23
    SLICE_X41Y76         LUT6 (Prop_lut6_I5_O)        0.124     9.796 r  x_reg[1]_i_1645/O
                         net (fo=4, routed)           1.054    10.850    x_reg[1]_i_1645_n_0
    SLICE_X42Y77         LUT6 (Prop_lut6_I4_O)        0.124    10.974 r  x_reg[1]_i_1627/O
                         net (fo=12, routed)          0.731    11.705    s_2_20_21
    SLICE_X43Y81         LUT3 (Prop_lut3_I1_O)        0.118    11.823 r  x_reg[1]_i_1602/O
                         net (fo=10, routed)          1.200    13.023    x_reg[1]_i_1602_n_0
    SLICE_X41Y79         LUT6 (Prop_lut6_I2_O)        0.326    13.349 r  x_reg[1]_i_1539/O
                         net (fo=8, routed)           1.745    15.094    s_2_19_21
    SLICE_X42Y83         LUT6 (Prop_lut6_I0_O)        0.124    15.218 r  x_reg[1]_i_1471/O
                         net (fo=9, routed)           1.075    16.293    s_3_19_21
    SLICE_X41Y85         LUT5 (Prop_lut5_I2_O)        0.124    16.417 r  x_reg[1]_i_1402/O
                         net (fo=7, routed)           1.129    17.546    s_4_18_22
    SLICE_X37Y87         LUT3 (Prop_lut3_I1_O)        0.152    17.698 r  x_reg[1]_i_1401/O
                         net (fo=18, routed)          1.277    18.975    x_reg[1]_i_1401_n_0
    SLICE_X37Y85         LUT4 (Prop_lut4_I0_O)        0.354    19.329 r  x_reg[1]_i_1461/O
                         net (fo=2, routed)           0.920    20.249    x_reg[1]_i_1461_n_0
    SLICE_X37Y86         LUT6 (Prop_lut6_I3_O)        0.326    20.575 r  x_reg[1]_i_1392/O
                         net (fo=8, routed)           1.070    21.645    x_reg[1]_i_1392_n_0
    SLICE_X35Y85         LUT4 (Prop_lut4_I0_O)        0.152    21.797 r  x_reg[1]_i_1390/O
                         net (fo=13, routed)          1.730    23.527    x_reg[1]_i_1390_n_0
    SLICE_X37Y81         LUT6 (Prop_lut6_I1_O)        0.326    23.853 r  x_reg[0]_i_459/O
                         net (fo=10, routed)          1.595    25.448    s_3_12_25
    SLICE_X32Y84         LUT2 (Prop_lut2_I0_O)        0.150    25.598 r  x_reg[0]_i_461/O
                         net (fo=2, routed)           1.018    26.616    x_reg[0]_i_461_n_0
    SLICE_X34Y84         LUT6 (Prop_lut6_I0_O)        0.328    26.944 r  x_reg[0]_i_555/O
                         net (fo=1, routed)           1.038    27.982    x_reg[0]_i_555_n_0
    SLICE_X32Y83         LUT6 (Prop_lut6_I3_O)        0.124    28.106 r  x_reg[0]_i_476/O
                         net (fo=2, routed)           0.601    28.707    x_reg[0]_i_476_n_0
    SLICE_X32Y82         LUT6 (Prop_lut6_I0_O)        0.124    28.831 r  x_reg[0]_i_490/O
                         net (fo=1, routed)           0.755    29.586    x_reg[0]_i_490_n_0
    SLICE_X34Y79         LUT6 (Prop_lut6_I3_O)        0.124    29.710 r  x_reg[0]_i_399/O
                         net (fo=1, routed)           0.670    30.380    x_reg[0]_i_399_n_0
    SLICE_X32Y79         LUT6 (Prop_lut6_I2_O)        0.124    30.504 r  x_reg[0]_i_318/O
                         net (fo=28, routed)          3.245    33.749    x_reg[0]_i_318_n_0
    SLICE_X36Y72         LUT4 (Prop_lut4_I1_O)        0.124    33.873 r  x_reg[0]_i_273/O
                         net (fo=3, routed)           1.063    34.936    s_3_16_18
    SLICE_X34Y71         LUT4 (Prop_lut4_I1_O)        0.124    35.060 r  x_reg[0]_i_272/O
                         net (fo=16, routed)          1.149    36.209    x_reg[0]_i_272_n_0
    SLICE_X42Y70         LUT6 (Prop_lut6_I4_O)        0.124    36.333 r  x_reg[1]_i_1227/O
                         net (fo=12, routed)          1.432    37.765    x_reg[1]_i_1227_n_0
    SLICE_X41Y69         LUT6 (Prop_lut6_I5_O)        0.124    37.889 r  x_reg[1]_i_1104/O
                         net (fo=4, routed)           1.118    39.007    s_2_15_17
    SLICE_X39Y67         LUT4 (Prop_lut4_I0_O)        0.124    39.131 r  x_reg[1]_i_1071/O
                         net (fo=13, routed)          1.589    40.720    x_reg[1]_i_1071_n_0
    SLICE_X37Y65         LUT6 (Prop_lut6_I3_O)        0.124    40.844 r  x_reg[1]_i_943/O
                         net (fo=5, routed)           0.738    41.582    s_2_15_16
    SLICE_X36Y65         LUT4 (Prop_lut4_I3_O)        0.150    41.732 r  x_reg[1]_i_959/O
                         net (fo=6, routed)           1.072    42.804    x_reg[1]_i_959_n_0
    SLICE_X35Y64         LUT6 (Prop_lut6_I0_O)        0.326    43.130 r  x_reg[1]_i_903/O
                         net (fo=1, routed)           0.507    43.637    x_reg[1]_i_903_n_0
    SLICE_X36Y64         LUT6 (Prop_lut6_I4_O)        0.124    43.761 r  x_reg[1]_i_709/O
                         net (fo=4, routed)           1.411    45.172    s_3_10_21
    SLICE_X30Y65         LUT2 (Prop_lut2_I1_O)        0.156    45.328 r  x_reg[1]_i_761/O
                         net (fo=5, routed)           0.966    46.293    x_reg[1]_i_761_n_0
    SLICE_X31Y62         LUT3 (Prop_lut3_I0_O)        0.349    46.642 r  x_reg[1]_i_749/O
                         net (fo=1, routed)           0.833    47.475    x_reg[1]_i_749_n_0
    SLICE_X32Y62         LUT5 (Prop_lut5_I3_O)        0.326    47.801 r  x_reg[1]_i_510/O
                         net (fo=6, routed)           1.197    48.998    s_4_6_25
    SLICE_X30Y63         LUT4 (Prop_lut4_I0_O)        0.124    49.122 r  x_reg[1]_i_505/O
                         net (fo=6, routed)           0.807    49.929    x_reg[1]_i_505_n_0
    SLICE_X27Y65         LUT6 (Prop_lut6_I3_O)        0.124    50.053 r  x_reg[1]_i_250/O
                         net (fo=4, routed)           1.499    51.552    s_4_12_18
    SLICE_X20Y66         LUT2 (Prop_lut2_I0_O)        0.157    51.709 r  x_reg[0]_i_26/O
                         net (fo=7, routed)           0.875    52.583    x_reg[0]_i_26_n_0
    SLICE_X20Y69         LUT6 (Prop_lut6_I3_O)        0.355    52.938 r  x_reg[0]_i_7/O
                         net (fo=71, routed)          1.738    54.676    x_reg[0]_i_7_n_0
    SLICE_X17Y73         LUT4 (Prop_lut4_I1_O)        0.124    54.800 r  x_reg[2]_i_107/O
                         net (fo=8, routed)           1.339    56.139    s_5_9_21
    SLICE_X8Y74          LUT4 (Prop_lut4_I2_O)        0.124    56.263 r  x_reg[1]_i_50/O
                         net (fo=10, routed)          1.069    57.332    x_reg[1]_i_50_n_0
    SLICE_X11Y71         LUT6 (Prop_lut6_I3_O)        0.124    57.456 r  x_reg[1]_i_11/O
                         net (fo=61, routed)          1.243    58.699    x_reg[1]_i_11_n_0
    SLICE_X14Y68         LUT6 (Prop_lut6_I5_O)        0.124    58.823 r  x_reg[1]_i_2/O
                         net (fo=18, routed)          1.617    60.440    x_reg[1]_i_2_n_0
    SLICE_X12Y66         LUT6 (Prop_lut6_I5_O)        0.124    60.564 r  x_reg[3]_i_208/O
                         net (fo=4, routed)           0.633    61.197    s_3_5_22
    SLICE_X9Y64          LUT4 (Prop_lut4_I3_O)        0.124    61.321 r  x_reg[3]_i_201/O
                         net (fo=5, routed)           1.138    62.459    x_reg[3]_i_201_n_0
    SLICE_X12Y63         LUT5 (Prop_lut5_I4_O)        0.124    62.583 r  x_reg[2]_i_69/O
                         net (fo=9, routed)           1.539    64.122    x_reg[2]_i_69_n_0
    SLICE_X14Y65         LUT6 (Prop_lut6_I0_O)        0.124    64.246 r  x_reg[3]_i_333/O
                         net (fo=1, routed)           0.818    65.064    x_reg[3]_i_333_n_0
    SLICE_X13Y65         LUT6 (Prop_lut6_I0_O)        0.124    65.188 r  x_reg[3]_i_185/O
                         net (fo=1, routed)           0.590    65.777    s_3_1_250
    SLICE_X15Y65         LUT6 (Prop_lut6_I5_O)        0.124    65.901 r  x_reg[3]_i_75/O
                         net (fo=4, routed)           0.820    66.722    s_3_1_25
    SLICE_X15Y63         LUT4 (Prop_lut4_I3_O)        0.124    66.846 r  x_reg[3]_i_26/O
                         net (fo=1, routed)           0.593    67.439    x_reg[3]_i_26_n_0
    SLICE_X13Y63         LUT6 (Prop_lut6_I1_O)        0.124    67.563 r  x_reg[3]_i_6/O
                         net (fo=22, routed)          1.551    69.113    x_reg[3]_i_6_n_0
    SLICE_X17Y60         LUT6 (Prop_lut6_I2_O)        0.124    69.237 r  x_reg[6]_i_348/O
                         net (fo=7, routed)           0.676    69.913    s_3_7_18
    SLICE_X17Y59         LUT4 (Prop_lut4_I0_O)        0.124    70.037 r  x_reg[4]_i_217/O
                         net (fo=5, routed)           0.952    70.989    x_reg[4]_i_217_n_0
    SLICE_X17Y58         LUT5 (Prop_lut5_I4_O)        0.124    71.113 r  x_reg[4]_i_99/O
                         net (fo=9, routed)           1.173    72.286    x_reg[4]_i_99_n_0
    SLICE_X19Y57         LUT5 (Prop_lut5_I3_O)        0.124    72.410 r  x_reg[6]_i_383/O
                         net (fo=1, routed)           0.852    73.262    x_reg[6]_i_383_n_0
    SLICE_X20Y56         LUT4 (Prop_lut4_I3_O)        0.124    73.386 r  x_reg[6]_i_254/O
                         net (fo=5, routed)           1.071    74.458    s_3_9_15
    SLICE_X19Y55         LUT4 (Prop_lut4_I3_O)        0.124    74.582 r  x_reg[5]_i_90/O
                         net (fo=6, routed)           0.678    75.259    x_reg[5]_i_90_n_0
    SLICE_X18Y56         LUT3 (Prop_lut3_I0_O)        0.124    75.383 r  x_reg[6]_i_372/O
                         net (fo=1, routed)           0.279    75.663    x_reg[6]_i_372_n_0
    SLICE_X18Y56         LUT6 (Prop_lut6_I4_O)        0.124    75.787 r  x_reg[6]_i_245/O
                         net (fo=4, routed)           1.506    77.293    s_4_4_20
    SLICE_X20Y53         LUT2 (Prop_lut2_I1_O)        0.124    77.417 r  x_reg[6]_i_116/O
                         net (fo=4, routed)           0.819    78.236    x_reg[6]_i_116_n_0
    SLICE_X21Y54         LUT4 (Prop_lut4_I0_O)        0.124    78.360 r  x_reg[6]_i_34/O
                         net (fo=5, routed)           1.248    79.608    x_reg[6]_i_34_n_0
    SLICE_X24Y53         LUT4 (Prop_lut4_I1_O)        0.124    79.732 r  x_reg[6]_i_8/O
                         net (fo=13, routed)          1.026    80.757    x_reg[6]_i_8_n_0
    SLICE_X21Y56         LUT6 (Prop_lut6_I5_O)        0.124    80.881 r  x_reg[7]_i_89/O
                         net (fo=3, routed)           0.803    81.684    s_4_10_13
    SLICE_X21Y52         LUT4 (Prop_lut4_I1_O)        0.124    81.808 r  x_reg[7]_i_29/O
                         net (fo=1, routed)           0.879    82.687    x_reg[7]_i_29_n_0
    SLICE_X21Y52         LUT4 (Prop_lut4_I1_O)        0.124    82.811 r  x_reg[7]_i_8/O
                         net (fo=38, routed)          0.957    83.768    x_reg[7]_i_8_n_0
    SLICE_X25Y52         LUT4 (Prop_lut4_I3_O)        0.124    83.892 r  x_reg[8]_i_122/O
                         net (fo=3, routed)           0.449    84.341    s_5_8_15
    SLICE_X23Y51         LUT6 (Prop_lut6_I2_O)        0.124    84.465 r  x_reg[8]_i_34/O
                         net (fo=1, routed)           0.670    85.135    x_reg[8]_i_34_n_0
    SLICE_X23Y51         LUT3 (Prop_lut3_I1_O)        0.124    85.259 r  x_reg[8]_i_8/O
                         net (fo=45, routed)          1.336    86.595    x_reg[8]_i_8_n_0
    SLICE_X31Y51         LUT5 (Prop_lut5_I1_O)        0.124    86.719 r  x_reg[11]_i_466/O
                         net (fo=4, routed)           1.187    87.907    s_6_5_18
    SLICE_X32Y50         LUT2 (Prop_lut2_I1_O)        0.146    88.053 r  x_reg[11]_i_477/O
                         net (fo=3, routed)           0.838    88.890    x_reg[11]_i_477_n_0
    SLICE_X33Y51         LUT3 (Prop_lut3_I2_O)        0.328    89.218 r  x_reg[10]_i_285/O
                         net (fo=5, routed)           0.843    90.061    x_reg[10]_i_285_n_0
    SLICE_X34Y52         LUT4 (Prop_lut4_I3_O)        0.146    90.207 r  x_reg[9]_i_44/O
                         net (fo=9, routed)           1.405    91.612    x_reg[9]_i_44_n_0
    SLICE_X39Y54         LUT4 (Prop_lut4_I3_O)        0.356    91.968 r  x_reg[10]_i_278/O
                         net (fo=1, routed)           0.433    92.401    x_reg[10]_i_278_n_0
    SLICE_X39Y54         LUT5 (Prop_lut5_I4_O)        0.326    92.727 r  x_reg[10]_i_134/O
                         net (fo=5, routed)           1.194    93.921    s_5_10_11
    SLICE_X40Y49         LUT2 (Prop_lut2_I0_O)        0.124    94.045 r  x_reg[10]_i_43/O
                         net (fo=1, routed)           0.943    94.988    x_reg[10]_i_43_n_0
    SLICE_X40Y50         LUT6 (Prop_lut6_I3_O)        0.124    95.112 r  x_reg[10]_i_11/O
                         net (fo=17, routed)          1.523    96.635    x_reg[10]_i_11_n_0
    SLICE_X42Y48         LUT6 (Prop_lut6_I5_O)        0.124    96.759 r  x_reg[12]_i_447/O
                         net (fo=4, routed)           1.122    97.881    s_5_9_11
    SLICE_X41Y46         LUT2 (Prop_lut2_I0_O)        0.124    98.005 r  x_reg[11]_i_108/O
                         net (fo=11, routed)          0.826    98.831    x_reg[11]_i_108_n_0
    SLICE_X41Y44         LUT4 (Prop_lut4_I0_O)        0.124    98.955 r  x_reg[11]_i_35/O
                         net (fo=22, routed)          1.909   100.864    x_reg[11]_i_35_n_0
    SLICE_X35Y42         LUT2 (Prop_lut2_I0_O)        0.152   101.016 r  x_reg[12]_i_206/O
                         net (fo=2, routed)           1.038   102.054    x_reg[12]_i_206_n_0
    SLICE_X39Y42         LUT6 (Prop_lut6_I0_O)        0.326   102.380 r  x_reg[12]_i_52/O
                         net (fo=2, routed)           0.649   103.029    x_reg[12]_i_52_n_0
    SLICE_X40Y41         LUT3 (Prop_lut3_I1_O)        0.124   103.153 r  x_reg[14]_i_349/O
                         net (fo=9, routed)           0.686   103.839    x_reg[14]_i_349_n_0
    SLICE_X40Y40         LUT6 (Prop_lut6_I0_O)        0.124   103.963 r  x_reg[13]_i_148/O
                         net (fo=34, routed)          2.782   106.744    x_reg[13]_i_148_n_0
    SLICE_X36Y38         LUT6 (Prop_lut6_I5_O)        0.124   106.868 r  x_reg[13]_i_143/O
                         net (fo=8, routed)           1.266   108.134    s_5_3_15
    SLICE_X37Y35         LUT4 (Prop_lut4_I2_O)        0.124   108.258 r  x_reg[13]_i_35/O
                         net (fo=3, routed)           0.815   109.073    x_reg[13]_i_35_n_0
    SLICE_X37Y34         LUT6 (Prop_lut6_I0_O)        0.124   109.197 r  x_reg[13]_i_9/O
                         net (fo=17, routed)          1.448   110.646    x_reg[13]_i_9_n_0
    SLICE_X32Y33         LUT3 (Prop_lut3_I2_O)        0.146   110.792 r  x_reg[15]_i_407/O
                         net (fo=1, routed)           0.685   111.477    x_reg[15]_i_407_n_0
    SLICE_X33Y33         LUT6 (Prop_lut6_I4_O)        0.328   111.805 r  x_reg[15]_i_160/O
                         net (fo=6, routed)           1.013   112.819    s_3_7_8
    SLICE_X27Y31         LUT6 (Prop_lut6_I3_O)        0.124   112.943 r  x_reg[15]_i_405/O
                         net (fo=1, routed)           1.023   113.965    x_reg[15]_i_405_n_0
    SLICE_X24Y31         LUT2 (Prop_lut2_I1_O)        0.124   114.089 r  x_reg[15]_i_158/O
                         net (fo=1, routed)           1.234   115.323    x_reg[15]_i_158_n_0
    SLICE_X36Y28         LUT6 (Prop_lut6_I2_O)        0.124   115.447 r  x_reg[15]_i_39/O
                         net (fo=3, routed)           1.165   116.612    s_4_6_9
    SLICE_X36Y25         LUT6 (Prop_lut6_I1_O)        0.124   116.736 r  x_reg[15]_i_9/O
                         net (fo=10, routed)          1.204   117.940    x_reg[15]_i_9_n_0
    SLICE_X34Y23         LUT2 (Prop_lut2_I1_O)        0.150   118.090 r  x_reg[16]_i_451/O
                         net (fo=1, routed)           0.815   118.905    x_reg[16]_i_451_n_0
    SLICE_X34Y22         LUT6 (Prop_lut6_I4_O)        0.348   119.253 r  x_reg[16]_i_193/O
                         net (fo=4, routed)           1.404   120.658    s_4_6_8
    SLICE_X36Y18         LUT4 (Prop_lut4_I1_O)        0.124   120.782 r  x_reg[16]_i_51/O
                         net (fo=4, routed)           0.657   121.438    x_reg[16]_i_51_n_0
    SLICE_X36Y20         LUT5 (Prop_lut5_I4_O)        0.124   121.562 r  x_reg[16]_i_10/O
                         net (fo=1, routed)           0.813   122.376    x_reg[16]_i_10_n_0
    SLICE_X39Y19         LUT6 (Prop_lut6_I1_O)        0.124   122.500 r  x_reg[16]_i_3/O
                         net (fo=17, routed)          1.079   123.579    x_reg[16]_i_3_n_0
    SLICE_X34Y19         LUT5 (Prop_lut5_I4_O)        0.124   123.703 r  x_reg[17]_i_42/O
                         net (fo=3, routed)           1.458   125.161    s_4_6_7
    SLICE_X37Y15         LUT5 (Prop_lut5_I2_O)        0.124   125.285 r  x_reg[17]_i_10/O
                         net (fo=1, routed)           0.828   126.113    x_reg[17]_i_10_n_0
    SLICE_X38Y14         LUT6 (Prop_lut6_I1_O)        0.124   126.237 r  x_reg[17]_i_3/O
                         net (fo=19, routed)          1.862   128.099    x_reg[17]_i_3_n_0
    SLICE_X36Y12         LUT6 (Prop_lut6_I5_O)        0.124   128.223 r  x_reg[19]_i_143/O
                         net (fo=7, routed)           1.454   129.677    s_5_2_11
    SLICE_X37Y9          LUT2 (Prop_lut2_I0_O)        0.124   129.801 r  x_reg[20]_i_391/O
                         net (fo=1, routed)           0.645   130.447    x_reg[20]_i_391_n_0
    SLICE_X37Y9          LUT6 (Prop_lut6_I4_O)        0.124   130.570 r  x_reg[20]_i_153/O
                         net (fo=3, routed)           1.282   131.852    s_5_5_7
    SLICE_X33Y5          LUT2 (Prop_lut2_I0_O)        0.124   131.976 r  x_reg[19]_i_77/O
                         net (fo=3, routed)           0.859   132.835    x_reg[19]_i_77_n_0
    SLICE_X34Y6          LUT3 (Prop_lut3_I2_O)        0.124   132.959 r  x_reg[19]_i_22/O
                         net (fo=6, routed)           0.842   133.801    x_reg[19]_i_22_n_0
    SLICE_X32Y9          LUT4 (Prop_lut4_I3_O)        0.148   133.949 r  x_reg[20]_i_195/O
                         net (fo=8, routed)           1.277   135.226    x_reg[20]_i_195_n_0
    SLICE_X31Y8          LUT6 (Prop_lut6_I4_O)        0.328   135.554 r  x_reg[20]_i_204/O
                         net (fo=3, routed)           0.728   136.281    s_5_2_9
    SLICE_X28Y6          LUT5 (Prop_lut5_I2_O)        0.124   136.405 r  x_reg[20]_i_58/O
                         net (fo=9, routed)           1.136   137.542    x_reg[20]_i_58_n_0
    SLICE_X29Y9          LUT6 (Prop_lut6_I5_O)        0.124   137.666 r  x_reg[22]_i_643/O
                         net (fo=1, routed)           0.758   138.424    x_reg[22]_i_643_n_0
    SLICE_X29Y10         LUT6 (Prop_lut6_I4_O)        0.124   138.548 r  x_reg[22]_i_365/O
                         net (fo=4, routed)           1.386   139.934    s_4_3_6
    SLICE_X18Y11         LUT6 (Prop_lut6_I3_O)        0.124   140.058 r  x_reg[22]_i_647/O
                         net (fo=1, routed)           1.014   141.072    x_reg[22]_i_647_n_0
    SLICE_X18Y10         LUT2 (Prop_lut2_I1_O)        0.152   141.224 r  x_reg[22]_i_369/O
                         net (fo=1, routed)           0.799   142.023    x_reg[22]_i_369_n_0
    SLICE_X18Y11         LUT6 (Prop_lut6_I2_O)        0.326   142.349 r  x_reg[22]_i_111/O
                         net (fo=4, routed)           1.091   143.440    s_5_2_7
    SLICE_X12Y11         LUT4 (Prop_lut4_I1_O)        0.124   143.564 r  x_reg[22]_i_28/O
                         net (fo=11, routed)          1.167   144.730    x_reg[22]_i_28_n_0
    SLICE_X8Y9           LUT2 (Prop_lut2_I0_O)        0.150   144.880 r  x_reg[23]_i_373/O
                         net (fo=2, routed)           0.470   145.350    x_reg[23]_i_373_n_0
    SLICE_X8Y9           LUT6 (Prop_lut6_I3_O)        0.355   145.705 r  x_reg[23]_i_200/O
                         net (fo=4, routed)           0.462   146.167    p_4611_in
    SLICE_X6Y10          LUT4 (Prop_lut4_I1_O)        0.124   146.291 r  x_reg[23]_i_76/O
                         net (fo=3, routed)           0.647   146.938    x_reg[23]_i_76_n_0
    SLICE_X7Y11          LUT5 (Prop_lut5_I4_O)        0.124   147.062 r  x_reg[23]_i_20/O
                         net (fo=1, routed)           0.812   147.875    x_reg[23]_i_20_n_0
    SLICE_X11Y10         LUT5 (Prop_lut5_I0_O)        0.124   147.999 r  x_reg[23]_i_5/O
                         net (fo=6, routed)           1.056   149.054    x_reg[23]_i_5_n_0
    SLICE_X7Y13          LUT5 (Prop_lut5_I1_O)        0.124   149.178 r  x_reg[24]_i_743/O
                         net (fo=1, routed)           0.815   149.993    s_4_2_40
    SLICE_X11Y12         LUT6 (Prop_lut6_I5_O)        0.124   150.117 r  x_reg[24]_i_391/O
                         net (fo=1, routed)           0.669   150.787    s_4_2_4
    SLICE_X10Y12         LUT5 (Prop_lut5_I2_O)        0.124   150.911 r  x_reg[24]_i_123/O
                         net (fo=1, routed)           0.404   151.315    x_reg[24]_i_123_n_0
    SLICE_X11Y10         LUT6 (Prop_lut6_I0_O)        0.124   151.439 r  x_reg[24]_i_26/O
                         net (fo=1, routed)           0.954   152.393    x_reg[24]_i_26_n_0
    SLICE_X10Y13         LUT6 (Prop_lut6_I5_O)        0.124   152.517 r  x_reg[24]_i_6/O
                         net (fo=1, routed)           0.668   153.185    x_reg[24]_i_6_n_0
    SLICE_X9Y13          LUT6 (Prop_lut6_I2_O)        0.124   153.309 r  x_reg[24]_i_3/O
                         net (fo=1, routed)           2.559   155.867    x_next01291_out
    SLICE_X43Y26         LUT3 (Prop_lut3_I1_O)        0.152   156.019 r  x_reg[24]_i_2/O
                         net (fo=2, routed)           1.584   157.603    x_reg[24]_i_2_n_0
    SLICE_X43Y58         FDRE                                         r  x_reg_reg[24]_lopt_replica/D
  -------------------------------------------------------------------    -------------------

Slack:                    inf
  Source:                 x_reg_reg[1]/C
                            (rising edge-triggered cell FDRE)
  Destination:            x_reg_reg[24]/D
  Path Group:             (none)
  Path Type:              Max at Slow Process Corner
  Data Path Delay:        156.371ns  (logic 20.508ns (13.115%)  route 135.863ns (86.885%))
  Logic Levels:           127  (FDRE=1 LUT2=15 LUT3=12 LUT4=27 LUT5=15 LUT6=57)

    Location             Delay type                Incr(ns)  Path(ns)    Netlist Resource(s)
  -------------------------------------------------------------------    -------------------
    SLICE_X21Y64         FDRE                         0.000     0.000 r  x_reg_reg[1]/C
    SLICE_X21Y64         FDRE (Prop_fdre_C_Q)         0.456     0.456 r  x_reg_reg[1]/Q
                         net (fo=47, routed)          2.408     2.864    s_OBUF[1]
    SLICE_X42Y61         LUT6 (Prop_lut6_I5_O)        0.124     2.988 r  x_reg[1]_i_1686/O
                         net (fo=1, routed)           0.483     3.471    s_2_19_250
    SLICE_X42Y61         LUT3 (Prop_lut3_I2_O)        0.124     3.595 r  x_reg[1]_i_1678/O
                         net (fo=5, routed)           1.614     5.209    s_2_19_25
    SLICE_X43Y75         LUT3 (Prop_lut3_I2_O)        0.152     5.361 r  x_reg[1]_i_1685/O
                         net (fo=2, routed)           0.673     6.034    x_reg[1]_i_1685_n_0
    SLICE_X42Y75         LUT6 (Prop_lut6_I5_O)        0.326     6.360 r  x_reg[1]_i_1673/O
                         net (fo=3, routed)           0.864     7.224    s_2_19_24
    SLICE_X42Y76         LUT2 (Prop_lut2_I0_O)        0.124     7.348 r  x_reg[1]_i_1683/O
                         net (fo=3, routed)           1.012     8.361    x_reg[1]_i_1683_n_0
    SLICE_X41Y75         LUT6 (Prop_lut6_I5_O)        0.124     8.485 r  x_reg[1]_i_1656/O
                         net (fo=7, routed)           1.188     9.672    s_2_19_23
    SLICE_X41Y76         LUT6 (Prop_lut6_I5_O)        0.124     9.796 r  x_reg[1]_i_1645/O
                         net (fo=4, routed)           1.054    10.850    x_reg[1]_i_1645_n_0
    SLICE_X42Y77         LUT6 (Prop_lut6_I4_O)        0.124    10.974 r  x_reg[1]_i_1627/O
                         net (fo=12, routed)          0.731    11.705    s_2_20_21
    SLICE_X43Y81         LUT3 (Prop_lut3_I1_O)        0.118    11.823 r  x_reg[1]_i_1602/O
                         net (fo=10, routed)          1.200    13.023    x_reg[1]_i_1602_n_0
    SLICE_X41Y79         LUT6 (Prop_lut6_I2_O)        0.326    13.349 r  x_reg[1]_i_1539/O
                         net (fo=8, routed)           1.745    15.094    s_2_19_21
    SLICE_X42Y83         LUT6 (Prop_lut6_I0_O)        0.124    15.218 r  x_reg[1]_i_1471/O
                         net (fo=9, routed)           1.075    16.293    s_3_19_21
    SLICE_X41Y85         LUT5 (Prop_lut5_I2_O)        0.124    16.417 r  x_reg[1]_i_1402/O
                         net (fo=7, routed)           1.129    17.546    s_4_18_22
    SLICE_X37Y87         LUT3 (Prop_lut3_I1_O)        0.152    17.698 r  x_reg[1]_i_1401/O
                         net (fo=18, routed)          1.277    18.975    x_reg[1]_i_1401_n_0
    SLICE_X37Y85         LUT4 (Prop_lut4_I0_O)        0.354    19.329 r  x_reg[1]_i_1461/O
                         net (fo=2, routed)           0.920    20.249    x_reg[1]_i_1461_n_0
    SLICE_X37Y86         LUT6 (Prop_lut6_I3_O)        0.326    20.575 r  x_reg[1]_i_1392/O
                         net (fo=8, routed)           1.070    21.645    x_reg[1]_i_1392_n_0
    SLICE_X35Y85         LUT4 (Prop_lut4_I0_O)        0.152    21.797 r  x_reg[1]_i_1390/O
                         net (fo=13, routed)          1.730    23.527    x_reg[1]_i_1390_n_0
    SLICE_X37Y81         LUT6 (Prop_lut6_I1_O)        0.326    23.853 r  x_reg[0]_i_459/O
                         net (fo=10, routed)          1.595    25.448    s_3_12_25
    SLICE_X32Y84         LUT2 (Prop_lut2_I0_O)        0.150    25.598 r  x_reg[0]_i_461/O
                         net (fo=2, routed)           1.018    26.616    x_reg[0]_i_461_n_0
    SLICE_X34Y84         LUT6 (Prop_lut6_I0_O)        0.328    26.944 r  x_reg[0]_i_555/O
                         net (fo=1, routed)           1.038    27.982    x_reg[0]_i_555_n_0
    SLICE_X32Y83         LUT6 (Prop_lut6_I3_O)        0.124    28.106 r  x_reg[0]_i_476/O
                         net (fo=2, routed)           0.601    28.707    x_reg[0]_i_476_n_0
    SLICE_X32Y82         LUT6 (Prop_lut6_I0_O)        0.124    28.831 r  x_reg[0]_i_490/O
                         net (fo=1, routed)           0.755    29.586    x_reg[0]_i_490_n_0
    SLICE_X34Y79         LUT6 (Prop_lut6_I3_O)        0.124    29.710 r  x_reg[0]_i_399/O
                         net (fo=1, routed)           0.670    30.380    x_reg[0]_i_399_n_0
    SLICE_X32Y79         LUT6 (Prop_lut6_I2_O)        0.124    30.504 r  x_reg[0]_i_318/O
                         net (fo=28, routed)          3.245    33.749    x_reg[0]_i_318_n_0
    SLICE_X36Y72         LUT4 (Prop_lut4_I1_O)        0.124    33.873 r  x_reg[0]_i_273/O
                         net (fo=3, routed)           1.063    34.936    s_3_16_18
    SLICE_X34Y71         LUT4 (Prop_lut4_I1_O)        0.124    35.060 r  x_reg[0]_i_272/O
                         net (fo=16, routed)          1.149    36.209    x_reg[0]_i_272_n_0
    SLICE_X42Y70         LUT6 (Prop_lut6_I4_O)        0.124    36.333 r  x_reg[1]_i_1227/O
                         net (fo=12, routed)          1.432    37.765    x_reg[1]_i_1227_n_0
    SLICE_X41Y69         LUT6 (Prop_lut6_I5_O)        0.124    37.889 r  x_reg[1]_i_1104/O
                         net (fo=4, routed)           1.118    39.007    s_2_15_17
    SLICE_X39Y67         LUT4 (Prop_lut4_I0_O)        0.124    39.131 r  x_reg[1]_i_1071/O
                         net (fo=13, routed)          1.589    40.720    x_reg[1]_i_1071_n_0
    SLICE_X37Y65         LUT6 (Prop_lut6_I3_O)        0.124    40.844 r  x_reg[1]_i_943/O
                         net (fo=5, routed)           0.738    41.582    s_2_15_16
    SLICE_X36Y65         LUT4 (Prop_lut4_I3_O)        0.150    41.732 r  x_reg[1]_i_959/O
                         net (fo=6, routed)           1.072    42.804    x_reg[1]_i_959_n_0
    SLICE_X35Y64         LUT6 (Prop_lut6_I0_O)        0.326    43.130 r  x_reg[1]_i_903/O
                         net (fo=1, routed)           0.507    43.637    x_reg[1]_i_903_n_0
    SLICE_X36Y64         LUT6 (Prop_lut6_I4_O)        0.124    43.761 r  x_reg[1]_i_709/O
                         net (fo=4, routed)           1.411    45.172    s_3_10_21
    SLICE_X30Y65         LUT2 (Prop_lut2_I1_O)        0.156    45.328 r  x_reg[1]_i_761/O
                         net (fo=5, routed)           0.966    46.293    x_reg[1]_i_761_n_0
    SLICE_X31Y62         LUT3 (Prop_lut3_I0_O)        0.349    46.642 r  x_reg[1]_i_749/O
                         net (fo=1, routed)           0.833    47.475    x_reg[1]_i_749_n_0
    SLICE_X32Y62         LUT5 (Prop_lut5_I3_O)        0.326    47.801 r  x_reg[1]_i_510/O
                         net (fo=6, routed)           1.197    48.998    s_4_6_25
    SLICE_X30Y63         LUT4 (Prop_lut4_I0_O)        0.124    49.122 r  x_reg[1]_i_505/O
                         net (fo=6, routed)           0.807    49.929    x_reg[1]_i_505_n_0
    SLICE_X27Y65         LUT6 (Prop_lut6_I3_O)        0.124    50.053 r  x_reg[1]_i_250/O
                         net (fo=4, routed)           1.499    51.552    s_4_12_18
    SLICE_X20Y66         LUT2 (Prop_lut2_I0_O)        0.157    51.709 r  x_reg[0]_i_26/O
                         net (fo=7, routed)           0.875    52.583    x_reg[0]_i_26_n_0
    SLICE_X20Y69         LUT6 (Prop_lut6_I3_O)        0.355    52.938 r  x_reg[0]_i_7/O
                         net (fo=71, routed)          1.738    54.676    x_reg[0]_i_7_n_0
    SLICE_X17Y73         LUT4 (Prop_lut4_I1_O)        0.124    54.800 r  x_reg[2]_i_107/O
                         net (fo=8, routed)           1.339    56.139    s_5_9_21
    SLICE_X8Y74          LUT4 (Prop_lut4_I2_O)        0.124    56.263 r  x_reg[1]_i_50/O
                         net (fo=10, routed)          1.069    57.332    x_reg[1]_i_50_n_0
    SLICE_X11Y71         LUT6 (Prop_lut6_I3_O)        0.124    57.456 r  x_reg[1]_i_11/O
                         net (fo=61, routed)          1.243    58.699    x_reg[1]_i_11_n_0
    SLICE_X14Y68         LUT6 (Prop_lut6_I5_O)        0.124    58.823 r  x_reg[1]_i_2/O
                         net (fo=18, routed)          1.617    60.440    x_reg[1]_i_2_n_0
    SLICE_X12Y66         LUT6 (Prop_lut6_I5_O)        0.124    60.564 r  x_reg[3]_i_208/O
                         net (fo=4, routed)           0.633    61.197    s_3_5_22
    SLICE_X9Y64          LUT4 (Prop_lut4_I3_O)        0.124    61.321 r  x_reg[3]_i_201/O
                         net (fo=5, routed)           1.138    62.459    x_reg[3]_i_201_n_0
    SLICE_X12Y63         LUT5 (Prop_lut5_I4_O)        0.124    62.583 r  x_reg[2]_i_69/O
                         net (fo=9, routed)           1.539    64.122    x_reg[2]_i_69_n_0
    SLICE_X14Y65         LUT6 (Prop_lut6_I0_O)        0.124    64.246 r  x_reg[3]_i_333/O
                         net (fo=1, routed)           0.818    65.064    x_reg[3]_i_333_n_0
    SLICE_X13Y65         LUT6 (Prop_lut6_I0_O)        0.124    65.188 r  x_reg[3]_i_185/O
                         net (fo=1, routed)           0.590    65.777    s_3_1_250
    SLICE_X15Y65         LUT6 (Prop_lut6_I5_O)        0.124    65.901 r  x_reg[3]_i_75/O
                         net (fo=4, routed)           0.820    66.722    s_3_1_25
    SLICE_X15Y63         LUT4 (Prop_lut4_I3_O)        0.124    66.846 r  x_reg[3]_i_26/O
                         net (fo=1, routed)           0.593    67.439    x_reg[3]_i_26_n_0
    SLICE_X13Y63         LUT6 (Prop_lut6_I1_O)        0.124    67.563 r  x_reg[3]_i_6/O
                         net (fo=22, routed)          1.551    69.113    x_reg[3]_i_6_n_0
    SLICE_X17Y60         LUT6 (Prop_lut6_I2_O)        0.124    69.237 r  x_reg[6]_i_348/O
                         net (fo=7, routed)           0.676    69.913    s_3_7_18
    SLICE_X17Y59         LUT4 (Prop_lut4_I0_O)        0.124    70.037 r  x_reg[4]_i_217/O
                         net (fo=5, routed)           0.952    70.989    x_reg[4]_i_217_n_0
    SLICE_X17Y58         LUT5 (Prop_lut5_I4_O)        0.124    71.113 r  x_reg[4]_i_99/O
                         net (fo=9, routed)           1.173    72.286    x_reg[4]_i_99_n_0
    SLICE_X19Y57         LUT5 (Prop_lut5_I3_O)        0.124    72.410 r  x_reg[6]_i_383/O
                         net (fo=1, routed)           0.852    73.262    x_reg[6]_i_383_n_0
    SLICE_X20Y56         LUT4 (Prop_lut4_I3_O)        0.124    73.386 r  x_reg[6]_i_254/O
                         net (fo=5, routed)           1.071    74.458    s_3_9_15
    SLICE_X19Y55         LUT4 (Prop_lut4_I3_O)        0.124    74.582 r  x_reg[5]_i_90/O
                         net (fo=6, routed)           0.678    75.259    x_reg[5]_i_90_n_0
    SLICE_X18Y56         LUT3 (Prop_lut3_I0_O)        0.124    75.383 r  x_reg[6]_i_372/O
                         net (fo=1, routed)           0.279    75.663    x_reg[6]_i_372_n_0
    SLICE_X18Y56         LUT6 (Prop_lut6_I4_O)        0.124    75.787 r  x_reg[6]_i_245/O
                         net (fo=4, routed)           1.506    77.293    s_4_4_20
    SLICE_X20Y53         LUT2 (Prop_lut2_I1_O)        0.124    77.417 r  x_reg[6]_i_116/O
                         net (fo=4, routed)           0.819    78.236    x_reg[6]_i_116_n_0
    SLICE_X21Y54         LUT4 (Prop_lut4_I0_O)        0.124    78.360 r  x_reg[6]_i_34/O
                         net (fo=5, routed)           1.248    79.608    x_reg[6]_i_34_n_0
    SLICE_X24Y53         LUT4 (Prop_lut4_I1_O)        0.124    79.732 r  x_reg[6]_i_8/O
                         net (fo=13, routed)          1.026    80.757    x_reg[6]_i_8_n_0
    SLICE_X21Y56         LUT6 (Prop_lut6_I5_O)        0.124    80.881 r  x_reg[7]_i_89/O
                         net (fo=3, routed)           0.803    81.684    s_4_10_13
    SLICE_X21Y52         LUT4 (Prop_lut4_I1_O)        0.124    81.808 r  x_reg[7]_i_29/O
                         net (fo=1, routed)           0.879    82.687    x_reg[7]_i_29_n_0
    SLICE_X21Y52         LUT4 (Prop_lut4_I1_O)        0.124    82.811 r  x_reg[7]_i_8/O
                         net (fo=38, routed)          0.957    83.768    x_reg[7]_i_8_n_0
    SLICE_X25Y52         LUT4 (Prop_lut4_I3_O)        0.124    83.892 r  x_reg[8]_i_122/O
                         net (fo=3, routed)           0.449    84.341    s_5_8_15
    SLICE_X23Y51         LUT6 (Prop_lut6_I2_O)        0.124    84.465 r  x_reg[8]_i_34/O
                         net (fo=1, routed)           0.670    85.135    x_reg[8]_i_34_n_0
    SLICE_X23Y51         LUT3 (Prop_lut3_I1_O)        0.124    85.259 r  x_reg[8]_i_8/O
                         net (fo=45, routed)          1.336    86.595    x_reg[8]_i_8_n_0
    SLICE_X31Y51         LUT5 (Prop_lut5_I1_O)        0.124    86.719 r  x_reg[11]_i_466/O
                         net (fo=4, routed)           1.187    87.907    s_6_5_18
    SLICE_X32Y50         LUT2 (Prop_lut2_I1_O)        0.146    88.053 r  x_reg[11]_i_477/O
                         net (fo=3, routed)           0.838    88.890    x_reg[11]_i_477_n_0
    SLICE_X33Y51         LUT3 (Prop_lut3_I2_O)        0.328    89.218 r  x_reg[10]_i_285/O
                         net (fo=5, routed)           0.843    90.061    x_reg[10]_i_285_n_0
    SLICE_X34Y52         LUT4 (Prop_lut4_I3_O)        0.146    90.207 r  x_reg[9]_i_44/O
                         net (fo=9, routed)           1.405    91.612    x_reg[9]_i_44_n_0
    SLICE_X39Y54         LUT4 (Prop_lut4_I3_O)        0.356    91.968 r  x_reg[10]_i_278/O
                         net (fo=1, routed)           0.433    92.401    x_reg[10]_i_278_n_0
    SLICE_X39Y54         LUT5 (Prop_lut5_I4_O)        0.326    92.727 r  x_reg[10]_i_134/O
                         net (fo=5, routed)           1.194    93.921    s_5_10_11
    SLICE_X40Y49         LUT2 (Prop_lut2_I0_O)        0.124    94.045 r  x_reg[10]_i_43/O
                         net (fo=1, routed)           0.943    94.988    x_reg[10]_i_43_n_0
    SLICE_X40Y50         LUT6 (Prop_lut6_I3_O)        0.124    95.112 r  x_reg[10]_i_11/O
                         net (fo=17, routed)          1.523    96.635    x_reg[10]_i_11_n_0
    SLICE_X42Y48         LUT6 (Prop_lut6_I5_O)        0.124    96.759 r  x_reg[12]_i_447/O
                         net (fo=4, routed)           1.122    97.881    s_5_9_11
    SLICE_X41Y46         LUT2 (Prop_lut2_I0_O)        0.124    98.005 r  x_reg[11]_i_108/O
                         net (fo=11, routed)          0.826    98.831    x_reg[11]_i_108_n_0
    SLICE_X41Y44         LUT4 (Prop_lut4_I0_O)        0.124    98.955 r  x_reg[11]_i_35/O
                         net (fo=22, routed)          1.909   100.864    x_reg[11]_i_35_n_0
    SLICE_X35Y42         LUT2 (Prop_lut2_I0_O)        0.152   101.016 r  x_reg[12]_i_206/O
                         net (fo=2, routed)           1.038   102.054    x_reg[12]_i_206_n_0
    SLICE_X39Y42         LUT6 (Prop_lut6_I0_O)        0.326   102.380 r  x_reg[12]_i_52/O
                         net (fo=2, routed)           0.649   103.029    x_reg[12]_i_52_n_0
    SLICE_X40Y41         LUT3 (Prop_lut3_I1_O)        0.124   103.153 r  x_reg[14]_i_349/O
                         net (fo=9, routed)           0.686   103.839    x_reg[14]_i_349_n_0
    SLICE_X40Y40         LUT6 (Prop_lut6_I0_O)        0.124   103.963 r  x_reg[13]_i_148/O
                         net (fo=34, routed)          2.782   106.744    x_reg[13]_i_148_n_0
    SLICE_X36Y38         LUT6 (Prop_lut6_I5_O)        0.124   106.868 r  x_reg[13]_i_143/O
                         net (fo=8, routed)           1.266   108.134    s_5_3_15
    SLICE_X37Y35         LUT4 (Prop_lut4_I2_O)        0.124   108.258 r  x_reg[13]_i_35/O
                         net (fo=3, routed)           0.815   109.073    x_reg[13]_i_35_n_0
    SLICE_X37Y34         LUT6 (Prop_lut6_I0_O)        0.124   109.197 r  x_reg[13]_i_9/O
                         net (fo=17, routed)          1.448   110.646    x_reg[13]_i_9_n_0
    SLICE_X32Y33         LUT3 (Prop_lut3_I2_O)        0.146   110.792 r  x_reg[15]_i_407/O
                         net (fo=1, routed)           0.685   111.477    x_reg[15]_i_407_n_0
    SLICE_X33Y33         LUT6 (Prop_lut6_I4_O)        0.328   111.805 r  x_reg[15]_i_160/O
                         net (fo=6, routed)           1.013   112.819    s_3_7_8
    SLICE_X27Y31         LUT6 (Prop_lut6_I3_O)        0.124   112.943 r  x_reg[15]_i_405/O
                         net (fo=1, routed)           1.023   113.965    x_reg[15]_i_405_n_0
    SLICE_X24Y31         LUT2 (Prop_lut2_I1_O)        0.124   114.089 r  x_reg[15]_i_158/O
                         net (fo=1, routed)           1.234   115.323    x_reg[15]_i_158_n_0
    SLICE_X36Y28         LUT6 (Prop_lut6_I2_O)        0.124   115.447 r  x_reg[15]_i_39/O
                         net (fo=3, routed)           1.165   116.612    s_4_6_9
    SLICE_X36Y25         LUT6 (Prop_lut6_I1_O)        0.124   116.736 r  x_reg[15]_i_9/O
                         net (fo=10, routed)          1.204   117.940    x_reg[15]_i_9_n_0
    SLICE_X34Y23         LUT2 (Prop_lut2_I1_O)        0.150   118.090 r  x_reg[16]_i_451/O
                         net (fo=1, routed)           0.815   118.905    x_reg[16]_i_451_n_0
    SLICE_X34Y22         LUT6 (Prop_lut6_I4_O)        0.348   119.253 r  x_reg[16]_i_193/O
                         net (fo=4, routed)           1.404   120.658    s_4_6_8
    SLICE_X36Y18         LUT4 (Prop_lut4_I1_O)        0.124   120.782 r  x_reg[16]_i_51/O
                         net (fo=4, routed)           0.657   121.438    x_reg[16]_i_51_n_0
    SLICE_X36Y20         LUT5 (Prop_lut5_I4_O)        0.124   121.562 r  x_reg[16]_i_10/O
                         net (fo=1, routed)           0.813   122.376    x_reg[16]_i_10_n_0
    SLICE_X39Y19         LUT6 (Prop_lut6_I1_O)        0.124   122.500 r  x_reg[16]_i_3/O
                         net (fo=17, routed)          1.079   123.579    x_reg[16]_i_3_n_0
    SLICE_X34Y19         LUT5 (Prop_lut5_I4_O)        0.124   123.703 r  x_reg[17]_i_42/O
                         net (fo=3, routed)           1.458   125.161    s_4_6_7
    SLICE_X37Y15         LUT5 (Prop_lut5_I2_O)        0.124   125.285 r  x_reg[17]_i_10/O
                         net (fo=1, routed)           0.828   126.113    x_reg[17]_i_10_n_0
    SLICE_X38Y14         LUT6 (Prop_lut6_I1_O)        0.124   126.237 r  x_reg[17]_i_3/O
                         net (fo=19, routed)          1.862   128.099    x_reg[17]_i_3_n_0
    SLICE_X36Y12         LUT6 (Prop_lut6_I5_O)        0.124   128.223 r  x_reg[19]_i_143/O
                         net (fo=7, routed)           1.454   129.677    s_5_2_11
    SLICE_X37Y9          LUT2 (Prop_lut2_I0_O)        0.124   129.801 r  x_reg[20]_i_391/O
                         net (fo=1, routed)           0.645   130.447    x_reg[20]_i_391_n_0
    SLICE_X37Y9          LUT6 (Prop_lut6_I4_O)        0.124   130.570 r  x_reg[20]_i_153/O
                         net (fo=3, routed)           1.282   131.852    s_5_5_7
    SLICE_X33Y5          LUT2 (Prop_lut2_I0_O)        0.124   131.976 r  x_reg[19]_i_77/O
                         net (fo=3, routed)           0.859   132.835    x_reg[19]_i_77_n_0
    SLICE_X34Y6          LUT3 (Prop_lut3_I2_O)        0.124   132.959 r  x_reg[19]_i_22/O
                         net (fo=6, routed)           0.842   133.801    x_reg[19]_i_22_n_0
    SLICE_X32Y9          LUT4 (Prop_lut4_I3_O)        0.148   133.949 r  x_reg[20]_i_195/O
                         net (fo=8, routed)           1.277   135.226    x_reg[20]_i_195_n_0
    SLICE_X31Y8          LUT6 (Prop_lut6_I4_O)        0.328   135.554 r  x_reg[20]_i_204/O
                         net (fo=3, routed)           0.728   136.281    s_5_2_9
    SLICE_X28Y6          LUT5 (Prop_lut5_I2_O)        0.124   136.405 r  x_reg[20]_i_58/O
                         net (fo=9, routed)           1.136   137.542    x_reg[20]_i_58_n_0
    SLICE_X29Y9          LUT6 (Prop_lut6_I5_O)        0.124   137.666 r  x_reg[22]_i_643/O
                         net (fo=1, routed)           0.758   138.424    x_reg[22]_i_643_n_0
    SLICE_X29Y10         LUT6 (Prop_lut6_I4_O)        0.124   138.548 r  x_reg[22]_i_365/O
                         net (fo=4, routed)           1.386   139.934    s_4_3_6
    SLICE_X18Y11         LUT6 (Prop_lut6_I3_O)        0.124   140.058 r  x_reg[22]_i_647/O
                         net (fo=1, routed)           1.014   141.072    x_reg[22]_i_647_n_0
    SLICE_X18Y10         LUT2 (Prop_lut2_I1_O)        0.152   141.224 r  x_reg[22]_i_369/O
                         net (fo=1, routed)           0.799   142.023    x_reg[22]_i_369_n_0
    SLICE_X18Y11         LUT6 (Prop_lut6_I2_O)        0.326   142.349 r  x_reg[22]_i_111/O
                         net (fo=4, routed)           1.091   143.440    s_5_2_7
    SLICE_X12Y11         LUT4 (Prop_lut4_I1_O)        0.124   143.564 r  x_reg[22]_i_28/O
                         net (fo=11, routed)          1.167   144.730    x_reg[22]_i_28_n_0
    SLICE_X8Y9           LUT2 (Prop_lut2_I0_O)        0.150   144.880 r  x_reg[23]_i_373/O
                         net (fo=2, routed)           0.470   145.350    x_reg[23]_i_373_n_0
    SLICE_X8Y9           LUT6 (Prop_lut6_I3_O)        0.355   145.705 r  x_reg[23]_i_200/O
                         net (fo=4, routed)           0.462   146.167    p_4611_in
    SLICE_X6Y10          LUT4 (Prop_lut4_I1_O)        0.124   146.291 r  x_reg[23]_i_76/O
                         net (fo=3, routed)           0.647   146.938    x_reg[23]_i_76_n_0
    SLICE_X7Y11          LUT5 (Prop_lut5_I4_O)        0.124   147.062 r  x_reg[23]_i_20/O
                         net (fo=1, routed)           0.812   147.875    x_reg[23]_i_20_n_0
    SLICE_X11Y10         LUT5 (Prop_lut5_I0_O)        0.124   147.999 r  x_reg[23]_i_5/O
                         net (fo=6, routed)           1.056   149.054    x_reg[23]_i_5_n_0
    SLICE_X7Y13          LUT5 (Prop_lut5_I1_O)        0.124   149.178 r  x_reg[24]_i_743/O
                         net (fo=1, routed)           0.815   149.993    s_4_2_40
    SLICE_X11Y12         LUT6 (Prop_lut6_I5_O)        0.124   150.117 r  x_reg[24]_i_391/O
                         net (fo=1, routed)           0.669   150.787    s_4_2_4
    SLICE_X10Y12         LUT5 (Prop_lut5_I2_O)        0.124   150.911 r  x_reg[24]_i_123/O
                         net (fo=1, routed)           0.404   151.315    x_reg[24]_i_123_n_0
    SLICE_X11Y10         LUT6 (Prop_lut6_I0_O)        0.124   151.439 r  x_reg[24]_i_26/O
                         net (fo=1, routed)           0.954   152.393    x_reg[24]_i_26_n_0
    SLICE_X10Y13         LUT6 (Prop_lut6_I5_O)        0.124   152.517 r  x_reg[24]_i_6/O
                         net (fo=1, routed)           0.668   153.185    x_reg[24]_i_6_n_0
    SLICE_X9Y13          LUT6 (Prop_lut6_I2_O)        0.124   153.309 r  x_reg[24]_i_3/O
                         net (fo=1, routed)           2.559   155.867    x_next01291_out
    SLICE_X43Y26         LUT3 (Prop_lut3_I1_O)        0.152   156.019 r  x_reg[24]_i_2/O
                         net (fo=2, routed)           0.352   156.371    x_reg[24]_i_2_n_0
    SLICE_X42Y26         FDRE                                         r  x_reg_reg[24]/D
  -------------------------------------------------------------------    -------------------

Slack:                    inf
  Source:                 x_reg_reg[1]/C
                            (rising edge-triggered cell FDRE)
  Destination:            x_reg_reg[23]_lopt_replica/D
  Path Group:             (none)
  Path Type:              Max at Slow Process Corner
  Data Path Delay:        152.648ns  (logic 19.860ns (13.010%)  route 132.788ns (86.990%))
  Logic Levels:           122  (FDRE=1 LUT2=15 LUT3=12 LUT4=27 LUT5=13 LUT6=54)

    Location             Delay type                Incr(ns)  Path(ns)    Netlist Resource(s)
  -------------------------------------------------------------------    -------------------
    SLICE_X21Y64         FDRE                         0.000     0.000 r  x_reg_reg[1]/C
    SLICE_X21Y64         FDRE (Prop_fdre_C_Q)         0.456     0.456 r  x_reg_reg[1]/Q
                         net (fo=47, routed)          2.408     2.864    s_OBUF[1]
    SLICE_X42Y61         LUT6 (Prop_lut6_I5_O)        0.124     2.988 r  x_reg[1]_i_1686/O
                         net (fo=1, routed)           0.483     3.471    s_2_19_250
    SLICE_X42Y61         LUT3 (Prop_lut3_I2_O)        0.124     3.595 r  x_reg[1]_i_1678/O
                         net (fo=5, routed)           1.614     5.209    s_2_19_25
    SLICE_X43Y75         LUT3 (Prop_lut3_I2_O)        0.152     5.361 r  x_reg[1]_i_1685/O
                         net (fo=2, routed)           0.673     6.034    x_reg[1]_i_1685_n_0
    SLICE_X42Y75         LUT6 (Prop_lut6_I5_O)        0.326     6.360 r  x_reg[1]_i_1673/O
                         net (fo=3, routed)           0.864     7.224    s_2_19_24
    SLICE_X42Y76         LUT2 (Prop_lut2_I0_O)        0.124     7.348 r  x_reg[1]_i_1683/O
                         net (fo=3, routed)           1.012     8.361    x_reg[1]_i_1683_n_0
    SLICE_X41Y75         LUT6 (Prop_lut6_I5_O)        0.124     8.485 r  x_reg[1]_i_1656/O
                         net (fo=7, routed)           1.188     9.672    s_2_19_23
    SLICE_X41Y76         LUT6 (Prop_lut6_I5_O)        0.124     9.796 r  x_reg[1]_i_1645/O
                         net (fo=4, routed)           1.054    10.850    x_reg[1]_i_1645_n_0
    SLICE_X42Y77         LUT6 (Prop_lut6_I4_O)        0.124    10.974 r  x_reg[1]_i_1627/O
                         net (fo=12, routed)          0.731    11.705    s_2_20_21
    SLICE_X43Y81         LUT3 (Prop_lut3_I1_O)        0.118    11.823 r  x_reg[1]_i_1602/O
                         net (fo=10, routed)          1.200    13.023    x_reg[1]_i_1602_n_0
    SLICE_X41Y79         LUT6 (Prop_lut6_I2_O)        0.326    13.349 r  x_reg[1]_i_1539/O
                         net (fo=8, routed)           1.745    15.094    s_2_19_21
    SLICE_X42Y83         LUT6 (Prop_lut6_I0_O)        0.124    15.218 r  x_reg[1]_i_1471/O
                         net (fo=9, routed)           1.075    16.293    s_3_19_21
    SLICE_X41Y85         LUT5 (Prop_lut5_I2_O)        0.124    16.417 r  x_reg[1]_i_1402/O
                         net (fo=7, routed)           1.129    17.546    s_4_18_22
    SLICE_X37Y87         LUT3 (Prop_lut3_I1_O)        0.152    17.698 r  x_reg[1]_i_1401/O
                         net (fo=18, routed)          1.277    18.975    x_reg[1]_i_1401_n_0
    SLICE_X37Y85         LUT4 (Prop_lut4_I0_O)        0.354    19.329 r  x_reg[1]_i_1461/O
                         net (fo=2, routed)           0.920    20.249    x_reg[1]_i_1461_n_0
    SLICE_X37Y86         LUT6 (Prop_lut6_I3_O)        0.326    20.575 r  x_reg[1]_i_1392/O
                         net (fo=8, routed)           1.070    21.645    x_reg[1]_i_1392_n_0
    SLICE_X35Y85         LUT4 (Prop_lut4_I0_O)        0.152    21.797 r  x_reg[1]_i_1390/O
                         net (fo=13, routed)          1.730    23.527    x_reg[1]_i_1390_n_0
    SLICE_X37Y81         LUT6 (Prop_lut6_I1_O)        0.326    23.853 r  x_reg[0]_i_459/O
                         net (fo=10, routed)          1.595    25.448    s_3_12_25
    SLICE_X32Y84         LUT2 (Prop_lut2_I0_O)        0.150    25.598 r  x_reg[0]_i_461/O
                         net (fo=2, routed)           1.018    26.616    x_reg[0]_i_461_n_0
    SLICE_X34Y84         LUT6 (Prop_lut6_I0_O)        0.328    26.944 r  x_reg[0]_i_555/O
                         net (fo=1, routed)           1.038    27.982    x_reg[0]_i_555_n_0
    SLICE_X32Y83         LUT6 (Prop_lut6_I3_O)        0.124    28.106 r  x_reg[0]_i_476/O
                         net (fo=2, routed)           0.601    28.707    x_reg[0]_i_476_n_0
    SLICE_X32Y82         LUT6 (Prop_lut6_I0_O)        0.124    28.831 r  x_reg[0]_i_490/O
                         net (fo=1, routed)           0.755    29.586    x_reg[0]_i_490_n_0
    SLICE_X34Y79         LUT6 (Prop_lut6_I3_O)        0.124    29.710 r  x_reg[0]_i_399/O
                         net (fo=1, routed)           0.670    30.380    x_reg[0]_i_399_n_0
    SLICE_X32Y79         LUT6 (Prop_lut6_I2_O)        0.124    30.504 r  x_reg[0]_i_318/O
                         net (fo=28, routed)          3.245    33.749    x_reg[0]_i_318_n_0
    SLICE_X36Y72         LUT4 (Prop_lut4_I1_O)        0.124    33.873 r  x_reg[0]_i_273/O
                         net (fo=3, routed)           1.063    34.936    s_3_16_18
    SLICE_X34Y71         LUT4 (Prop_lut4_I1_O)        0.124    35.060 r  x_reg[0]_i_272/O
                         net (fo=16, routed)          1.149    36.209    x_reg[0]_i_272_n_0
    SLICE_X42Y70         LUT6 (Prop_lut6_I4_O)        0.124    36.333 r  x_reg[1]_i_1227/O
                         net (fo=12, routed)          1.432    37.765    x_reg[1]_i_1227_n_0
    SLICE_X41Y69         LUT6 (Prop_lut6_I5_O)        0.124    37.889 r  x_reg[1]_i_1104/O
                         net (fo=4, routed)           1.118    39.007    s_2_15_17
    SLICE_X39Y67         LUT4 (Prop_lut4_I0_O)        0.124    39.131 r  x_reg[1]_i_1071/O
                         net (fo=13, routed)          1.589    40.720    x_reg[1]_i_1071_n_0
    SLICE_X37Y65         LUT6 (Prop_lut6_I3_O)        0.124    40.844 r  x_reg[1]_i_943/O
                         net (fo=5, routed)           0.738    41.582    s_2_15_16
    SLICE_X36Y65         LUT4 (Prop_lut4_I3_O)        0.150    41.732 r  x_reg[1]_i_959/O
                         net (fo=6, routed)           1.072    42.804    x_reg[1]_i_959_n_0
    SLICE_X35Y64         LUT6 (Prop_lut6_I0_O)        0.326    43.130 r  x_reg[1]_i_903/O
                         net (fo=1, routed)           0.507    43.637    x_reg[1]_i_903_n_0
    SLICE_X36Y64         LUT6 (Prop_lut6_I4_O)        0.124    43.761 r  x_reg[1]_i_709/O
                         net (fo=4, routed)           1.411    45.172    s_3_10_21
    SLICE_X30Y65         LUT2 (Prop_lut2_I1_O)        0.156    45.328 r  x_reg[1]_i_761/O
                         net (fo=5, routed)           0.966    46.293    x_reg[1]_i_761_n_0
    SLICE_X31Y62         LUT3 (Prop_lut3_I0_O)        0.349    46.642 r  x_reg[1]_i_749/O
                         net (fo=1, routed)           0.833    47.475    x_reg[1]_i_749_n_0
    SLICE_X32Y62         LUT5 (Prop_lut5_I3_O)        0.326    47.801 r  x_reg[1]_i_510/O
                         net (fo=6, routed)           1.197    48.998    s_4_6_25
    SLICE_X30Y63         LUT4 (Prop_lut4_I0_O)        0.124    49.122 r  x_reg[1]_i_505/O
                         net (fo=6, routed)           0.807    49.929    x_reg[1]_i_505_n_0
    SLICE_X27Y65         LUT6 (Prop_lut6_I3_O)        0.124    50.053 r  x_reg[1]_i_250/O
                         net (fo=4, routed)           1.499    51.552    s_4_12_18
    SLICE_X20Y66         LUT2 (Prop_lut2_I0_O)        0.157    51.709 r  x_reg[0]_i_26/O
                         net (fo=7, routed)           0.875    52.583    x_reg[0]_i_26_n_0
    SLICE_X20Y69         LUT6 (Prop_lut6_I3_O)        0.355    52.938 r  x_reg[0]_i_7/O
                         net (fo=71, routed)          1.738    54.676    x_reg[0]_i_7_n_0
    SLICE_X17Y73         LUT4 (Prop_lut4_I1_O)        0.124    54.800 r  x_reg[2]_i_107/O
                         net (fo=8, routed)           1.339    56.139    s_5_9_21
    SLICE_X8Y74          LUT4 (Prop_lut4_I2_O)        0.124    56.263 r  x_reg[1]_i_50/O
                         net (fo=10, routed)          1.069    57.332    x_reg[1]_i_50_n_0
    SLICE_X11Y71         LUT6 (Prop_lut6_I3_O)        0.124    57.456 r  x_reg[1]_i_11/O
                         net (fo=61, routed)          1.243    58.699    x_reg[1]_i_11_n_0
    SLICE_X14Y68         LUT6 (Prop_lut6_I5_O)        0.124    58.823 r  x_reg[1]_i_2/O
                         net (fo=18, routed)          1.617    60.440    x_reg[1]_i_2_n_0
    SLICE_X12Y66         LUT6 (Prop_lut6_I5_O)        0.124    60.564 r  x_reg[3]_i_208/O
                         net (fo=4, routed)           0.633    61.197    s_3_5_22
    SLICE_X9Y64          LUT4 (Prop_lut4_I3_O)        0.124    61.321 r  x_reg[3]_i_201/O
                         net (fo=5, routed)           1.138    62.459    x_reg[3]_i_201_n_0
    SLICE_X12Y63         LUT5 (Prop_lut5_I4_O)        0.124    62.583 r  x_reg[2]_i_69/O
                         net (fo=9, routed)           1.539    64.122    x_reg[2]_i_69_n_0
    SLICE_X14Y65         LUT6 (Prop_lut6_I0_O)        0.124    64.246 r  x_reg[3]_i_333/O
                         net (fo=1, routed)           0.818    65.064    x_reg[3]_i_333_n_0
    SLICE_X13Y65         LUT6 (Prop_lut6_I0_O)        0.124    65.188 r  x_reg[3]_i_185/O
                         net (fo=1, routed)           0.590    65.777    s_3_1_250
    SLICE_X15Y65         LUT6 (Prop_lut6_I5_O)        0.124    65.901 r  x_reg[3]_i_75/O
                         net (fo=4, routed)           0.820    66.722    s_3_1_25
    SLICE_X15Y63         LUT4 (Prop_lut4_I3_O)        0.124    66.846 r  x_reg[3]_i_26/O
                         net (fo=1, routed)           0.593    67.439    x_reg[3]_i_26_n_0
    SLICE_X13Y63         LUT6 (Prop_lut6_I1_O)        0.124    67.563 r  x_reg[3]_i_6/O
                         net (fo=22, routed)          1.551    69.113    x_reg[3]_i_6_n_0
    SLICE_X17Y60         LUT6 (Prop_lut6_I2_O)        0.124    69.237 r  x_reg[6]_i_348/O
                         net (fo=7, routed)           0.676    69.913    s_3_7_18
    SLICE_X17Y59         LUT4 (Prop_lut4_I0_O)        0.124    70.037 r  x_reg[4]_i_217/O
                         net (fo=5, routed)           0.952    70.989    x_reg[4]_i_217_n_0
    SLICE_X17Y58         LUT5 (Prop_lut5_I4_O)        0.124    71.113 r  x_reg[4]_i_99/O
                         net (fo=9, routed)           1.173    72.286    x_reg[4]_i_99_n_0
    SLICE_X19Y57         LUT5 (Prop_lut5_I3_O)        0.124    72.410 r  x_reg[6]_i_383/O
                         net (fo=1, routed)           0.852    73.262    x_reg[6]_i_383_n_0
    SLICE_X20Y56         LUT4 (Prop_lut4_I3_O)        0.124    73.386 r  x_reg[6]_i_254/O
                         net (fo=5, routed)           1.071    74.458    s_3_9_15
    SLICE_X19Y55         LUT4 (Prop_lut4_I3_O)        0.124    74.582 r  x_reg[5]_i_90/O
                         net (fo=6, routed)           0.678    75.259    x_reg[5]_i_90_n_0
    SLICE_X18Y56         LUT3 (Prop_lut3_I0_O)        0.124    75.383 r  x_reg[6]_i_372/O
                         net (fo=1, routed)           0.279    75.663    x_reg[6]_i_372_n_0
    SLICE_X18Y56         LUT6 (Prop_lut6_I4_O)        0.124    75.787 r  x_reg[6]_i_245/O
                         net (fo=4, routed)           1.506    77.293    s_4_4_20
    SLICE_X20Y53         LUT2 (Prop_lut2_I1_O)        0.124    77.417 r  x_reg[6]_i_116/O
                         net (fo=4, routed)           0.819    78.236    x_reg[6]_i_116_n_0
    SLICE_X21Y54         LUT4 (Prop_lut4_I0_O)        0.124    78.360 r  x_reg[6]_i_34/O
                         net (fo=5, routed)           1.248    79.608    x_reg[6]_i_34_n_0
    SLICE_X24Y53         LUT4 (Prop_lut4_I1_O)        0.124    79.732 r  x_reg[6]_i_8/O
                         net (fo=13, routed)          1.026    80.757    x_reg[6]_i_8_n_0
    SLICE_X21Y56         LUT6 (Prop_lut6_I5_O)        0.124    80.881 r  x_reg[7]_i_89/O
                         net (fo=3, routed)           0.803    81.684    s_4_10_13
    SLICE_X21Y52         LUT4 (Prop_lut4_I1_O)        0.124    81.808 r  x_reg[7]_i_29/O
                         net (fo=1, routed)           0.879    82.687    x_reg[7]_i_29_n_0
    SLICE_X21Y52         LUT4 (Prop_lut4_I1_O)        0.124    82.811 r  x_reg[7]_i_8/O
                         net (fo=38, routed)          0.957    83.768    x_reg[7]_i_8_n_0
    SLICE_X25Y52         LUT4 (Prop_lut4_I3_O)        0.124    83.892 r  x_reg[8]_i_122/O
                         net (fo=3, routed)           0.449    84.341    s_5_8_15
    SLICE_X23Y51         LUT6 (Prop_lut6_I2_O)        0.124    84.465 r  x_reg[8]_i_34/O
                         net (fo=1, routed)           0.670    85.135    x_reg[8]_i_34_n_0
    SLICE_X23Y51         LUT3 (Prop_lut3_I1_O)        0.124    85.259 r  x_reg[8]_i_8/O
                         net (fo=45, routed)          1.336    86.595    x_reg[8]_i_8_n_0
    SLICE_X31Y51         LUT5 (Prop_lut5_I1_O)        0.124    86.719 r  x_reg[11]_i_466/O
                         net (fo=4, routed)           1.187    87.907    s_6_5_18
    SLICE_X32Y50         LUT2 (Prop_lut2_I1_O)        0.146    88.053 r  x_reg[11]_i_477/O
                         net (fo=3, routed)           0.838    88.890    x_reg[11]_i_477_n_0
    SLICE_X33Y51         LUT3 (Prop_lut3_I2_O)        0.328    89.218 r  x_reg[10]_i_285/O
                         net (fo=5, routed)           0.843    90.061    x_reg[10]_i_285_n_0
    SLICE_X34Y52         LUT4 (Prop_lut4_I3_O)        0.146    90.207 r  x_reg[9]_i_44/O
                         net (fo=9, routed)           1.405    91.612    x_reg[9]_i_44_n_0
    SLICE_X39Y54         LUT4 (Prop_lut4_I3_O)        0.356    91.968 r  x_reg[10]_i_278/O
                         net (fo=1, routed)           0.433    92.401    x_reg[10]_i_278_n_0
    SLICE_X39Y54         LUT5 (Prop_lut5_I4_O)        0.326    92.727 r  x_reg[10]_i_134/O
                         net (fo=5, routed)           1.194    93.921    s_5_10_11
    SLICE_X40Y49         LUT2 (Prop_lut2_I0_O)        0.124    94.045 r  x_reg[10]_i_43/O
                         net (fo=1, routed)           0.943    94.988    x_reg[10]_i_43_n_0
    SLICE_X40Y50         LUT6 (Prop_lut6_I3_O)        0.124    95.112 r  x_reg[10]_i_11/O
                         net (fo=17, routed)          1.523    96.635    x_reg[10]_i_11_n_0
    SLICE_X42Y48         LUT6 (Prop_lut6_I5_O)        0.124    96.759 r  x_reg[12]_i_447/O
                         net (fo=4, routed)           1.122    97.881    s_5_9_11
    SLICE_X41Y46         LUT2 (Prop_lut2_I0_O)        0.124    98.005 r  x_reg[11]_i_108/O
                         net (fo=11, routed)          0.826    98.831    x_reg[11]_i_108_n_0
    SLICE_X41Y44         LUT4 (Prop_lut4_I0_O)        0.124    98.955 r  x_reg[11]_i_35/O
                         net (fo=22, routed)          1.909   100.864    x_reg[11]_i_35_n_0
    SLICE_X35Y42         LUT2 (Prop_lut2_I0_O)        0.152   101.016 r  x_reg[12]_i_206/O
                         net (fo=2, routed)           1.038   102.054    x_reg[12]_i_206_n_0
    SLICE_X39Y42         LUT6 (Prop_lut6_I0_O)        0.326   102.380 r  x_reg[12]_i_52/O
                         net (fo=2, routed)           0.649   103.029    x_reg[12]_i_52_n_0
    SLICE_X40Y41         LUT3 (Prop_lut3_I1_O)        0.124   103.153 r  x_reg[14]_i_349/O
                         net (fo=9, routed)           0.686   103.839    x_reg[14]_i_349_n_0
    SLICE_X40Y40         LUT6 (Prop_lut6_I0_O)        0.124   103.963 r  x_reg[13]_i_148/O
                         net (fo=34, routed)          2.782   106.744    x_reg[13]_i_148_n_0
    SLICE_X36Y38         LUT6 (Prop_lut6_I5_O)        0.124   106.868 r  x_reg[13]_i_143/O
                         net (fo=8, routed)           1.266   108.134    s_5_3_15
    SLICE_X37Y35         LUT4 (Prop_lut4_I2_O)        0.124   108.258 r  x_reg[13]_i_35/O
                         net (fo=3, routed)           0.815   109.073    x_reg[13]_i_35_n_0
    SLICE_X37Y34         LUT6 (Prop_lut6_I0_O)        0.124   109.197 r  x_reg[13]_i_9/O
                         net (fo=17, routed)          1.448   110.646    x_reg[13]_i_9_n_0
    SLICE_X32Y33         LUT3 (Prop_lut3_I2_O)        0.146   110.792 r  x_reg[15]_i_407/O
                         net (fo=1, routed)           0.685   111.477    x_reg[15]_i_407_n_0
    SLICE_X33Y33         LUT6 (Prop_lut6_I4_O)        0.328   111.805 r  x_reg[15]_i_160/O
                         net (fo=6, routed)           1.013   112.819    s_3_7_8
    SLICE_X27Y31         LUT6 (Prop_lut6_I3_O)        0.124   112.943 r  x_reg[15]_i_405/O
                         net (fo=1, routed)           1.023   113.965    x_reg[15]_i_405_n_0
    SLICE_X24Y31         LUT2 (Prop_lut2_I1_O)        0.124   114.089 r  x_reg[15]_i_158/O
                         net (fo=1, routed)           1.234   115.323    x_reg[15]_i_158_n_0
    SLICE_X36Y28         LUT6 (Prop_lut6_I2_O)        0.124   115.447 r  x_reg[15]_i_39/O
                         net (fo=3, routed)           1.165   116.612    s_4_6_9
    SLICE_X36Y25         LUT6 (Prop_lut6_I1_O)        0.124   116.736 r  x_reg[15]_i_9/O
                         net (fo=10, routed)          1.204   117.940    x_reg[15]_i_9_n_0
    SLICE_X34Y23         LUT2 (Prop_lut2_I1_O)        0.150   118.090 r  x_reg[16]_i_451/O
                         net (fo=1, routed)           0.815   118.905    x_reg[16]_i_451_n_0
    SLICE_X34Y22         LUT6 (Prop_lut6_I4_O)        0.348   119.253 r  x_reg[16]_i_193/O
                         net (fo=4, routed)           1.404   120.658    s_4_6_8
    SLICE_X36Y18         LUT4 (Prop_lut4_I1_O)        0.124   120.782 r  x_reg[16]_i_51/O
                         net (fo=4, routed)           0.657   121.438    x_reg[16]_i_51_n_0
    SLICE_X36Y20         LUT5 (Prop_lut5_I4_O)        0.124   121.562 r  x_reg[16]_i_10/O
                         net (fo=1, routed)           0.813   122.376    x_reg[16]_i_10_n_0
    SLICE_X39Y19         LUT6 (Prop_lut6_I1_O)        0.124   122.500 r  x_reg[16]_i_3/O
                         net (fo=17, routed)          1.079   123.579    x_reg[16]_i_3_n_0
    SLICE_X34Y19         LUT5 (Prop_lut5_I4_O)        0.124   123.703 r  x_reg[17]_i_42/O
                         net (fo=3, routed)           1.458   125.161    s_4_6_7
    SLICE_X37Y15         LUT5 (Prop_lut5_I2_O)        0.124   125.285 r  x_reg[17]_i_10/O
                         net (fo=1, routed)           0.828   126.113    x_reg[17]_i_10_n_0
    SLICE_X38Y14         LUT6 (Prop_lut6_I1_O)        0.124   126.237 r  x_reg[17]_i_3/O
                         net (fo=19, routed)          1.862   128.099    x_reg[17]_i_3_n_0
    SLICE_X36Y12         LUT6 (Prop_lut6_I5_O)        0.124   128.223 r  x_reg[19]_i_143/O
                         net (fo=7, routed)           1.454   129.677    s_5_2_11
    SLICE_X37Y9          LUT2 (Prop_lut2_I0_O)        0.124   129.801 r  x_reg[20]_i_391/O
                         net (fo=1, routed)           0.645   130.447    x_reg[20]_i_391_n_0
    SLICE_X37Y9          LUT6 (Prop_lut6_I4_O)        0.124   130.570 r  x_reg[20]_i_153/O
                         net (fo=3, routed)           1.282   131.852    s_5_5_7
    SLICE_X33Y5          LUT2 (Prop_lut2_I0_O)        0.124   131.976 r  x_reg[19]_i_77/O
                         net (fo=3, routed)           0.859   132.835    x_reg[19]_i_77_n_0
    SLICE_X34Y6          LUT3 (Prop_lut3_I2_O)        0.124   132.959 r  x_reg[19]_i_22/O
                         net (fo=6, routed)           0.842   133.801    x_reg[19]_i_22_n_0
    SLICE_X32Y9          LUT4 (Prop_lut4_I3_O)        0.148   133.949 r  x_reg[20]_i_195/O
                         net (fo=8, routed)           1.277   135.226    x_reg[20]_i_195_n_0
    SLICE_X31Y8          LUT6 (Prop_lut6_I4_O)        0.328   135.554 r  x_reg[20]_i_204/O
                         net (fo=3, routed)           0.728   136.281    s_5_2_9
    SLICE_X28Y6          LUT5 (Prop_lut5_I2_O)        0.124   136.405 r  x_reg[20]_i_58/O
                         net (fo=9, routed)           1.136   137.542    x_reg[20]_i_58_n_0
    SLICE_X29Y9          LUT6 (Prop_lut6_I5_O)        0.124   137.666 r  x_reg[22]_i_643/O
                         net (fo=1, routed)           0.758   138.424    x_reg[22]_i_643_n_0
    SLICE_X29Y10         LUT6 (Prop_lut6_I4_O)        0.124   138.548 r  x_reg[22]_i_365/O
                         net (fo=4, routed)           1.386   139.934    s_4_3_6
    SLICE_X18Y11         LUT6 (Prop_lut6_I3_O)        0.124   140.058 r  x_reg[22]_i_647/O
                         net (fo=1, routed)           1.014   141.072    x_reg[22]_i_647_n_0
    SLICE_X18Y10         LUT2 (Prop_lut2_I1_O)        0.152   141.224 r  x_reg[22]_i_369/O
                         net (fo=1, routed)           0.799   142.023    x_reg[22]_i_369_n_0
    SLICE_X18Y11         LUT6 (Prop_lut6_I2_O)        0.326   142.349 r  x_reg[22]_i_111/O
                         net (fo=4, routed)           1.091   143.440    s_5_2_7
    SLICE_X12Y11         LUT4 (Prop_lut4_I1_O)        0.124   143.564 r  x_reg[22]_i_28/O
                         net (fo=11, routed)          1.167   144.730    x_reg[22]_i_28_n_0
    SLICE_X8Y9           LUT2 (Prop_lut2_I0_O)        0.150   144.880 r  x_reg[23]_i_373/O
                         net (fo=2, routed)           0.470   145.350    x_reg[23]_i_373_n_0
    SLICE_X8Y9           LUT6 (Prop_lut6_I3_O)        0.355   145.705 r  x_reg[23]_i_200/O
                         net (fo=4, routed)           0.462   146.167    p_4611_in
    SLICE_X6Y10          LUT4 (Prop_lut4_I1_O)        0.124   146.291 r  x_reg[23]_i_76/O
                         net (fo=3, routed)           0.647   146.938    x_reg[23]_i_76_n_0
    SLICE_X7Y11          LUT5 (Prop_lut5_I4_O)        0.124   147.062 r  x_reg[23]_i_20/O
                         net (fo=1, routed)           0.812   147.875    x_reg[23]_i_20_n_0
    SLICE_X11Y10         LUT5 (Prop_lut5_I0_O)        0.124   147.999 r  x_reg[23]_i_5/O
                         net (fo=6, routed)           0.650   148.649    x_reg[23]_i_5_n_0
    SLICE_X9Y13          LUT6 (Prop_lut6_I2_O)        0.124   148.773 r  x_reg[23]_i_2/O
                         net (fo=1, routed)           2.146   150.918    x_next01290_out
    SLICE_X43Y26         LUT3 (Prop_lut3_I1_O)        0.124   151.042 r  x_reg[23]_i_1/O
                         net (fo=2, routed)           1.606   152.648    x_reg[23]_i_1_n_0
    SLICE_X43Y61         FDRE                                         r  x_reg_reg[23]_lopt_replica/D
  -------------------------------------------------------------------    -------------------

Slack:                    inf
  Source:                 x_reg_reg[1]/C
                            (rising edge-triggered cell FDRE)
  Destination:            x_reg_reg[23]/D
  Path Group:             (none)
  Path Type:              Max at Slow Process Corner
  Data Path Delay:        151.436ns  (logic 19.860ns (13.114%)  route 131.576ns (86.886%))
  Logic Levels:           122  (FDRE=1 LUT2=15 LUT3=12 LUT4=27 LUT5=13 LUT6=54)

    Location             Delay type                Incr(ns)  Path(ns)    Netlist Resource(s)
  -------------------------------------------------------------------    -------------------
    SLICE_X21Y64         FDRE                         0.000     0.000 r  x_reg_reg[1]/C
    SLICE_X21Y64         FDRE (Prop_fdre_C_Q)         0.456     0.456 r  x_reg_reg[1]/Q
                         net (fo=47, routed)          2.408     2.864    s_OBUF[1]
    SLICE_X42Y61         LUT6 (Prop_lut6_I5_O)        0.124     2.988 r  x_reg[1]_i_1686/O
                         net (fo=1, routed)           0.483     3.471    s_2_19_250
    SLICE_X42Y61         LUT3 (Prop_lut3_I2_O)        0.124     3.595 r  x_reg[1]_i_1678/O
                         net (fo=5, routed)           1.614     5.209    s_2_19_25
    SLICE_X43Y75         LUT3 (Prop_lut3_I2_O)        0.152     5.361 r  x_reg[1]_i_1685/O
                         net (fo=2, routed)           0.673     6.034    x_reg[1]_i_1685_n_0
    SLICE_X42Y75         LUT6 (Prop_lut6_I5_O)        0.326     6.360 r  x_reg[1]_i_1673/O
                         net (fo=3, routed)           0.864     7.224    s_2_19_24
    SLICE_X42Y76         LUT2 (Prop_lut2_I0_O)        0.124     7.348 r  x_reg[1]_i_1683/O
                         net (fo=3, routed)           1.012     8.361    x_reg[1]_i_1683_n_0
    SLICE_X41Y75         LUT6 (Prop_lut6_I5_O)        0.124     8.485 r  x_reg[1]_i_1656/O
                         net (fo=7, routed)           1.188     9.672    s_2_19_23
    SLICE_X41Y76         LUT6 (Prop_lut6_I5_O)        0.124     9.796 r  x_reg[1]_i_1645/O
                         net (fo=4, routed)           1.054    10.850    x_reg[1]_i_1645_n_0
    SLICE_X42Y77         LUT6 (Prop_lut6_I4_O)        0.124    10.974 r  x_reg[1]_i_1627/O
                         net (fo=12, routed)          0.731    11.705    s_2_20_21
    SLICE_X43Y81         LUT3 (Prop_lut3_I1_O)        0.118    11.823 r  x_reg[1]_i_1602/O
                         net (fo=10, routed)          1.200    13.023    x_reg[1]_i_1602_n_0
    SLICE_X41Y79         LUT6 (Prop_lut6_I2_O)        0.326    13.349 r  x_reg[1]_i_1539/O
                         net (fo=8, routed)           1.745    15.094    s_2_19_21
    SLICE_X42Y83         LUT6 (Prop_lut6_I0_O)        0.124    15.218 r  x_reg[1]_i_1471/O
                         net (fo=9, routed)           1.075    16.293    s_3_19_21
    SLICE_X41Y85         LUT5 (Prop_lut5_I2_O)        0.124    16.417 r  x_reg[1]_i_1402/O
                         net (fo=7, routed)           1.129    17.546    s_4_18_22
    SLICE_X37Y87         LUT3 (Prop_lut3_I1_O)        0.152    17.698 r  x_reg[1]_i_1401/O
                         net (fo=18, routed)          1.277    18.975    x_reg[1]_i_1401_n_0
    SLICE_X37Y85         LUT4 (Prop_lut4_I0_O)        0.354    19.329 r  x_reg[1]_i_1461/O
                         net (fo=2, routed)           0.920    20.249    x_reg[1]_i_1461_n_0
    SLICE_X37Y86         LUT6 (Prop_lut6_I3_O)        0.326    20.575 r  x_reg[1]_i_1392/O
                         net (fo=8, routed)           1.070    21.645    x_reg[1]_i_1392_n_0
    SLICE_X35Y85         LUT4 (Prop_lut4_I0_O)        0.152    21.797 r  x_reg[1]_i_1390/O
                         net (fo=13, routed)          1.730    23.527    x_reg[1]_i_1390_n_0
    SLICE_X37Y81         LUT6 (Prop_lut6_I1_O)        0.326    23.853 r  x_reg[0]_i_459/O
                         net (fo=10, routed)          1.595    25.448    s_3_12_25
    SLICE_X32Y84         LUT2 (Prop_lut2_I0_O)        0.150    25.598 r  x_reg[0]_i_461/O
                         net (fo=2, routed)           1.018    26.616    x_reg[0]_i_461_n_0
    SLICE_X34Y84         LUT6 (Prop_lut6_I0_O)        0.328    26.944 r  x_reg[0]_i_555/O
                         net (fo=1, routed)           1.038    27.982    x_reg[0]_i_555_n_0
    SLICE_X32Y83         LUT6 (Prop_lut6_I3_O)        0.124    28.106 r  x_reg[0]_i_476/O
                         net (fo=2, routed)           0.601    28.707    x_reg[0]_i_476_n_0
    SLICE_X32Y82         LUT6 (Prop_lut6_I0_O)        0.124    28.831 r  x_reg[0]_i_490/O
                         net (fo=1, routed)           0.755    29.586    x_reg[0]_i_490_n_0
    SLICE_X34Y79         LUT6 (Prop_lut6_I3_O)        0.124    29.710 r  x_reg[0]_i_399/O
                         net (fo=1, routed)           0.670    30.380    x_reg[0]_i_399_n_0
    SLICE_X32Y79         LUT6 (Prop_lut6_I2_O)        0.124    30.504 r  x_reg[0]_i_318/O
                         net (fo=28, routed)          3.245    33.749    x_reg[0]_i_318_n_0
    SLICE_X36Y72         LUT4 (Prop_lut4_I1_O)        0.124    33.873 r  x_reg[0]_i_273/O
                         net (fo=3, routed)           1.063    34.936    s_3_16_18
    SLICE_X34Y71         LUT4 (Prop_lut4_I1_O)        0.124    35.060 r  x_reg[0]_i_272/O
                         net (fo=16, routed)          1.149    36.209    x_reg[0]_i_272_n_0
    SLICE_X42Y70         LUT6 (Prop_lut6_I4_O)        0.124    36.333 r  x_reg[1]_i_1227/O
                         net (fo=12, routed)          1.432    37.765    x_reg[1]_i_1227_n_0
    SLICE_X41Y69         LUT6 (Prop_lut6_I5_O)        0.124    37.889 r  x_reg[1]_i_1104/O
                         net (fo=4, routed)           1.118    39.007    s_2_15_17
    SLICE_X39Y67         LUT4 (Prop_lut4_I0_O)        0.124    39.131 r  x_reg[1]_i_1071/O
                         net (fo=13, routed)          1.589    40.720    x_reg[1]_i_1071_n_0
    SLICE_X37Y65         LUT6 (Prop_lut6_I3_O)        0.124    40.844 r  x_reg[1]_i_943/O
                         net (fo=5, routed)           0.738    41.582    s_2_15_16
    SLICE_X36Y65         LUT4 (Prop_lut4_I3_O)        0.150    41.732 r  x_reg[1]_i_959/O
                         net (fo=6, routed)           1.072    42.804    x_reg[1]_i_959_n_0
    SLICE_X35Y64         LUT6 (Prop_lut6_I0_O)        0.326    43.130 r  x_reg[1]_i_903/O
                         net (fo=1, routed)           0.507    43.637    x_reg[1]_i_903_n_0
    SLICE_X36Y64         LUT6 (Prop_lut6_I4_O)        0.124    43.761 r  x_reg[1]_i_709/O
                         net (fo=4, routed)           1.411    45.172    s_3_10_21
    SLICE_X30Y65         LUT2 (Prop_lut2_I1_O)        0.156    45.328 r  x_reg[1]_i_761/O
                         net (fo=5, routed)           0.966    46.293    x_reg[1]_i_761_n_0
    SLICE_X31Y62         LUT3 (Prop_lut3_I0_O)        0.349    46.642 r  x_reg[1]_i_749/O
                         net (fo=1, routed)           0.833    47.475    x_reg[1]_i_749_n_0
    SLICE_X32Y62         LUT5 (Prop_lut5_I3_O)        0.326    47.801 r  x_reg[1]_i_510/O
                         net (fo=6, routed)           1.197    48.998    s_4_6_25
    SLICE_X30Y63         LUT4 (Prop_lut4_I0_O)        0.124    49.122 r  x_reg[1]_i_505/O
                         net (fo=6, routed)           0.807    49.929    x_reg[1]_i_505_n_0
    SLICE_X27Y65         LUT6 (Prop_lut6_I3_O)        0.124    50.053 r  x_reg[1]_i_250/O
                         net (fo=4, routed)           1.499    51.552    s_4_12_18
    SLICE_X20Y66         LUT2 (Prop_lut2_I0_O)        0.157    51.709 r  x_reg[0]_i_26/O
                         net (fo=7, routed)           0.875    52.583    x_reg[0]_i_26_n_0
    SLICE_X20Y69         LUT6 (Prop_lut6_I3_O)        0.355    52.938 r  x_reg[0]_i_7/O
                         net (fo=71, routed)          1.738    54.676    x_reg[0]_i_7_n_0
    SLICE_X17Y73         LUT4 (Prop_lut4_I1_O)        0.124    54.800 r  x_reg[2]_i_107/O
                         net (fo=8, routed)           1.339    56.139    s_5_9_21
    SLICE_X8Y74          LUT4 (Prop_lut4_I2_O)        0.124    56.263 r  x_reg[1]_i_50/O
                         net (fo=10, routed)          1.069    57.332    x_reg[1]_i_50_n_0
    SLICE_X11Y71         LUT6 (Prop_lut6_I3_O)        0.124    57.456 r  x_reg[1]_i_11/O
                         net (fo=61, routed)          1.243    58.699    x_reg[1]_i_11_n_0
    SLICE_X14Y68         LUT6 (Prop_lut6_I5_O)        0.124    58.823 r  x_reg[1]_i_2/O
                         net (fo=18, routed)          1.617    60.440    x_reg[1]_i_2_n_0
    SLICE_X12Y66         LUT6 (Prop_lut6_I5_O)        0.124    60.564 r  x_reg[3]_i_208/O
                         net (fo=4, routed)           0.633    61.197    s_3_5_22
    SLICE_X9Y64          LUT4 (Prop_lut4_I3_O)        0.124    61.321 r  x_reg[3]_i_201/O
                         net (fo=5, routed)           1.138    62.459    x_reg[3]_i_201_n_0
    SLICE_X12Y63         LUT5 (Prop_lut5_I4_O)        0.124    62.583 r  x_reg[2]_i_69/O
                         net (fo=9, routed)           1.539    64.122    x_reg[2]_i_69_n_0
    SLICE_X14Y65         LUT6 (Prop_lut6_I0_O)        0.124    64.246 r  x_reg[3]_i_333/O
                         net (fo=1, routed)           0.818    65.064    x_reg[3]_i_333_n_0
    SLICE_X13Y65         LUT6 (Prop_lut6_I0_O)        0.124    65.188 r  x_reg[3]_i_185/O
                         net (fo=1, routed)           0.590    65.777    s_3_1_250
    SLICE_X15Y65         LUT6 (Prop_lut6_I5_O)        0.124    65.901 r  x_reg[3]_i_75/O
                         net (fo=4, routed)           0.820    66.722    s_3_1_25
    SLICE_X15Y63         LUT4 (Prop_lut4_I3_O)        0.124    66.846 r  x_reg[3]_i_26/O
                         net (fo=1, routed)           0.593    67.439    x_reg[3]_i_26_n_0
    SLICE_X13Y63         LUT6 (Prop_lut6_I1_O)        0.124    67.563 r  x_reg[3]_i_6/O
                         net (fo=22, routed)          1.551    69.113    x_reg[3]_i_6_n_0
    SLICE_X17Y60         LUT6 (Prop_lut6_I2_O)        0.124    69.237 r  x_reg[6]_i_348/O
                         net (fo=7, routed)           0.676    69.913    s_3_7_18
    SLICE_X17Y59         LUT4 (Prop_lut4_I0_O)        0.124    70.037 r  x_reg[4]_i_217/O
                         net (fo=5, routed)           0.952    70.989    x_reg[4]_i_217_n_0
    SLICE_X17Y58         LUT5 (Prop_lut5_I4_O)        0.124    71.113 r  x_reg[4]_i_99/O
                         net (fo=9, routed)           1.173    72.286    x_reg[4]_i_99_n_0
    SLICE_X19Y57         LUT5 (Prop_lut5_I3_O)        0.124    72.410 r  x_reg[6]_i_383/O
                         net (fo=1, routed)           0.852    73.262    x_reg[6]_i_383_n_0
    SLICE_X20Y56         LUT4 (Prop_lut4_I3_O)        0.124    73.386 r  x_reg[6]_i_254/O
                         net (fo=5, routed)           1.071    74.458    s_3_9_15
    SLICE_X19Y55         LUT4 (Prop_lut4_I3_O)        0.124    74.582 r  x_reg[5]_i_90/O
                         net (fo=6, routed)           0.678    75.259    x_reg[5]_i_90_n_0
    SLICE_X18Y56         LUT3 (Prop_lut3_I0_O)        0.124    75.383 r  x_reg[6]_i_372/O
                         net (fo=1, routed)           0.279    75.663    x_reg[6]_i_372_n_0
    SLICE_X18Y56         LUT6 (Prop_lut6_I4_O)        0.124    75.787 r  x_reg[6]_i_245/O
                         net (fo=4, routed)           1.506    77.293    s_4_4_20
    SLICE_X20Y53         LUT2 (Prop_lut2_I1_O)        0.124    77.417 r  x_reg[6]_i_116/O
                         net (fo=4, routed)           0.819    78.236    x_reg[6]_i_116_n_0
    SLICE_X21Y54         LUT4 (Prop_lut4_I0_O)        0.124    78.360 r  x_reg[6]_i_34/O
                         net (fo=5, routed)           1.248    79.608    x_reg[6]_i_34_n_0
    SLICE_X24Y53         LUT4 (Prop_lut4_I1_O)        0.124    79.732 r  x_reg[6]_i_8/O
                         net (fo=13, routed)          1.026    80.757    x_reg[6]_i_8_n_0
    SLICE_X21Y56         LUT6 (Prop_lut6_I5_O)        0.124    80.881 r  x_reg[7]_i_89/O
                         net (fo=3, routed)           0.803    81.684    s_4_10_13
    SLICE_X21Y52         LUT4 (Prop_lut4_I1_O)        0.124    81.808 r  x_reg[7]_i_29/O
                         net (fo=1, routed)           0.879    82.687    x_reg[7]_i_29_n_0
    SLICE_X21Y52         LUT4 (Prop_lut4_I1_O)        0.124    82.811 r  x_reg[7]_i_8/O
                         net (fo=38, routed)          0.957    83.768    x_reg[7]_i_8_n_0
    SLICE_X25Y52         LUT4 (Prop_lut4_I3_O)        0.124    83.892 r  x_reg[8]_i_122/O
                         net (fo=3, routed)           0.449    84.341    s_5_8_15
    SLICE_X23Y51         LUT6 (Prop_lut6_I2_O)        0.124    84.465 r  x_reg[8]_i_34/O
                         net (fo=1, routed)           0.670    85.135    x_reg[8]_i_34_n_0
    SLICE_X23Y51         LUT3 (Prop_lut3_I1_O)        0.124    85.259 r  x_reg[8]_i_8/O
                         net (fo=45, routed)          1.336    86.595    x_reg[8]_i_8_n_0
    SLICE_X31Y51         LUT5 (Prop_lut5_I1_O)        0.124    86.719 r  x_reg[11]_i_466/O
                         net (fo=4, routed)           1.187    87.907    s_6_5_18
    SLICE_X32Y50         LUT2 (Prop_lut2_I1_O)        0.146    88.053 r  x_reg[11]_i_477/O
                         net (fo=3, routed)           0.838    88.890    x_reg[11]_i_477_n_0
    SLICE_X33Y51         LUT3 (Prop_lut3_I2_O)        0.328    89.218 r  x_reg[10]_i_285/O
                         net (fo=5, routed)           0.843    90.061    x_reg[10]_i_285_n_0
    SLICE_X34Y52         LUT4 (Prop_lut4_I3_O)        0.146    90.207 r  x_reg[9]_i_44/O
                         net (fo=9, routed)           1.405    91.612    x_reg[9]_i_44_n_0
    SLICE_X39Y54         LUT4 (Prop_lut4_I3_O)        0.356    91.968 r  x_reg[10]_i_278/O
                         net (fo=1, routed)           0.433    92.401    x_reg[10]_i_278_n_0
    SLICE_X39Y54         LUT5 (Prop_lut5_I4_O)        0.326    92.727 r  x_reg[10]_i_134/O
                         net (fo=5, routed)           1.194    93.921    s_5_10_11
    SLICE_X40Y49         LUT2 (Prop_lut2_I0_O)        0.124    94.045 r  x_reg[10]_i_43/O
                         net (fo=1, routed)           0.943    94.988    x_reg[10]_i_43_n_0
    SLICE_X40Y50         LUT6 (Prop_lut6_I3_O)        0.124    95.112 r  x_reg[10]_i_11/O
                         net (fo=17, routed)          1.523    96.635    x_reg[10]_i_11_n_0
    SLICE_X42Y48         LUT6 (Prop_lut6_I5_O)        0.124    96.759 r  x_reg[12]_i_447/O
                         net (fo=4, routed)           1.122    97.881    s_5_9_11
    SLICE_X41Y46         LUT2 (Prop_lut2_I0_O)        0.124    98.005 r  x_reg[11]_i_108/O
                         net (fo=11, routed)          0.826    98.831    x_reg[11]_i_108_n_0
    SLICE_X41Y44         LUT4 (Prop_lut4_I0_O)        0.124    98.955 r  x_reg[11]_i_35/O
                         net (fo=22, routed)          1.909   100.864    x_reg[11]_i_35_n_0
    SLICE_X35Y42         LUT2 (Prop_lut2_I0_O)        0.152   101.016 r  x_reg[12]_i_206/O
                         net (fo=2, routed)           1.038   102.054    x_reg[12]_i_206_n_0
    SLICE_X39Y42         LUT6 (Prop_lut6_I0_O)        0.326   102.380 r  x_reg[12]_i_52/O
                         net (fo=2, routed)           0.649   103.029    x_reg[12]_i_52_n_0
    SLICE_X40Y41         LUT3 (Prop_lut3_I1_O)        0.124   103.153 r  x_reg[14]_i_349/O
                         net (fo=9, routed)           0.686   103.839    x_reg[14]_i_349_n_0
    SLICE_X40Y40         LUT6 (Prop_lut6_I0_O)        0.124   103.963 r  x_reg[13]_i_148/O
                         net (fo=34, routed)          2.782   106.744    x_reg[13]_i_148_n_0
    SLICE_X36Y38         LUT6 (Prop_lut6_I5_O)        0.124   106.868 r  x_reg[13]_i_143/O
                         net (fo=8, routed)           1.266   108.134    s_5_3_15
    SLICE_X37Y35         LUT4 (Prop_lut4_I2_O)        0.124   108.258 r  x_reg[13]_i_35/O
                         net (fo=3, routed)           0.815   109.073    x_reg[13]_i_35_n_0
    SLICE_X37Y34         LUT6 (Prop_lut6_I0_O)        0.124   109.197 r  x_reg[13]_i_9/O
                         net (fo=17, routed)          1.448   110.646    x_reg[13]_i_9_n_0
    SLICE_X32Y33         LUT3 (Prop_lut3_I2_O)        0.146   110.792 r  x_reg[15]_i_407/O
                         net (fo=1, routed)           0.685   111.477    x_reg[15]_i_407_n_0
    SLICE_X33Y33         LUT6 (Prop_lut6_I4_O)        0.328   111.805 r  x_reg[15]_i_160/O
                         net (fo=6, routed)           1.013   112.819    s_3_7_8
    SLICE_X27Y31         LUT6 (Prop_lut6_I3_O)        0.124   112.943 r  x_reg[15]_i_405/O
                         net (fo=1, routed)           1.023   113.965    x_reg[15]_i_405_n_0
    SLICE_X24Y31         LUT2 (Prop_lut2_I1_O)        0.124   114.089 r  x_reg[15]_i_158/O
                         net (fo=1, routed)           1.234   115.323    x_reg[15]_i_158_n_0
    SLICE_X36Y28         LUT6 (Prop_lut6_I2_O)        0.124   115.447 r  x_reg[15]_i_39/O
                         net (fo=3, routed)           1.165   116.612    s_4_6_9
    SLICE_X36Y25         LUT6 (Prop_lut6_I1_O)        0.124   116.736 r  x_reg[15]_i_9/O
                         net (fo=10, routed)          1.204   117.940    x_reg[15]_i_9_n_0
    SLICE_X34Y23         LUT2 (Prop_lut2_I1_O)        0.150   118.090 r  x_reg[16]_i_451/O
                         net (fo=1, routed)           0.815   118.905    x_reg[16]_i_451_n_0
    SLICE_X34Y22         LUT6 (Prop_lut6_I4_O)        0.348   119.253 r  x_reg[16]_i_193/O
                         net (fo=4, routed)           1.404   120.658    s_4_6_8
    SLICE_X36Y18         LUT4 (Prop_lut4_I1_O)        0.124   120.782 r  x_reg[16]_i_51/O
                         net (fo=4, routed)           0.657   121.438    x_reg[16]_i_51_n_0
    SLICE_X36Y20         LUT5 (Prop_lut5_I4_O)        0.124   121.562 r  x_reg[16]_i_10/O
                         net (fo=1, routed)           0.813   122.376    x_reg[16]_i_10_n_0
    SLICE_X39Y19         LUT6 (Prop_lut6_I1_O)        0.124   122.500 r  x_reg[16]_i_3/O
                         net (fo=17, routed)          1.079   123.579    x_reg[16]_i_3_n_0
    SLICE_X34Y19         LUT5 (Prop_lut5_I4_O)        0.124   123.703 r  x_reg[17]_i_42/O
                         net (fo=3, routed)           1.458   125.161    s_4_6_7
    SLICE_X37Y15         LUT5 (Prop_lut5_I2_O)        0.124   125.285 r  x_reg[17]_i_10/O
                         net (fo=1, routed)           0.828   126.113    x_reg[17]_i_10_n_0
    SLICE_X38Y14         LUT6 (Prop_lut6_I1_O)        0.124   126.237 r  x_reg[17]_i_3/O
                         net (fo=19, routed)          1.862   128.099    x_reg[17]_i_3_n_0
    SLICE_X36Y12         LUT6 (Prop_lut6_I5_O)        0.124   128.223 r  x_reg[19]_i_143/O
                         net (fo=7, routed)           1.454   129.677    s_5_2_11
    SLICE_X37Y9          LUT2 (Prop_lut2_I0_O)        0.124   129.801 r  x_reg[20]_i_391/O
                         net (fo=1, routed)           0.645   130.447    x_reg[20]_i_391_n_0
    SLICE_X37Y9          LUT6 (Prop_lut6_I4_O)        0.124   130.570 r  x_reg[20]_i_153/O
                         net (fo=3, routed)           1.282   131.852    s_5_5_7
    SLICE_X33Y5          LUT2 (Prop_lut2_I0_O)        0.124   131.976 r  x_reg[19]_i_77/O
                         net (fo=3, routed)           0.859   132.835    x_reg[19]_i_77_n_0
    SLICE_X34Y6          LUT3 (Prop_lut3_I2_O)        0.124   132.959 r  x_reg[19]_i_22/O
                         net (fo=6, routed)           0.842   133.801    x_reg[19]_i_22_n_0
    SLICE_X32Y9          LUT4 (Prop_lut4_I3_O)        0.148   133.949 r  x_reg[20]_i_195/O
                         net (fo=8, routed)           1.277   135.226    x_reg[20]_i_195_n_0
    SLICE_X31Y8          LUT6 (Prop_lut6_I4_O)        0.328   135.554 r  x_reg[20]_i_204/O
                         net (fo=3, routed)           0.728   136.281    s_5_2_9
    SLICE_X28Y6          LUT5 (Prop_lut5_I2_O)        0.124   136.405 r  x_reg[20]_i_58/O
                         net (fo=9, routed)           1.136   137.542    x_reg[20]_i_58_n_0
    SLICE_X29Y9          LUT6 (Prop_lut6_I5_O)        0.124   137.666 r  x_reg[22]_i_643/O
                         net (fo=1, routed)           0.758   138.424    x_reg[22]_i_643_n_0
    SLICE_X29Y10         LUT6 (Prop_lut6_I4_O)        0.124   138.548 r  x_reg[22]_i_365/O
                         net (fo=4, routed)           1.386   139.934    s_4_3_6
    SLICE_X18Y11         LUT6 (Prop_lut6_I3_O)        0.124   140.058 r  x_reg[22]_i_647/O
                         net (fo=1, routed)           1.014   141.072    x_reg[22]_i_647_n_0
    SLICE_X18Y10         LUT2 (Prop_lut2_I1_O)        0.152   141.224 r  x_reg[22]_i_369/O
                         net (fo=1, routed)           0.799   142.023    x_reg[22]_i_369_n_0
    SLICE_X18Y11         LUT6 (Prop_lut6_I2_O)        0.326   142.349 r  x_reg[22]_i_111/O
                         net (fo=4, routed)           1.091   143.440    s_5_2_7
    SLICE_X12Y11         LUT4 (Prop_lut4_I1_O)        0.124   143.564 r  x_reg[22]_i_28/O
                         net (fo=11, routed)          1.167   144.730    x_reg[22]_i_28_n_0
    SLICE_X8Y9           LUT2 (Prop_lut2_I0_O)        0.150   144.880 r  x_reg[23]_i_373/O
                         net (fo=2, routed)           0.470   145.350    x_reg[23]_i_373_n_0
    SLICE_X8Y9           LUT6 (Prop_lut6_I3_O)        0.355   145.705 r  x_reg[23]_i_200/O
                         net (fo=4, routed)           0.462   146.167    p_4611_in
    SLICE_X6Y10          LUT4 (Prop_lut4_I1_O)        0.124   146.291 r  x_reg[23]_i_76/O
                         net (fo=3, routed)           0.647   146.938    x_reg[23]_i_76_n_0
    SLICE_X7Y11          LUT5 (Prop_lut5_I4_O)        0.124   147.062 r  x_reg[23]_i_20/O
                         net (fo=1, routed)           0.812   147.875    x_reg[23]_i_20_n_0
    SLICE_X11Y10         LUT5 (Prop_lut5_I0_O)        0.124   147.999 r  x_reg[23]_i_5/O
                         net (fo=6, routed)           0.650   148.649    x_reg[23]_i_5_n_0
    SLICE_X9Y13          LUT6 (Prop_lut6_I2_O)        0.124   148.773 r  x_reg[23]_i_2/O
                         net (fo=1, routed)           2.146   150.918    x_next01290_out
    SLICE_X43Y26         LUT3 (Prop_lut3_I1_O)        0.124   151.042 r  x_reg[23]_i_1/O
                         net (fo=2, routed)           0.393   151.436    x_reg[23]_i_1_n_0
    SLICE_X43Y26         FDRE                                         r  x_reg_reg[23]/D
  -------------------------------------------------------------------    -------------------

Slack:                    inf
  Source:                 x_reg_reg[1]/C
                            (rising edge-triggered cell FDRE)
  Destination:            x_reg_reg[22]_lopt_replica/D
  Path Group:             (none)
  Path Type:              Max at Slow Process Corner
  Data Path Delay:        150.937ns  (logic 19.737ns (13.076%)  route 131.200ns (86.924%))
  Logic Levels:           121  (FDRE=1 LUT2=14 LUT3=14 LUT4=27 LUT5=13 LUT6=52)

    Location             Delay type                Incr(ns)  Path(ns)    Netlist Resource(s)
  -------------------------------------------------------------------    -------------------
    SLICE_X21Y64         FDRE                         0.000     0.000 r  x_reg_reg[1]/C
    SLICE_X21Y64         FDRE (Prop_fdre_C_Q)         0.456     0.456 r  x_reg_reg[1]/Q
                         net (fo=47, routed)          2.408     2.864    s_OBUF[1]
    SLICE_X42Y61         LUT6 (Prop_lut6_I5_O)        0.124     2.988 r  x_reg[1]_i_1686/O
                         net (fo=1, routed)           0.483     3.471    s_2_19_250
    SLICE_X42Y61         LUT3 (Prop_lut3_I2_O)        0.124     3.595 r  x_reg[1]_i_1678/O
                         net (fo=5, routed)           1.614     5.209    s_2_19_25
    SLICE_X43Y75         LUT3 (Prop_lut3_I2_O)        0.152     5.361 r  x_reg[1]_i_1685/O
                         net (fo=2, routed)           0.673     6.034    x_reg[1]_i_1685_n_0
    SLICE_X42Y75         LUT6 (Prop_lut6_I5_O)        0.326     6.360 r  x_reg[1]_i_1673/O
                         net (fo=3, routed)           0.864     7.224    s_2_19_24
    SLICE_X42Y76         LUT2 (Prop_lut2_I0_O)        0.124     7.348 r  x_reg[1]_i_1683/O
                         net (fo=3, routed)           1.012     8.361    x_reg[1]_i_1683_n_0
    SLICE_X41Y75         LUT6 (Prop_lut6_I5_O)        0.124     8.485 r  x_reg[1]_i_1656/O
                         net (fo=7, routed)           1.188     9.672    s_2_19_23
    SLICE_X41Y76         LUT6 (Prop_lut6_I5_O)        0.124     9.796 r  x_reg[1]_i_1645/O
                         net (fo=4, routed)           1.054    10.850    x_reg[1]_i_1645_n_0
    SLICE_X42Y77         LUT6 (Prop_lut6_I4_O)        0.124    10.974 r  x_reg[1]_i_1627/O
                         net (fo=12, routed)          0.731    11.705    s_2_20_21
    SLICE_X43Y81         LUT3 (Prop_lut3_I1_O)        0.118    11.823 r  x_reg[1]_i_1602/O
                         net (fo=10, routed)          1.200    13.023    x_reg[1]_i_1602_n_0
    SLICE_X41Y79         LUT6 (Prop_lut6_I2_O)        0.326    13.349 r  x_reg[1]_i_1539/O
                         net (fo=8, routed)           1.745    15.094    s_2_19_21
    SLICE_X42Y83         LUT6 (Prop_lut6_I0_O)        0.124    15.218 r  x_reg[1]_i_1471/O
                         net (fo=9, routed)           1.075    16.293    s_3_19_21
    SLICE_X41Y85         LUT5 (Prop_lut5_I2_O)        0.124    16.417 r  x_reg[1]_i_1402/O
                         net (fo=7, routed)           1.129    17.546    s_4_18_22
    SLICE_X37Y87         LUT3 (Prop_lut3_I1_O)        0.152    17.698 r  x_reg[1]_i_1401/O
                         net (fo=18, routed)          1.277    18.975    x_reg[1]_i_1401_n_0
    SLICE_X37Y85         LUT4 (Prop_lut4_I0_O)        0.354    19.329 r  x_reg[1]_i_1461/O
                         net (fo=2, routed)           0.920    20.249    x_reg[1]_i_1461_n_0
    SLICE_X37Y86         LUT6 (Prop_lut6_I3_O)        0.326    20.575 r  x_reg[1]_i_1392/O
                         net (fo=8, routed)           1.070    21.645    x_reg[1]_i_1392_n_0
    SLICE_X35Y85         LUT4 (Prop_lut4_I0_O)        0.152    21.797 r  x_reg[1]_i_1390/O
                         net (fo=13, routed)          1.730    23.527    x_reg[1]_i_1390_n_0
    SLICE_X37Y81         LUT6 (Prop_lut6_I1_O)        0.326    23.853 r  x_reg[0]_i_459/O
                         net (fo=10, routed)          1.595    25.448    s_3_12_25
    SLICE_X32Y84         LUT2 (Prop_lut2_I0_O)        0.150    25.598 r  x_reg[0]_i_461/O
                         net (fo=2, routed)           1.018    26.616    x_reg[0]_i_461_n_0
    SLICE_X34Y84         LUT6 (Prop_lut6_I0_O)        0.328    26.944 r  x_reg[0]_i_555/O
                         net (fo=1, routed)           1.038    27.982    x_reg[0]_i_555_n_0
    SLICE_X32Y83         LUT6 (Prop_lut6_I3_O)        0.124    28.106 r  x_reg[0]_i_476/O
                         net (fo=2, routed)           0.601    28.707    x_reg[0]_i_476_n_0
    SLICE_X32Y82         LUT6 (Prop_lut6_I0_O)        0.124    28.831 r  x_reg[0]_i_490/O
                         net (fo=1, routed)           0.755    29.586    x_reg[0]_i_490_n_0
    SLICE_X34Y79         LUT6 (Prop_lut6_I3_O)        0.124    29.710 r  x_reg[0]_i_399/O
                         net (fo=1, routed)           0.670    30.380    x_reg[0]_i_399_n_0
    SLICE_X32Y79         LUT6 (Prop_lut6_I2_O)        0.124    30.504 r  x_reg[0]_i_318/O
                         net (fo=28, routed)          3.245    33.749    x_reg[0]_i_318_n_0
    SLICE_X36Y72         LUT4 (Prop_lut4_I1_O)        0.124    33.873 r  x_reg[0]_i_273/O
                         net (fo=3, routed)           1.063    34.936    s_3_16_18
    SLICE_X34Y71         LUT4 (Prop_lut4_I1_O)        0.124    35.060 r  x_reg[0]_i_272/O
                         net (fo=16, routed)          1.149    36.209    x_reg[0]_i_272_n_0
    SLICE_X42Y70         LUT6 (Prop_lut6_I4_O)        0.124    36.333 r  x_reg[1]_i_1227/O
                         net (fo=12, routed)          1.432    37.765    x_reg[1]_i_1227_n_0
    SLICE_X41Y69         LUT6 (Prop_lut6_I5_O)        0.124    37.889 r  x_reg[1]_i_1104/O
                         net (fo=4, routed)           1.118    39.007    s_2_15_17
    SLICE_X39Y67         LUT4 (Prop_lut4_I0_O)        0.124    39.131 r  x_reg[1]_i_1071/O
                         net (fo=13, routed)          1.589    40.720    x_reg[1]_i_1071_n_0
    SLICE_X37Y65         LUT6 (Prop_lut6_I3_O)        0.124    40.844 r  x_reg[1]_i_943/O
                         net (fo=5, routed)           0.738    41.582    s_2_15_16
    SLICE_X36Y65         LUT4 (Prop_lut4_I3_O)        0.150    41.732 r  x_reg[1]_i_959/O
                         net (fo=6, routed)           1.072    42.804    x_reg[1]_i_959_n_0
    SLICE_X35Y64         LUT6 (Prop_lut6_I0_O)        0.326    43.130 r  x_reg[1]_i_903/O
                         net (fo=1, routed)           0.507    43.637    x_reg[1]_i_903_n_0
    SLICE_X36Y64         LUT6 (Prop_lut6_I4_O)        0.124    43.761 r  x_reg[1]_i_709/O
                         net (fo=4, routed)           1.411    45.172    s_3_10_21
    SLICE_X30Y65         LUT2 (Prop_lut2_I1_O)        0.156    45.328 r  x_reg[1]_i_761/O
                         net (fo=5, routed)           0.966    46.293    x_reg[1]_i_761_n_0
    SLICE_X31Y62         LUT3 (Prop_lut3_I0_O)        0.349    46.642 r  x_reg[1]_i_749/O
                         net (fo=1, routed)           0.833    47.475    x_reg[1]_i_749_n_0
    SLICE_X32Y62         LUT5 (Prop_lut5_I3_O)        0.326    47.801 r  x_reg[1]_i_510/O
                         net (fo=6, routed)           1.197    48.998    s_4_6_25
    SLICE_X30Y63         LUT4 (Prop_lut4_I0_O)        0.124    49.122 r  x_reg[1]_i_505/O
                         net (fo=6, routed)           0.807    49.929    x_reg[1]_i_505_n_0
    SLICE_X27Y65         LUT6 (Prop_lut6_I3_O)        0.124    50.053 r  x_reg[1]_i_250/O
                         net (fo=4, routed)           1.499    51.552    s_4_12_18
    SLICE_X20Y66         LUT2 (Prop_lut2_I0_O)        0.157    51.709 r  x_reg[0]_i_26/O
                         net (fo=7, routed)           0.875    52.583    x_reg[0]_i_26_n_0
    SLICE_X20Y69         LUT6 (Prop_lut6_I3_O)        0.355    52.938 r  x_reg[0]_i_7/O
                         net (fo=71, routed)          1.738    54.676    x_reg[0]_i_7_n_0
    SLICE_X17Y73         LUT4 (Prop_lut4_I1_O)        0.124    54.800 r  x_reg[2]_i_107/O
                         net (fo=8, routed)           1.339    56.139    s_5_9_21
    SLICE_X8Y74          LUT4 (Prop_lut4_I2_O)        0.124    56.263 r  x_reg[1]_i_50/O
                         net (fo=10, routed)          1.069    57.332    x_reg[1]_i_50_n_0
    SLICE_X11Y71         LUT6 (Prop_lut6_I3_O)        0.124    57.456 r  x_reg[1]_i_11/O
                         net (fo=61, routed)          1.243    58.699    x_reg[1]_i_11_n_0
    SLICE_X14Y68         LUT6 (Prop_lut6_I5_O)        0.124    58.823 r  x_reg[1]_i_2/O
                         net (fo=18, routed)          1.617    60.440    x_reg[1]_i_2_n_0
    SLICE_X12Y66         LUT6 (Prop_lut6_I5_O)        0.124    60.564 r  x_reg[3]_i_208/O
                         net (fo=4, routed)           0.633    61.197    s_3_5_22
    SLICE_X9Y64          LUT4 (Prop_lut4_I3_O)        0.124    61.321 r  x_reg[3]_i_201/O
                         net (fo=5, routed)           1.138    62.459    x_reg[3]_i_201_n_0
    SLICE_X12Y63         LUT5 (Prop_lut5_I4_O)        0.124    62.583 r  x_reg[2]_i_69/O
                         net (fo=9, routed)           1.539    64.122    x_reg[2]_i_69_n_0
    SLICE_X14Y65         LUT6 (Prop_lut6_I0_O)        0.124    64.246 r  x_reg[3]_i_333/O
                         net (fo=1, routed)           0.818    65.064    x_reg[3]_i_333_n_0
    SLICE_X13Y65         LUT6 (Prop_lut6_I0_O)        0.124    65.188 r  x_reg[3]_i_185/O
                         net (fo=1, routed)           0.590    65.777    s_3_1_250
    SLICE_X15Y65         LUT6 (Prop_lut6_I5_O)        0.124    65.901 r  x_reg[3]_i_75/O
                         net (fo=4, routed)           0.820    66.722    s_3_1_25
    SLICE_X15Y63         LUT4 (Prop_lut4_I3_O)        0.124    66.846 r  x_reg[3]_i_26/O
                         net (fo=1, routed)           0.593    67.439    x_reg[3]_i_26_n_0
    SLICE_X13Y63         LUT6 (Prop_lut6_I1_O)        0.124    67.563 r  x_reg[3]_i_6/O
                         net (fo=22, routed)          1.551    69.113    x_reg[3]_i_6_n_0
    SLICE_X17Y60         LUT6 (Prop_lut6_I2_O)        0.124    69.237 r  x_reg[6]_i_348/O
                         net (fo=7, routed)           0.676    69.913    s_3_7_18
    SLICE_X17Y59         LUT4 (Prop_lut4_I0_O)        0.124    70.037 r  x_reg[4]_i_217/O
                         net (fo=5, routed)           0.952    70.989    x_reg[4]_i_217_n_0
    SLICE_X17Y58         LUT5 (Prop_lut5_I4_O)        0.124    71.113 r  x_reg[4]_i_99/O
                         net (fo=9, routed)           1.173    72.286    x_reg[4]_i_99_n_0
    SLICE_X19Y57         LUT5 (Prop_lut5_I3_O)        0.124    72.410 r  x_reg[6]_i_383/O
                         net (fo=1, routed)           0.852    73.262    x_reg[6]_i_383_n_0
    SLICE_X20Y56         LUT4 (Prop_lut4_I3_O)        0.124    73.386 r  x_reg[6]_i_254/O
                         net (fo=5, routed)           1.071    74.458    s_3_9_15
    SLICE_X19Y55         LUT4 (Prop_lut4_I3_O)        0.124    74.582 r  x_reg[5]_i_90/O
                         net (fo=6, routed)           0.678    75.259    x_reg[5]_i_90_n_0
    SLICE_X18Y56         LUT3 (Prop_lut3_I0_O)        0.124    75.383 r  x_reg[6]_i_372/O
                         net (fo=1, routed)           0.279    75.663    x_reg[6]_i_372_n_0
    SLICE_X18Y56         LUT6 (Prop_lut6_I4_O)        0.124    75.787 r  x_reg[6]_i_245/O
                         net (fo=4, routed)           1.506    77.293    s_4_4_20
    SLICE_X20Y53         LUT2 (Prop_lut2_I1_O)        0.124    77.417 r  x_reg[6]_i_116/O
                         net (fo=4, routed)           0.819    78.236    x_reg[6]_i_116_n_0
    SLICE_X21Y54         LUT4 (Prop_lut4_I0_O)        0.124    78.360 r  x_reg[6]_i_34/O
                         net (fo=5, routed)           1.248    79.608    x_reg[6]_i_34_n_0
    SLICE_X24Y53         LUT4 (Prop_lut4_I1_O)        0.124    79.732 r  x_reg[6]_i_8/O
                         net (fo=13, routed)          1.026    80.757    x_reg[6]_i_8_n_0
    SLICE_X21Y56         LUT6 (Prop_lut6_I5_O)        0.124    80.881 r  x_reg[7]_i_89/O
                         net (fo=3, routed)           0.803    81.684    s_4_10_13
    SLICE_X21Y52         LUT4 (Prop_lut4_I1_O)        0.124    81.808 r  x_reg[7]_i_29/O
                         net (fo=1, routed)           0.879    82.687    x_reg[7]_i_29_n_0
    SLICE_X21Y52         LUT4 (Prop_lut4_I1_O)        0.124    82.811 r  x_reg[7]_i_8/O
                         net (fo=38, routed)          0.957    83.768    x_reg[7]_i_8_n_0
    SLICE_X25Y52         LUT4 (Prop_lut4_I3_O)        0.124    83.892 r  x_reg[8]_i_122/O
                         net (fo=3, routed)           0.449    84.341    s_5_8_15
    SLICE_X23Y51         LUT6 (Prop_lut6_I2_O)        0.124    84.465 r  x_reg[8]_i_34/O
                         net (fo=1, routed)           0.670    85.135    x_reg[8]_i_34_n_0
    SLICE_X23Y51         LUT3 (Prop_lut3_I1_O)        0.124    85.259 r  x_reg[8]_i_8/O
                         net (fo=45, routed)          1.336    86.595    x_reg[8]_i_8_n_0
    SLICE_X31Y51         LUT5 (Prop_lut5_I1_O)        0.124    86.719 r  x_reg[11]_i_466/O
                         net (fo=4, routed)           1.187    87.907    s_6_5_18
    SLICE_X32Y50         LUT2 (Prop_lut2_I1_O)        0.146    88.053 r  x_reg[11]_i_477/O
                         net (fo=3, routed)           0.838    88.890    x_reg[11]_i_477_n_0
    SLICE_X33Y51         LUT3 (Prop_lut3_I2_O)        0.328    89.218 r  x_reg[10]_i_285/O
                         net (fo=5, routed)           0.843    90.061    x_reg[10]_i_285_n_0
    SLICE_X34Y52         LUT4 (Prop_lut4_I3_O)        0.146    90.207 r  x_reg[9]_i_44/O
                         net (fo=9, routed)           1.405    91.612    x_reg[9]_i_44_n_0
    SLICE_X39Y54         LUT4 (Prop_lut4_I3_O)        0.356    91.968 r  x_reg[10]_i_278/O
                         net (fo=1, routed)           0.433    92.401    x_reg[10]_i_278_n_0
    SLICE_X39Y54         LUT5 (Prop_lut5_I4_O)        0.326    92.727 r  x_reg[10]_i_134/O
                         net (fo=5, routed)           1.194    93.921    s_5_10_11
    SLICE_X40Y49         LUT2 (Prop_lut2_I0_O)        0.124    94.045 r  x_reg[10]_i_43/O
                         net (fo=1, routed)           0.943    94.988    x_reg[10]_i_43_n_0
    SLICE_X40Y50         LUT6 (Prop_lut6_I3_O)        0.124    95.112 r  x_reg[10]_i_11/O
                         net (fo=17, routed)          1.523    96.635    x_reg[10]_i_11_n_0
    SLICE_X42Y48         LUT6 (Prop_lut6_I5_O)        0.124    96.759 r  x_reg[12]_i_447/O
                         net (fo=4, routed)           1.122    97.881    s_5_9_11
    SLICE_X41Y46         LUT2 (Prop_lut2_I0_O)        0.124    98.005 r  x_reg[11]_i_108/O
                         net (fo=11, routed)          0.826    98.831    x_reg[11]_i_108_n_0
    SLICE_X41Y44         LUT4 (Prop_lut4_I0_O)        0.124    98.955 r  x_reg[11]_i_35/O
                         net (fo=22, routed)          1.909   100.864    x_reg[11]_i_35_n_0
    SLICE_X35Y42         LUT2 (Prop_lut2_I0_O)        0.152   101.016 r  x_reg[12]_i_206/O
                         net (fo=2, routed)           1.038   102.054    x_reg[12]_i_206_n_0
    SLICE_X39Y42         LUT6 (Prop_lut6_I0_O)        0.326   102.380 r  x_reg[12]_i_52/O
                         net (fo=2, routed)           0.649   103.029    x_reg[12]_i_52_n_0
    SLICE_X40Y41         LUT3 (Prop_lut3_I1_O)        0.124   103.153 r  x_reg[14]_i_349/O
                         net (fo=9, routed)           0.686   103.839    x_reg[14]_i_349_n_0
    SLICE_X40Y40         LUT6 (Prop_lut6_I0_O)        0.124   103.963 r  x_reg[13]_i_148/O
                         net (fo=34, routed)          2.782   106.744    x_reg[13]_i_148_n_0
    SLICE_X36Y38         LUT6 (Prop_lut6_I5_O)        0.124   106.868 r  x_reg[13]_i_143/O
                         net (fo=8, routed)           1.266   108.134    s_5_3_15
    SLICE_X37Y35         LUT4 (Prop_lut4_I2_O)        0.124   108.258 r  x_reg[13]_i_35/O
                         net (fo=3, routed)           0.815   109.073    x_reg[13]_i_35_n_0
    SLICE_X37Y34         LUT6 (Prop_lut6_I0_O)        0.124   109.197 r  x_reg[13]_i_9/O
                         net (fo=17, routed)          1.448   110.646    x_reg[13]_i_9_n_0
    SLICE_X32Y33         LUT3 (Prop_lut3_I2_O)        0.146   110.792 r  x_reg[15]_i_407/O
                         net (fo=1, routed)           0.685   111.477    x_reg[15]_i_407_n_0
    SLICE_X33Y33         LUT6 (Prop_lut6_I4_O)        0.328   111.805 r  x_reg[15]_i_160/O
                         net (fo=6, routed)           1.013   112.819    s_3_7_8
    SLICE_X27Y31         LUT6 (Prop_lut6_I3_O)        0.124   112.943 r  x_reg[15]_i_405/O
                         net (fo=1, routed)           1.023   113.965    x_reg[15]_i_405_n_0
    SLICE_X24Y31         LUT2 (Prop_lut2_I1_O)        0.124   114.089 r  x_reg[15]_i_158/O
                         net (fo=1, routed)           1.234   115.323    x_reg[15]_i_158_n_0
    SLICE_X36Y28         LUT6 (Prop_lut6_I2_O)        0.124   115.447 r  x_reg[15]_i_39/O
                         net (fo=3, routed)           1.165   116.612    s_4_6_9
    SLICE_X36Y25         LUT6 (Prop_lut6_I1_O)        0.124   116.736 r  x_reg[15]_i_9/O
                         net (fo=10, routed)          1.204   117.940    x_reg[15]_i_9_n_0
    SLICE_X34Y23         LUT2 (Prop_lut2_I1_O)        0.150   118.090 r  x_reg[16]_i_451/O
                         net (fo=1, routed)           0.815   118.905    x_reg[16]_i_451_n_0
    SLICE_X34Y22         LUT6 (Prop_lut6_I4_O)        0.348   119.253 r  x_reg[16]_i_193/O
                         net (fo=4, routed)           1.404   120.658    s_4_6_8
    SLICE_X36Y18         LUT4 (Prop_lut4_I1_O)        0.124   120.782 r  x_reg[16]_i_51/O
                         net (fo=4, routed)           0.657   121.438    x_reg[16]_i_51_n_0
    SLICE_X36Y20         LUT5 (Prop_lut5_I4_O)        0.124   121.562 r  x_reg[16]_i_10/O
                         net (fo=1, routed)           0.813   122.376    x_reg[16]_i_10_n_0
    SLICE_X39Y19         LUT6 (Prop_lut6_I1_O)        0.124   122.500 r  x_reg[16]_i_3/O
                         net (fo=17, routed)          1.079   123.579    x_reg[16]_i_3_n_0
    SLICE_X34Y19         LUT5 (Prop_lut5_I4_O)        0.124   123.703 r  x_reg[17]_i_42/O
                         net (fo=3, routed)           1.458   125.161    s_4_6_7
    SLICE_X37Y15         LUT5 (Prop_lut5_I2_O)        0.124   125.285 r  x_reg[17]_i_10/O
                         net (fo=1, routed)           0.828   126.113    x_reg[17]_i_10_n_0
    SLICE_X38Y14         LUT6 (Prop_lut6_I1_O)        0.124   126.237 r  x_reg[17]_i_3/O
                         net (fo=19, routed)          1.862   128.099    x_reg[17]_i_3_n_0
    SLICE_X36Y12         LUT6 (Prop_lut6_I5_O)        0.124   128.223 r  x_reg[19]_i_143/O
                         net (fo=7, routed)           1.054   129.277    s_5_2_11
    SLICE_X35Y11         LUT4 (Prop_lut4_I3_O)        0.124   129.401 r  x_reg[18]_i_133/O
                         net (fo=3, routed)           0.807   130.208    x_reg[18]_i_133_n_0
    SLICE_X34Y11         LUT5 (Prop_lut5_I4_O)        0.124   130.332 r  x_reg[18]_i_35/O
                         net (fo=9, routed)           1.155   131.487    x_reg[18]_i_35_n_0
    SLICE_X33Y10         LUT4 (Prop_lut4_I0_O)        0.152   131.639 r  x_reg[19]_i_428/O
                         net (fo=1, routed)           0.719   132.358    x_reg[19]_i_428_n_0
    SLICE_X33Y9          LUT5 (Prop_lut5_I4_O)        0.326   132.684 r  x_reg[19]_i_218/O
                         net (fo=3, routed)           0.551   133.235    s_4_2_9
    SLICE_X32Y8          LUT2 (Prop_lut2_I0_O)        0.124   133.359 r  x_reg[19]_i_69/O
                         net (fo=3, routed)           0.680   134.039    x_reg[19]_i_69_n_0
    SLICE_X32Y8          LUT3 (Prop_lut3_I2_O)        0.124   134.163 r  x_reg[19]_i_18/O
                         net (fo=5, routed)           0.741   134.904    x_reg[19]_i_18_n_0
    SLICE_X32Y9          LUT6 (Prop_lut6_I0_O)        0.124   135.028 r  x_reg[19]_i_6/O
                         net (fo=6, routed)           0.996   136.024    x_reg[19]_i_6_n_0
    SLICE_X30Y11         LUT6 (Prop_lut6_I2_O)        0.124   136.148 r  x_reg[20]_i_189/O
                         net (fo=1, routed)           0.871   137.018    s_2_3_50
    SLICE_X30Y12         LUT3 (Prop_lut3_I2_O)        0.148   137.166 r  x_reg[20]_i_52/O
                         net (fo=5, routed)           1.546   138.713    s_2_3_5
    SLICE_X29Y10         LUT6 (Prop_lut6_I3_O)        0.328   139.041 r  x_reg[21]_i_316/O
                         net (fo=1, routed)           0.433   139.474    x_reg[21]_i_316_n_0
    SLICE_X29Y10         LUT3 (Prop_lut3_I1_O)        0.124   139.598 r  x_reg[21]_i_141/O
                         net (fo=1, routed)           1.011   140.608    x_reg[21]_i_141_n_0
    SLICE_X28Y12         LUT5 (Prop_lut5_I1_O)        0.124   140.732 r  x_reg[21]_i_44/O
                         net (fo=5, routed)           1.241   141.973    s_3_2_6
    SLICE_X19Y12         LUT2 (Prop_lut2_I1_O)        0.152   142.125 r  x_reg[22]_i_336/O
                         net (fo=2, routed)           0.451   142.576    x_reg[22]_i_336_n_0
    SLICE_X19Y12         LUT2 (Prop_lut2_I1_O)        0.326   142.902 r  x_reg[23]_i_189/O
                         net (fo=1, routed)           0.792   143.694    x_reg[23]_i_189_n_0
    SLICE_X17Y12         LUT6 (Prop_lut6_I4_O)        0.124   143.818 r  x_reg[23]_i_67/O
                         net (fo=5, routed)           1.114   144.932    s_3_1_6
    SLICE_X13Y12         LUT4 (Prop_lut4_I0_O)        0.124   145.056 r  x_reg[22]_i_23/O
                         net (fo=3, routed)           0.895   145.952    x_reg[22]_i_23_n_0
    SLICE_X13Y12         LUT6 (Prop_lut6_I0_O)        0.124   146.076 r  x_reg[22]_i_6/O
                         net (fo=1, routed)           0.855   146.931    x_reg[22]_i_6_n_0
    SLICE_X17Y12         LUT6 (Prop_lut6_I3_O)        0.124   147.055 r  x_reg[22]_i_2/O
                         net (fo=1, routed)           1.883   148.938    x_next01288_out
    SLICE_X43Y19         LUT3 (Prop_lut3_I1_O)        0.152   149.089 r  x_reg[22]_i_1/O
                         net (fo=2, routed)           1.847   150.937    x_reg[22]_i_1_n_0
    SLICE_X43Y58         FDRE                                         r  x_reg_reg[22]_lopt_replica/D
  -------------------------------------------------------------------    -------------------

Slack:                    inf
  Source:                 x_reg_reg[1]/C
                            (rising edge-triggered cell FDRE)
  Destination:            x_reg_reg[22]/D
  Path Group:             (none)
  Path Type:              Max at Slow Process Corner
  Data Path Delay:        149.847ns  (logic 19.737ns (13.171%)  route 130.110ns (86.829%))
  Logic Levels:           121  (FDRE=1 LUT2=14 LUT3=14 LUT4=27 LUT5=13 LUT6=52)

    Location             Delay type                Incr(ns)  Path(ns)    Netlist Resource(s)
  -------------------------------------------------------------------    -------------------
    SLICE_X21Y64         FDRE                         0.000     0.000 r  x_reg_reg[1]/C
    SLICE_X21Y64         FDRE (Prop_fdre_C_Q)         0.456     0.456 r  x_reg_reg[1]/Q
                         net (fo=47, routed)          2.408     2.864    s_OBUF[1]
    SLICE_X42Y61         LUT6 (Prop_lut6_I5_O)        0.124     2.988 r  x_reg[1]_i_1686/O
                         net (fo=1, routed)           0.483     3.471    s_2_19_250
    SLICE_X42Y61         LUT3 (Prop_lut3_I2_O)        0.124     3.595 r  x_reg[1]_i_1678/O
                         net (fo=5, routed)           1.614     5.209    s_2_19_25
    SLICE_X43Y75         LUT3 (Prop_lut3_I2_O)        0.152     5.361 r  x_reg[1]_i_1685/O
                         net (fo=2, routed)           0.673     6.034    x_reg[1]_i_1685_n_0
    SLICE_X42Y75         LUT6 (Prop_lut6_I5_O)        0.326     6.360 r  x_reg[1]_i_1673/O
                         net (fo=3, routed)           0.864     7.224    s_2_19_24
    SLICE_X42Y76         LUT2 (Prop_lut2_I0_O)        0.124     7.348 r  x_reg[1]_i_1683/O
                         net (fo=3, routed)           1.012     8.361    x_reg[1]_i_1683_n_0
    SLICE_X41Y75         LUT6 (Prop_lut6_I5_O)        0.124     8.485 r  x_reg[1]_i_1656/O
                         net (fo=7, routed)           1.188     9.672    s_2_19_23
    SLICE_X41Y76         LUT6 (Prop_lut6_I5_O)        0.124     9.796 r  x_reg[1]_i_1645/O
                         net (fo=4, routed)           1.054    10.850    x_reg[1]_i_1645_n_0
    SLICE_X42Y77         LUT6 (Prop_lut6_I4_O)        0.124    10.974 r  x_reg[1]_i_1627/O
                         net (fo=12, routed)          0.731    11.705    s_2_20_21
    SLICE_X43Y81         LUT3 (Prop_lut3_I1_O)        0.118    11.823 r  x_reg[1]_i_1602/O
                         net (fo=10, routed)          1.200    13.023    x_reg[1]_i_1602_n_0
    SLICE_X41Y79         LUT6 (Prop_lut6_I2_O)        0.326    13.349 r  x_reg[1]_i_1539/O
                         net (fo=8, routed)           1.745    15.094    s_2_19_21
    SLICE_X42Y83         LUT6 (Prop_lut6_I0_O)        0.124    15.218 r  x_reg[1]_i_1471/O
                         net (fo=9, routed)           1.075    16.293    s_3_19_21
    SLICE_X41Y85         LUT5 (Prop_lut5_I2_O)        0.124    16.417 r  x_reg[1]_i_1402/O
                         net (fo=7, routed)           1.129    17.546    s_4_18_22
    SLICE_X37Y87         LUT3 (Prop_lut3_I1_O)        0.152    17.698 r  x_reg[1]_i_1401/O
                         net (fo=18, routed)          1.277    18.975    x_reg[1]_i_1401_n_0
    SLICE_X37Y85         LUT4 (Prop_lut4_I0_O)        0.354    19.329 r  x_reg[1]_i_1461/O
                         net (fo=2, routed)           0.920    20.249    x_reg[1]_i_1461_n_0
    SLICE_X37Y86         LUT6 (Prop_lut6_I3_O)        0.326    20.575 r  x_reg[1]_i_1392/O
                         net (fo=8, routed)           1.070    21.645    x_reg[1]_i_1392_n_0
    SLICE_X35Y85         LUT4 (Prop_lut4_I0_O)        0.152    21.797 r  x_reg[1]_i_1390/O
                         net (fo=13, routed)          1.730    23.527    x_reg[1]_i_1390_n_0
    SLICE_X37Y81         LUT6 (Prop_lut6_I1_O)        0.326    23.853 r  x_reg[0]_i_459/O
                         net (fo=10, routed)          1.595    25.448    s_3_12_25
    SLICE_X32Y84         LUT2 (Prop_lut2_I0_O)        0.150    25.598 r  x_reg[0]_i_461/O
                         net (fo=2, routed)           1.018    26.616    x_reg[0]_i_461_n_0
    SLICE_X34Y84         LUT6 (Prop_lut6_I0_O)        0.328    26.944 r  x_reg[0]_i_555/O
                         net (fo=1, routed)           1.038    27.982    x_reg[0]_i_555_n_0
    SLICE_X32Y83         LUT6 (Prop_lut6_I3_O)        0.124    28.106 r  x_reg[0]_i_476/O
                         net (fo=2, routed)           0.601    28.707    x_reg[0]_i_476_n_0
    SLICE_X32Y82         LUT6 (Prop_lut6_I0_O)        0.124    28.831 r  x_reg[0]_i_490/O
                         net (fo=1, routed)           0.755    29.586    x_reg[0]_i_490_n_0
    SLICE_X34Y79         LUT6 (Prop_lut6_I3_O)        0.124    29.710 r  x_reg[0]_i_399/O
                         net (fo=1, routed)           0.670    30.380    x_reg[0]_i_399_n_0
    SLICE_X32Y79         LUT6 (Prop_lut6_I2_O)        0.124    30.504 r  x_reg[0]_i_318/O
                         net (fo=28, routed)          3.245    33.749    x_reg[0]_i_318_n_0
    SLICE_X36Y72         LUT4 (Prop_lut4_I1_O)        0.124    33.873 r  x_reg[0]_i_273/O
                         net (fo=3, routed)           1.063    34.936    s_3_16_18
    SLICE_X34Y71         LUT4 (Prop_lut4_I1_O)        0.124    35.060 r  x_reg[0]_i_272/O
                         net (fo=16, routed)          1.149    36.209    x_reg[0]_i_272_n_0
    SLICE_X42Y70         LUT6 (Prop_lut6_I4_O)        0.124    36.333 r  x_reg[1]_i_1227/O
                         net (fo=12, routed)          1.432    37.765    x_reg[1]_i_1227_n_0
    SLICE_X41Y69         LUT6 (Prop_lut6_I5_O)        0.124    37.889 r  x_reg[1]_i_1104/O
                         net (fo=4, routed)           1.118    39.007    s_2_15_17
    SLICE_X39Y67         LUT4 (Prop_lut4_I0_O)        0.124    39.131 r  x_reg[1]_i_1071/O
                         net (fo=13, routed)          1.589    40.720    x_reg[1]_i_1071_n_0
    SLICE_X37Y65         LUT6 (Prop_lut6_I3_O)        0.124    40.844 r  x_reg[1]_i_943/O
                         net (fo=5, routed)           0.738    41.582    s_2_15_16
    SLICE_X36Y65         LUT4 (Prop_lut4_I3_O)        0.150    41.732 r  x_reg[1]_i_959/O
                         net (fo=6, routed)           1.072    42.804    x_reg[1]_i_959_n_0
    SLICE_X35Y64         LUT6 (Prop_lut6_I0_O)        0.326    43.130 r  x_reg[1]_i_903/O
                         net (fo=1, routed)           0.507    43.637    x_reg[1]_i_903_n_0
    SLICE_X36Y64         LUT6 (Prop_lut6_I4_O)        0.124    43.761 r  x_reg[1]_i_709/O
                         net (fo=4, routed)           1.411    45.172    s_3_10_21
    SLICE_X30Y65         LUT2 (Prop_lut2_I1_O)        0.156    45.328 r  x_reg[1]_i_761/O
                         net (fo=5, routed)           0.966    46.293    x_reg[1]_i_761_n_0
    SLICE_X31Y62         LUT3 (Prop_lut3_I0_O)        0.349    46.642 r  x_reg[1]_i_749/O
                         net (fo=1, routed)           0.833    47.475    x_reg[1]_i_749_n_0
    SLICE_X32Y62         LUT5 (Prop_lut5_I3_O)        0.326    47.801 r  x_reg[1]_i_510/O
                         net (fo=6, routed)           1.197    48.998    s_4_6_25
    SLICE_X30Y63         LUT4 (Prop_lut4_I0_O)        0.124    49.122 r  x_reg[1]_i_505/O
                         net (fo=6, routed)           0.807    49.929    x_reg[1]_i_505_n_0
    SLICE_X27Y65         LUT6 (Prop_lut6_I3_O)        0.124    50.053 r  x_reg[1]_i_250/O
                         net (fo=4, routed)           1.499    51.552    s_4_12_18
    SLICE_X20Y66         LUT2 (Prop_lut2_I0_O)        0.157    51.709 r  x_reg[0]_i_26/O
                         net (fo=7, routed)           0.875    52.583    x_reg[0]_i_26_n_0
    SLICE_X20Y69         LUT6 (Prop_lut6_I3_O)        0.355    52.938 r  x_reg[0]_i_7/O
                         net (fo=71, routed)          1.738    54.676    x_reg[0]_i_7_n_0
    SLICE_X17Y73         LUT4 (Prop_lut4_I1_O)        0.124    54.800 r  x_reg[2]_i_107/O
                         net (fo=8, routed)           1.339    56.139    s_5_9_21
    SLICE_X8Y74          LUT4 (Prop_lut4_I2_O)        0.124    56.263 r  x_reg[1]_i_50/O
                         net (fo=10, routed)          1.069    57.332    x_reg[1]_i_50_n_0
    SLICE_X11Y71         LUT6 (Prop_lut6_I3_O)        0.124    57.456 r  x_reg[1]_i_11/O
                         net (fo=61, routed)          1.243    58.699    x_reg[1]_i_11_n_0
    SLICE_X14Y68         LUT6 (Prop_lut6_I5_O)        0.124    58.823 r  x_reg[1]_i_2/O
                         net (fo=18, routed)          1.617    60.440    x_reg[1]_i_2_n_0
    SLICE_X12Y66         LUT6 (Prop_lut6_I5_O)        0.124    60.564 r  x_reg[3]_i_208/O
                         net (fo=4, routed)           0.633    61.197    s_3_5_22
    SLICE_X9Y64          LUT4 (Prop_lut4_I3_O)        0.124    61.321 r  x_reg[3]_i_201/O
                         net (fo=5, routed)           1.138    62.459    x_reg[3]_i_201_n_0
    SLICE_X12Y63         LUT5 (Prop_lut5_I4_O)        0.124    62.583 r  x_reg[2]_i_69/O
                         net (fo=9, routed)           1.539    64.122    x_reg[2]_i_69_n_0
    SLICE_X14Y65         LUT6 (Prop_lut6_I0_O)        0.124    64.246 r  x_reg[3]_i_333/O
                         net (fo=1, routed)           0.818    65.064    x_reg[3]_i_333_n_0
    SLICE_X13Y65         LUT6 (Prop_lut6_I0_O)        0.124    65.188 r  x_reg[3]_i_185/O
                         net (fo=1, routed)           0.590    65.777    s_3_1_250
    SLICE_X15Y65         LUT6 (Prop_lut6_I5_O)        0.124    65.901 r  x_reg[3]_i_75/O
                         net (fo=4, routed)           0.820    66.722    s_3_1_25
    SLICE_X15Y63         LUT4 (Prop_lut4_I3_O)        0.124    66.846 r  x_reg[3]_i_26/O
                         net (fo=1, routed)           0.593    67.439    x_reg[3]_i_26_n_0
    SLICE_X13Y63         LUT6 (Prop_lut6_I1_O)        0.124    67.563 r  x_reg[3]_i_6/O
                         net (fo=22, routed)          1.551    69.113    x_reg[3]_i_6_n_0
    SLICE_X17Y60         LUT6 (Prop_lut6_I2_O)        0.124    69.237 r  x_reg[6]_i_348/O
                         net (fo=7, routed)           0.676    69.913    s_3_7_18
    SLICE_X17Y59         LUT4 (Prop_lut4_I0_O)        0.124    70.037 r  x_reg[4]_i_217/O
                         net (fo=5, routed)           0.952    70.989    x_reg[4]_i_217_n_0
    SLICE_X17Y58         LUT5 (Prop_lut5_I4_O)        0.124    71.113 r  x_reg[4]_i_99/O
                         net (fo=9, routed)           1.173    72.286    x_reg[4]_i_99_n_0
    SLICE_X19Y57         LUT5 (Prop_lut5_I3_O)        0.124    72.410 r  x_reg[6]_i_383/O
                         net (fo=1, routed)           0.852    73.262    x_reg[6]_i_383_n_0
    SLICE_X20Y56         LUT4 (Prop_lut4_I3_O)        0.124    73.386 r  x_reg[6]_i_254/O
                         net (fo=5, routed)           1.071    74.458    s_3_9_15
    SLICE_X19Y55         LUT4 (Prop_lut4_I3_O)        0.124    74.582 r  x_reg[5]_i_90/O
                         net (fo=6, routed)           0.678    75.259    x_reg[5]_i_90_n_0
    SLICE_X18Y56         LUT3 (Prop_lut3_I0_O)        0.124    75.383 r  x_reg[6]_i_372/O
                         net (fo=1, routed)           0.279    75.663    x_reg[6]_i_372_n_0
    SLICE_X18Y56         LUT6 (Prop_lut6_I4_O)        0.124    75.787 r  x_reg[6]_i_245/O
                         net (fo=4, routed)           1.506    77.293    s_4_4_20
    SLICE_X20Y53         LUT2 (Prop_lut2_I1_O)        0.124    77.417 r  x_reg[6]_i_116/O
                         net (fo=4, routed)           0.819    78.236    x_reg[6]_i_116_n_0
    SLICE_X21Y54         LUT4 (Prop_lut4_I0_O)        0.124    78.360 r  x_reg[6]_i_34/O
                         net (fo=5, routed)           1.248    79.608    x_reg[6]_i_34_n_0
    SLICE_X24Y53         LUT4 (Prop_lut4_I1_O)        0.124    79.732 r  x_reg[6]_i_8/O
                         net (fo=13, routed)          1.026    80.757    x_reg[6]_i_8_n_0
    SLICE_X21Y56         LUT6 (Prop_lut6_I5_O)        0.124    80.881 r  x_reg[7]_i_89/O
                         net (fo=3, routed)           0.803    81.684    s_4_10_13
    SLICE_X21Y52         LUT4 (Prop_lut4_I1_O)        0.124    81.808 r  x_reg[7]_i_29/O
                         net (fo=1, routed)           0.879    82.687    x_reg[7]_i_29_n_0
    SLICE_X21Y52         LUT4 (Prop_lut4_I1_O)        0.124    82.811 r  x_reg[7]_i_8/O
                         net (fo=38, routed)          0.957    83.768    x_reg[7]_i_8_n_0
    SLICE_X25Y52         LUT4 (Prop_lut4_I3_O)        0.124    83.892 r  x_reg[8]_i_122/O
                         net (fo=3, routed)           0.449    84.341    s_5_8_15
    SLICE_X23Y51         LUT6 (Prop_lut6_I2_O)        0.124    84.465 r  x_reg[8]_i_34/O
                         net (fo=1, routed)           0.670    85.135    x_reg[8]_i_34_n_0
    SLICE_X23Y51         LUT3 (Prop_lut3_I1_O)        0.124    85.259 r  x_reg[8]_i_8/O
                         net (fo=45, routed)          1.336    86.595    x_reg[8]_i_8_n_0
    SLICE_X31Y51         LUT5 (Prop_lut5_I1_O)        0.124    86.719 r  x_reg[11]_i_466/O
                         net (fo=4, routed)           1.187    87.907    s_6_5_18
    SLICE_X32Y50         LUT2 (Prop_lut2_I1_O)        0.146    88.053 r  x_reg[11]_i_477/O
                         net (fo=3, routed)           0.838    88.890    x_reg[11]_i_477_n_0
    SLICE_X33Y51         LUT3 (Prop_lut3_I2_O)        0.328    89.218 r  x_reg[10]_i_285/O
                         net (fo=5, routed)           0.843    90.061    x_reg[10]_i_285_n_0
    SLICE_X34Y52         LUT4 (Prop_lut4_I3_O)        0.146    90.207 r  x_reg[9]_i_44/O
                         net (fo=9, routed)           1.405    91.612    x_reg[9]_i_44_n_0
    SLICE_X39Y54         LUT4 (Prop_lut4_I3_O)        0.356    91.968 r  x_reg[10]_i_278/O
                         net (fo=1, routed)           0.433    92.401    x_reg[10]_i_278_n_0
    SLICE_X39Y54         LUT5 (Prop_lut5_I4_O)        0.326    92.727 r  x_reg[10]_i_134/O
                         net (fo=5, routed)           1.194    93.921    s_5_10_11
    SLICE_X40Y49         LUT2 (Prop_lut2_I0_O)        0.124    94.045 r  x_reg[10]_i_43/O
                         net (fo=1, routed)           0.943    94.988    x_reg[10]_i_43_n_0
    SLICE_X40Y50         LUT6 (Prop_lut6_I3_O)        0.124    95.112 r  x_reg[10]_i_11/O
                         net (fo=17, routed)          1.523    96.635    x_reg[10]_i_11_n_0
    SLICE_X42Y48         LUT6 (Prop_lut6_I5_O)        0.124    96.759 r  x_reg[12]_i_447/O
                         net (fo=4, routed)           1.122    97.881    s_5_9_11
    SLICE_X41Y46         LUT2 (Prop_lut2_I0_O)        0.124    98.005 r  x_reg[11]_i_108/O
                         net (fo=11, routed)          0.826    98.831    x_reg[11]_i_108_n_0
    SLICE_X41Y44         LUT4 (Prop_lut4_I0_O)        0.124    98.955 r  x_reg[11]_i_35/O
                         net (fo=22, routed)          1.909   100.864    x_reg[11]_i_35_n_0
    SLICE_X35Y42         LUT2 (Prop_lut2_I0_O)        0.152   101.016 r  x_reg[12]_i_206/O
                         net (fo=2, routed)           1.038   102.054    x_reg[12]_i_206_n_0
    SLICE_X39Y42         LUT6 (Prop_lut6_I0_O)        0.326   102.380 r  x_reg[12]_i_52/O
                         net (fo=2, routed)           0.649   103.029    x_reg[12]_i_52_n_0
    SLICE_X40Y41         LUT3 (Prop_lut3_I1_O)        0.124   103.153 r  x_reg[14]_i_349/O
                         net (fo=9, routed)           0.686   103.839    x_reg[14]_i_349_n_0
    SLICE_X40Y40         LUT6 (Prop_lut6_I0_O)        0.124   103.963 r  x_reg[13]_i_148/O
                         net (fo=34, routed)          2.782   106.744    x_reg[13]_i_148_n_0
    SLICE_X36Y38         LUT6 (Prop_lut6_I5_O)        0.124   106.868 r  x_reg[13]_i_143/O
                         net (fo=8, routed)           1.266   108.134    s_5_3_15
    SLICE_X37Y35         LUT4 (Prop_lut4_I2_O)        0.124   108.258 r  x_reg[13]_i_35/O
                         net (fo=3, routed)           0.815   109.073    x_reg[13]_i_35_n_0
    SLICE_X37Y34         LUT6 (Prop_lut6_I0_O)        0.124   109.197 r  x_reg[13]_i_9/O
                         net (fo=17, routed)          1.448   110.646    x_reg[13]_i_9_n_0
    SLICE_X32Y33         LUT3 (Prop_lut3_I2_O)        0.146   110.792 r  x_reg[15]_i_407/O
                         net (fo=1, routed)           0.685   111.477    x_reg[15]_i_407_n_0
    SLICE_X33Y33         LUT6 (Prop_lut6_I4_O)        0.328   111.805 r  x_reg[15]_i_160/O
                         net (fo=6, routed)           1.013   112.819    s_3_7_8
    SLICE_X27Y31         LUT6 (Prop_lut6_I3_O)        0.124   112.943 r  x_reg[15]_i_405/O
                         net (fo=1, routed)           1.023   113.965    x_reg[15]_i_405_n_0
    SLICE_X24Y31         LUT2 (Prop_lut2_I1_O)        0.124   114.089 r  x_reg[15]_i_158/O
                         net (fo=1, routed)           1.234   115.323    x_reg[15]_i_158_n_0
    SLICE_X36Y28         LUT6 (Prop_lut6_I2_O)        0.124   115.447 r  x_reg[15]_i_39/O
                         net (fo=3, routed)           1.165   116.612    s_4_6_9
    SLICE_X36Y25         LUT6 (Prop_lut6_I1_O)        0.124   116.736 r  x_reg[15]_i_9/O
                         net (fo=10, routed)          1.204   117.940    x_reg[15]_i_9_n_0
    SLICE_X34Y23         LUT2 (Prop_lut2_I1_O)        0.150   118.090 r  x_reg[16]_i_451/O
                         net (fo=1, routed)           0.815   118.905    x_reg[16]_i_451_n_0
    SLICE_X34Y22         LUT6 (Prop_lut6_I4_O)        0.348   119.253 r  x_reg[16]_i_193/O
                         net (fo=4, routed)           1.404   120.658    s_4_6_8
    SLICE_X36Y18         LUT4 (Prop_lut4_I1_O)        0.124   120.782 r  x_reg[16]_i_51/O
                         net (fo=4, routed)           0.657   121.438    x_reg[16]_i_51_n_0
    SLICE_X36Y20         LUT5 (Prop_lut5_I4_O)        0.124   121.562 r  x_reg[16]_i_10/O
                         net (fo=1, routed)           0.813   122.376    x_reg[16]_i_10_n_0
    SLICE_X39Y19         LUT6 (Prop_lut6_I1_O)        0.124   122.500 r  x_reg[16]_i_3/O
                         net (fo=17, routed)          1.079   123.579    x_reg[16]_i_3_n_0
    SLICE_X34Y19         LUT5 (Prop_lut5_I4_O)        0.124   123.703 r  x_reg[17]_i_42/O
                         net (fo=3, routed)           1.458   125.161    s_4_6_7
    SLICE_X37Y15         LUT5 (Prop_lut5_I2_O)        0.124   125.285 r  x_reg[17]_i_10/O
                         net (fo=1, routed)           0.828   126.113    x_reg[17]_i_10_n_0
    SLICE_X38Y14         LUT6 (Prop_lut6_I1_O)        0.124   126.237 r  x_reg[17]_i_3/O
                         net (fo=19, routed)          1.862   128.099    x_reg[17]_i_3_n_0
    SLICE_X36Y12         LUT6 (Prop_lut6_I5_O)        0.124   128.223 r  x_reg[19]_i_143/O
                         net (fo=7, routed)           1.054   129.277    s_5_2_11
    SLICE_X35Y11         LUT4 (Prop_lut4_I3_O)        0.124   129.401 r  x_reg[18]_i_133/O
                         net (fo=3, routed)           0.807   130.208    x_reg[18]_i_133_n_0
    SLICE_X34Y11         LUT5 (Prop_lut5_I4_O)        0.124   130.332 r  x_reg[18]_i_35/O
                         net (fo=9, routed)           1.155   131.487    x_reg[18]_i_35_n_0
    SLICE_X33Y10         LUT4 (Prop_lut4_I0_O)        0.152   131.639 r  x_reg[19]_i_428/O
                         net (fo=1, routed)           0.719   132.358    x_reg[19]_i_428_n_0
    SLICE_X33Y9          LUT5 (Prop_lut5_I4_O)        0.326   132.684 r  x_reg[19]_i_218/O
                         net (fo=3, routed)           0.551   133.235    s_4_2_9
    SLICE_X32Y8          LUT2 (Prop_lut2_I0_O)        0.124   133.359 r  x_reg[19]_i_69/O
                         net (fo=3, routed)           0.680   134.039    x_reg[19]_i_69_n_0
    SLICE_X32Y8          LUT3 (Prop_lut3_I2_O)        0.124   134.163 r  x_reg[19]_i_18/O
                         net (fo=5, routed)           0.741   134.904    x_reg[19]_i_18_n_0
    SLICE_X32Y9          LUT6 (Prop_lut6_I0_O)        0.124   135.028 r  x_reg[19]_i_6/O
                         net (fo=6, routed)           0.996   136.024    x_reg[19]_i_6_n_0
    SLICE_X30Y11         LUT6 (Prop_lut6_I2_O)        0.124   136.148 r  x_reg[20]_i_189/O
                         net (fo=1, routed)           0.871   137.018    s_2_3_50
    SLICE_X30Y12         LUT3 (Prop_lut3_I2_O)        0.148   137.166 r  x_reg[20]_i_52/O
                         net (fo=5, routed)           1.546   138.713    s_2_3_5
    SLICE_X29Y10         LUT6 (Prop_lut6_I3_O)        0.328   139.041 r  x_reg[21]_i_316/O
                         net (fo=1, routed)           0.433   139.474    x_reg[21]_i_316_n_0
    SLICE_X29Y10         LUT3 (Prop_lut3_I1_O)        0.124   139.598 r  x_reg[21]_i_141/O
                         net (fo=1, routed)           1.011   140.608    x_reg[21]_i_141_n_0
    SLICE_X28Y12         LUT5 (Prop_lut5_I1_O)        0.124   140.732 r  x_reg[21]_i_44/O
                         net (fo=5, routed)           1.241   141.973    s_3_2_6
    SLICE_X19Y12         LUT2 (Prop_lut2_I1_O)        0.152   142.125 r  x_reg[22]_i_336/O
                         net (fo=2, routed)           0.451   142.576    x_reg[22]_i_336_n_0
    SLICE_X19Y12         LUT2 (Prop_lut2_I1_O)        0.326   142.902 r  x_reg[23]_i_189/O
                         net (fo=1, routed)           0.792   143.694    x_reg[23]_i_189_n_0
    SLICE_X17Y12         LUT6 (Prop_lut6_I4_O)        0.124   143.818 r  x_reg[23]_i_67/O
                         net (fo=5, routed)           1.114   144.932    s_3_1_6
    SLICE_X13Y12         LUT4 (Prop_lut4_I0_O)        0.124   145.056 r  x_reg[22]_i_23/O
                         net (fo=3, routed)           0.895   145.952    x_reg[22]_i_23_n_0
    SLICE_X13Y12         LUT6 (Prop_lut6_I0_O)        0.124   146.076 r  x_reg[22]_i_6/O
                         net (fo=1, routed)           0.855   146.931    x_reg[22]_i_6_n_0
    SLICE_X17Y12         LUT6 (Prop_lut6_I3_O)        0.124   147.055 r  x_reg[22]_i_2/O
                         net (fo=1, routed)           1.883   148.938    x_next01288_out
    SLICE_X43Y19         LUT3 (Prop_lut3_I1_O)        0.152   149.089 r  x_reg[22]_i_1/O
                         net (fo=2, routed)           0.757   149.847    x_reg[22]_i_1_n_0
    SLICE_X41Y25         FDRE                                         r  x_reg_reg[22]/D
  -------------------------------------------------------------------    -------------------

Slack:                    inf
  Source:                 x_reg_reg[1]/C
                            (rising edge-triggered cell FDRE)
  Destination:            x_reg_reg[21]/D
  Path Group:             (none)
  Path Type:              Max at Slow Process Corner
  Data Path Delay:        145.046ns  (logic 19.107ns (13.173%)  route 125.940ns (86.827%))
  Logic Levels:           118  (FDRE=1 LUT2=12 LUT3=14 LUT4=27 LUT5=14 LUT6=50)

    Location             Delay type                Incr(ns)  Path(ns)    Netlist Resource(s)
  -------------------------------------------------------------------    -------------------
    SLICE_X21Y64         FDRE                         0.000     0.000 r  x_reg_reg[1]/C
    SLICE_X21Y64         FDRE (Prop_fdre_C_Q)         0.456     0.456 r  x_reg_reg[1]/Q
                         net (fo=47, routed)          2.408     2.864    s_OBUF[1]
    SLICE_X42Y61         LUT6 (Prop_lut6_I5_O)        0.124     2.988 r  x_reg[1]_i_1686/O
                         net (fo=1, routed)           0.483     3.471    s_2_19_250
    SLICE_X42Y61         LUT3 (Prop_lut3_I2_O)        0.124     3.595 r  x_reg[1]_i_1678/O
                         net (fo=5, routed)           1.614     5.209    s_2_19_25
    SLICE_X43Y75         LUT3 (Prop_lut3_I2_O)        0.152     5.361 r  x_reg[1]_i_1685/O
                         net (fo=2, routed)           0.673     6.034    x_reg[1]_i_1685_n_0
    SLICE_X42Y75         LUT6 (Prop_lut6_I5_O)        0.326     6.360 r  x_reg[1]_i_1673/O
                         net (fo=3, routed)           0.864     7.224    s_2_19_24
    SLICE_X42Y76         LUT2 (Prop_lut2_I0_O)        0.124     7.348 r  x_reg[1]_i_1683/O
                         net (fo=3, routed)           1.012     8.361    x_reg[1]_i_1683_n_0
    SLICE_X41Y75         LUT6 (Prop_lut6_I5_O)        0.124     8.485 r  x_reg[1]_i_1656/O
                         net (fo=7, routed)           1.188     9.672    s_2_19_23
    SLICE_X41Y76         LUT6 (Prop_lut6_I5_O)        0.124     9.796 r  x_reg[1]_i_1645/O
                         net (fo=4, routed)           1.054    10.850    x_reg[1]_i_1645_n_0
    SLICE_X42Y77         LUT6 (Prop_lut6_I4_O)        0.124    10.974 r  x_reg[1]_i_1627/O
                         net (fo=12, routed)          0.731    11.705    s_2_20_21
    SLICE_X43Y81         LUT3 (Prop_lut3_I1_O)        0.118    11.823 r  x_reg[1]_i_1602/O
                         net (fo=10, routed)          1.200    13.023    x_reg[1]_i_1602_n_0
    SLICE_X41Y79         LUT6 (Prop_lut6_I2_O)        0.326    13.349 r  x_reg[1]_i_1539/O
                         net (fo=8, routed)           1.745    15.094    s_2_19_21
    SLICE_X42Y83         LUT6 (Prop_lut6_I0_O)        0.124    15.218 r  x_reg[1]_i_1471/O
                         net (fo=9, routed)           1.075    16.293    s_3_19_21
    SLICE_X41Y85         LUT5 (Prop_lut5_I2_O)        0.124    16.417 r  x_reg[1]_i_1402/O
                         net (fo=7, routed)           1.129    17.546    s_4_18_22
    SLICE_X37Y87         LUT3 (Prop_lut3_I1_O)        0.152    17.698 r  x_reg[1]_i_1401/O
                         net (fo=18, routed)          1.277    18.975    x_reg[1]_i_1401_n_0
    SLICE_X37Y85         LUT4 (Prop_lut4_I0_O)        0.354    19.329 r  x_reg[1]_i_1461/O
                         net (fo=2, routed)           0.920    20.249    x_reg[1]_i_1461_n_0
    SLICE_X37Y86         LUT6 (Prop_lut6_I3_O)        0.326    20.575 r  x_reg[1]_i_1392/O
                         net (fo=8, routed)           1.070    21.645    x_reg[1]_i_1392_n_0
    SLICE_X35Y85         LUT4 (Prop_lut4_I0_O)        0.152    21.797 r  x_reg[1]_i_1390/O
                         net (fo=13, routed)          1.730    23.527    x_reg[1]_i_1390_n_0
    SLICE_X37Y81         LUT6 (Prop_lut6_I1_O)        0.326    23.853 r  x_reg[0]_i_459/O
                         net (fo=10, routed)          1.595    25.448    s_3_12_25
    SLICE_X32Y84         LUT2 (Prop_lut2_I0_O)        0.150    25.598 r  x_reg[0]_i_461/O
                         net (fo=2, routed)           1.018    26.616    x_reg[0]_i_461_n_0
    SLICE_X34Y84         LUT6 (Prop_lut6_I0_O)        0.328    26.944 r  x_reg[0]_i_555/O
                         net (fo=1, routed)           1.038    27.982    x_reg[0]_i_555_n_0
    SLICE_X32Y83         LUT6 (Prop_lut6_I3_O)        0.124    28.106 r  x_reg[0]_i_476/O
                         net (fo=2, routed)           0.601    28.707    x_reg[0]_i_476_n_0
    SLICE_X32Y82         LUT6 (Prop_lut6_I0_O)        0.124    28.831 r  x_reg[0]_i_490/O
                         net (fo=1, routed)           0.755    29.586    x_reg[0]_i_490_n_0
    SLICE_X34Y79         LUT6 (Prop_lut6_I3_O)        0.124    29.710 r  x_reg[0]_i_399/O
                         net (fo=1, routed)           0.670    30.380    x_reg[0]_i_399_n_0
    SLICE_X32Y79         LUT6 (Prop_lut6_I2_O)        0.124    30.504 r  x_reg[0]_i_318/O
                         net (fo=28, routed)          3.245    33.749    x_reg[0]_i_318_n_0
    SLICE_X36Y72         LUT4 (Prop_lut4_I1_O)        0.124    33.873 r  x_reg[0]_i_273/O
                         net (fo=3, routed)           1.063    34.936    s_3_16_18
    SLICE_X34Y71         LUT4 (Prop_lut4_I1_O)        0.124    35.060 r  x_reg[0]_i_272/O
                         net (fo=16, routed)          1.149    36.209    x_reg[0]_i_272_n_0
    SLICE_X42Y70         LUT6 (Prop_lut6_I4_O)        0.124    36.333 r  x_reg[1]_i_1227/O
                         net (fo=12, routed)          1.432    37.765    x_reg[1]_i_1227_n_0
    SLICE_X41Y69         LUT6 (Prop_lut6_I5_O)        0.124    37.889 r  x_reg[1]_i_1104/O
                         net (fo=4, routed)           1.118    39.007    s_2_15_17
    SLICE_X39Y67         LUT4 (Prop_lut4_I0_O)        0.124    39.131 r  x_reg[1]_i_1071/O
                         net (fo=13, routed)          1.589    40.720    x_reg[1]_i_1071_n_0
    SLICE_X37Y65         LUT6 (Prop_lut6_I3_O)        0.124    40.844 r  x_reg[1]_i_943/O
                         net (fo=5, routed)           0.738    41.582    s_2_15_16
    SLICE_X36Y65         LUT4 (Prop_lut4_I3_O)        0.150    41.732 r  x_reg[1]_i_959/O
                         net (fo=6, routed)           1.072    42.804    x_reg[1]_i_959_n_0
    SLICE_X35Y64         LUT6 (Prop_lut6_I0_O)        0.326    43.130 r  x_reg[1]_i_903/O
                         net (fo=1, routed)           0.507    43.637    x_reg[1]_i_903_n_0
    SLICE_X36Y64         LUT6 (Prop_lut6_I4_O)        0.124    43.761 r  x_reg[1]_i_709/O
                         net (fo=4, routed)           1.411    45.172    s_3_10_21
    SLICE_X30Y65         LUT2 (Prop_lut2_I1_O)        0.156    45.328 r  x_reg[1]_i_761/O
                         net (fo=5, routed)           0.966    46.293    x_reg[1]_i_761_n_0
    SLICE_X31Y62         LUT3 (Prop_lut3_I0_O)        0.349    46.642 r  x_reg[1]_i_749/O
                         net (fo=1, routed)           0.833    47.475    x_reg[1]_i_749_n_0
    SLICE_X32Y62         LUT5 (Prop_lut5_I3_O)        0.326    47.801 r  x_reg[1]_i_510/O
                         net (fo=6, routed)           1.197    48.998    s_4_6_25
    SLICE_X30Y63         LUT4 (Prop_lut4_I0_O)        0.124    49.122 r  x_reg[1]_i_505/O
                         net (fo=6, routed)           0.807    49.929    x_reg[1]_i_505_n_0
    SLICE_X27Y65         LUT6 (Prop_lut6_I3_O)        0.124    50.053 r  x_reg[1]_i_250/O
                         net (fo=4, routed)           1.499    51.552    s_4_12_18
    SLICE_X20Y66         LUT2 (Prop_lut2_I0_O)        0.157    51.709 r  x_reg[0]_i_26/O
                         net (fo=7, routed)           0.875    52.583    x_reg[0]_i_26_n_0
    SLICE_X20Y69         LUT6 (Prop_lut6_I3_O)        0.355    52.938 r  x_reg[0]_i_7/O
                         net (fo=71, routed)          1.738    54.676    x_reg[0]_i_7_n_0
    SLICE_X17Y73         LUT4 (Prop_lut4_I1_O)        0.124    54.800 r  x_reg[2]_i_107/O
                         net (fo=8, routed)           1.339    56.139    s_5_9_21
    SLICE_X8Y74          LUT4 (Prop_lut4_I2_O)        0.124    56.263 r  x_reg[1]_i_50/O
                         net (fo=10, routed)          1.069    57.332    x_reg[1]_i_50_n_0
    SLICE_X11Y71         LUT6 (Prop_lut6_I3_O)        0.124    57.456 r  x_reg[1]_i_11/O
                         net (fo=61, routed)          1.243    58.699    x_reg[1]_i_11_n_0
    SLICE_X14Y68         LUT6 (Prop_lut6_I5_O)        0.124    58.823 r  x_reg[1]_i_2/O
                         net (fo=18, routed)          1.617    60.440    x_reg[1]_i_2_n_0
    SLICE_X12Y66         LUT6 (Prop_lut6_I5_O)        0.124    60.564 r  x_reg[3]_i_208/O
                         net (fo=4, routed)           0.633    61.197    s_3_5_22
    SLICE_X9Y64          LUT4 (Prop_lut4_I3_O)        0.124    61.321 r  x_reg[3]_i_201/O
                         net (fo=5, routed)           1.138    62.459    x_reg[3]_i_201_n_0
    SLICE_X12Y63         LUT5 (Prop_lut5_I4_O)        0.124    62.583 r  x_reg[2]_i_69/O
                         net (fo=9, routed)           1.539    64.122    x_reg[2]_i_69_n_0
    SLICE_X14Y65         LUT6 (Prop_lut6_I0_O)        0.124    64.246 r  x_reg[3]_i_333/O
                         net (fo=1, routed)           0.818    65.064    x_reg[3]_i_333_n_0
    SLICE_X13Y65         LUT6 (Prop_lut6_I0_O)        0.124    65.188 r  x_reg[3]_i_185/O
                         net (fo=1, routed)           0.590    65.777    s_3_1_250
    SLICE_X15Y65         LUT6 (Prop_lut6_I5_O)        0.124    65.901 r  x_reg[3]_i_75/O
                         net (fo=4, routed)           0.820    66.722    s_3_1_25
    SLICE_X15Y63         LUT4 (Prop_lut4_I3_O)        0.124    66.846 r  x_reg[3]_i_26/O
                         net (fo=1, routed)           0.593    67.439    x_reg[3]_i_26_n_0
    SLICE_X13Y63         LUT6 (Prop_lut6_I1_O)        0.124    67.563 r  x_reg[3]_i_6/O
                         net (fo=22, routed)          1.551    69.113    x_reg[3]_i_6_n_0
    SLICE_X17Y60         LUT6 (Prop_lut6_I2_O)        0.124    69.237 r  x_reg[6]_i_348/O
                         net (fo=7, routed)           0.676    69.913    s_3_7_18
    SLICE_X17Y59         LUT4 (Prop_lut4_I0_O)        0.124    70.037 r  x_reg[4]_i_217/O
                         net (fo=5, routed)           0.952    70.989    x_reg[4]_i_217_n_0
    SLICE_X17Y58         LUT5 (Prop_lut5_I4_O)        0.124    71.113 r  x_reg[4]_i_99/O
                         net (fo=9, routed)           1.173    72.286    x_reg[4]_i_99_n_0
    SLICE_X19Y57         LUT5 (Prop_lut5_I3_O)        0.124    72.410 r  x_reg[6]_i_383/O
                         net (fo=1, routed)           0.852    73.262    x_reg[6]_i_383_n_0
    SLICE_X20Y56         LUT4 (Prop_lut4_I3_O)        0.124    73.386 r  x_reg[6]_i_254/O
                         net (fo=5, routed)           1.071    74.458    s_3_9_15
    SLICE_X19Y55         LUT4 (Prop_lut4_I3_O)        0.124    74.582 r  x_reg[5]_i_90/O
                         net (fo=6, routed)           0.678    75.259    x_reg[5]_i_90_n_0
    SLICE_X18Y56         LUT3 (Prop_lut3_I0_O)        0.124    75.383 r  x_reg[6]_i_372/O
                         net (fo=1, routed)           0.279    75.663    x_reg[6]_i_372_n_0
    SLICE_X18Y56         LUT6 (Prop_lut6_I4_O)        0.124    75.787 r  x_reg[6]_i_245/O
                         net (fo=4, routed)           1.506    77.293    s_4_4_20
    SLICE_X20Y53         LUT2 (Prop_lut2_I1_O)        0.124    77.417 r  x_reg[6]_i_116/O
                         net (fo=4, routed)           0.819    78.236    x_reg[6]_i_116_n_0
    SLICE_X21Y54         LUT4 (Prop_lut4_I0_O)        0.124    78.360 r  x_reg[6]_i_34/O
                         net (fo=5, routed)           1.248    79.608    x_reg[6]_i_34_n_0
    SLICE_X24Y53         LUT4 (Prop_lut4_I1_O)        0.124    79.732 r  x_reg[6]_i_8/O
                         net (fo=13, routed)          1.026    80.757    x_reg[6]_i_8_n_0
    SLICE_X21Y56         LUT6 (Prop_lut6_I5_O)        0.124    80.881 r  x_reg[7]_i_89/O
                         net (fo=3, routed)           0.803    81.684    s_4_10_13
    SLICE_X21Y52         LUT4 (Prop_lut4_I1_O)        0.124    81.808 r  x_reg[7]_i_29/O
                         net (fo=1, routed)           0.879    82.687    x_reg[7]_i_29_n_0
    SLICE_X21Y52         LUT4 (Prop_lut4_I1_O)        0.124    82.811 r  x_reg[7]_i_8/O
                         net (fo=38, routed)          0.957    83.768    x_reg[7]_i_8_n_0
    SLICE_X25Y52         LUT4 (Prop_lut4_I3_O)        0.124    83.892 r  x_reg[8]_i_122/O
                         net (fo=3, routed)           0.449    84.341    s_5_8_15
    SLICE_X23Y51         LUT6 (Prop_lut6_I2_O)        0.124    84.465 r  x_reg[8]_i_34/O
                         net (fo=1, routed)           0.670    85.135    x_reg[8]_i_34_n_0
    SLICE_X23Y51         LUT3 (Prop_lut3_I1_O)        0.124    85.259 r  x_reg[8]_i_8/O
                         net (fo=45, routed)          1.336    86.595    x_reg[8]_i_8_n_0
    SLICE_X31Y51         LUT5 (Prop_lut5_I1_O)        0.124    86.719 r  x_reg[11]_i_466/O
                         net (fo=4, routed)           1.187    87.907    s_6_5_18
    SLICE_X32Y50         LUT2 (Prop_lut2_I1_O)        0.146    88.053 r  x_reg[11]_i_477/O
                         net (fo=3, routed)           0.838    88.890    x_reg[11]_i_477_n_0
    SLICE_X33Y51         LUT3 (Prop_lut3_I2_O)        0.328    89.218 r  x_reg[10]_i_285/O
                         net (fo=5, routed)           0.843    90.061    x_reg[10]_i_285_n_0
    SLICE_X34Y52         LUT4 (Prop_lut4_I3_O)        0.146    90.207 r  x_reg[9]_i_44/O
                         net (fo=9, routed)           1.405    91.612    x_reg[9]_i_44_n_0
    SLICE_X39Y54         LUT4 (Prop_lut4_I3_O)        0.356    91.968 r  x_reg[10]_i_278/O
                         net (fo=1, routed)           0.433    92.401    x_reg[10]_i_278_n_0
    SLICE_X39Y54         LUT5 (Prop_lut5_I4_O)        0.326    92.727 r  x_reg[10]_i_134/O
                         net (fo=5, routed)           1.194    93.921    s_5_10_11
    SLICE_X40Y49         LUT2 (Prop_lut2_I0_O)        0.124    94.045 r  x_reg[10]_i_43/O
                         net (fo=1, routed)           0.943    94.988    x_reg[10]_i_43_n_0
    SLICE_X40Y50         LUT6 (Prop_lut6_I3_O)        0.124    95.112 r  x_reg[10]_i_11/O
                         net (fo=17, routed)          1.523    96.635    x_reg[10]_i_11_n_0
    SLICE_X42Y48         LUT6 (Prop_lut6_I5_O)        0.124    96.759 r  x_reg[12]_i_447/O
                         net (fo=4, routed)           1.122    97.881    s_5_9_11
    SLICE_X41Y46         LUT2 (Prop_lut2_I0_O)        0.124    98.005 r  x_reg[11]_i_108/O
                         net (fo=11, routed)          0.826    98.831    x_reg[11]_i_108_n_0
    SLICE_X41Y44         LUT4 (Prop_lut4_I0_O)        0.124    98.955 r  x_reg[11]_i_35/O
                         net (fo=22, routed)          1.909   100.864    x_reg[11]_i_35_n_0
    SLICE_X35Y42         LUT2 (Prop_lut2_I0_O)        0.152   101.016 r  x_reg[12]_i_206/O
                         net (fo=2, routed)           1.038   102.054    x_reg[12]_i_206_n_0
    SLICE_X39Y42         LUT6 (Prop_lut6_I0_O)        0.326   102.380 r  x_reg[12]_i_52/O
                         net (fo=2, routed)           0.649   103.029    x_reg[12]_i_52_n_0
    SLICE_X40Y41         LUT3 (Prop_lut3_I1_O)        0.124   103.153 r  x_reg[14]_i_349/O
                         net (fo=9, routed)           0.686   103.839    x_reg[14]_i_349_n_0
    SLICE_X40Y40         LUT6 (Prop_lut6_I0_O)        0.124   103.963 r  x_reg[13]_i_148/O
                         net (fo=34, routed)          2.782   106.744    x_reg[13]_i_148_n_0
    SLICE_X36Y38         LUT6 (Prop_lut6_I5_O)        0.124   106.868 r  x_reg[13]_i_143/O
                         net (fo=8, routed)           1.266   108.134    s_5_3_15
    SLICE_X37Y35         LUT4 (Prop_lut4_I2_O)        0.124   108.258 r  x_reg[13]_i_35/O
                         net (fo=3, routed)           0.815   109.073    x_reg[13]_i_35_n_0
    SLICE_X37Y34         LUT6 (Prop_lut6_I0_O)        0.124   109.197 r  x_reg[13]_i_9/O
                         net (fo=17, routed)          1.448   110.646    x_reg[13]_i_9_n_0
    SLICE_X32Y33         LUT3 (Prop_lut3_I2_O)        0.146   110.792 r  x_reg[15]_i_407/O
                         net (fo=1, routed)           0.685   111.477    x_reg[15]_i_407_n_0
    SLICE_X33Y33         LUT6 (Prop_lut6_I4_O)        0.328   111.805 r  x_reg[15]_i_160/O
                         net (fo=6, routed)           1.013   112.819    s_3_7_8
    SLICE_X27Y31         LUT6 (Prop_lut6_I3_O)        0.124   112.943 r  x_reg[15]_i_405/O
                         net (fo=1, routed)           1.023   113.965    x_reg[15]_i_405_n_0
    SLICE_X24Y31         LUT2 (Prop_lut2_I1_O)        0.124   114.089 r  x_reg[15]_i_158/O
                         net (fo=1, routed)           1.234   115.323    x_reg[15]_i_158_n_0
    SLICE_X36Y28         LUT6 (Prop_lut6_I2_O)        0.124   115.447 r  x_reg[15]_i_39/O
                         net (fo=3, routed)           1.165   116.612    s_4_6_9
    SLICE_X36Y25         LUT6 (Prop_lut6_I1_O)        0.124   116.736 r  x_reg[15]_i_9/O
                         net (fo=10, routed)          1.204   117.940    x_reg[15]_i_9_n_0
    SLICE_X34Y23         LUT2 (Prop_lut2_I1_O)        0.150   118.090 r  x_reg[16]_i_451/O
                         net (fo=1, routed)           0.815   118.905    x_reg[16]_i_451_n_0
    SLICE_X34Y22         LUT6 (Prop_lut6_I4_O)        0.348   119.253 r  x_reg[16]_i_193/O
                         net (fo=4, routed)           1.404   120.658    s_4_6_8
    SLICE_X36Y18         LUT4 (Prop_lut4_I1_O)        0.124   120.782 r  x_reg[16]_i_51/O
                         net (fo=4, routed)           0.657   121.438    x_reg[16]_i_51_n_0
    SLICE_X36Y20         LUT5 (Prop_lut5_I4_O)        0.124   121.562 r  x_reg[16]_i_10/O
                         net (fo=1, routed)           0.813   122.376    x_reg[16]_i_10_n_0
    SLICE_X39Y19         LUT6 (Prop_lut6_I1_O)        0.124   122.500 r  x_reg[16]_i_3/O
                         net (fo=17, routed)          1.079   123.579    x_reg[16]_i_3_n_0
    SLICE_X34Y19         LUT5 (Prop_lut5_I4_O)        0.124   123.703 r  x_reg[17]_i_42/O
                         net (fo=3, routed)           1.458   125.161    s_4_6_7
    SLICE_X37Y15         LUT5 (Prop_lut5_I2_O)        0.124   125.285 r  x_reg[17]_i_10/O
                         net (fo=1, routed)           0.828   126.113    x_reg[17]_i_10_n_0
    SLICE_X38Y14         LUT6 (Prop_lut6_I1_O)        0.124   126.237 r  x_reg[17]_i_3/O
                         net (fo=19, routed)          1.862   128.099    x_reg[17]_i_3_n_0
    SLICE_X36Y12         LUT6 (Prop_lut6_I5_O)        0.124   128.223 r  x_reg[19]_i_143/O
                         net (fo=7, routed)           1.054   129.277    s_5_2_11
    SLICE_X35Y11         LUT4 (Prop_lut4_I3_O)        0.124   129.401 r  x_reg[18]_i_133/O
                         net (fo=3, routed)           0.807   130.208    x_reg[18]_i_133_n_0
    SLICE_X34Y11         LUT5 (Prop_lut5_I4_O)        0.124   130.332 r  x_reg[18]_i_35/O
                         net (fo=9, routed)           1.155   131.487    x_reg[18]_i_35_n_0
    SLICE_X33Y10         LUT4 (Prop_lut4_I0_O)        0.152   131.639 r  x_reg[19]_i_428/O
                         net (fo=1, routed)           0.719   132.358    x_reg[19]_i_428_n_0
    SLICE_X33Y9          LUT5 (Prop_lut5_I4_O)        0.326   132.684 r  x_reg[19]_i_218/O
                         net (fo=3, routed)           0.551   133.235    s_4_2_9
    SLICE_X32Y8          LUT2 (Prop_lut2_I0_O)        0.124   133.359 r  x_reg[19]_i_69/O
                         net (fo=3, routed)           0.680   134.039    x_reg[19]_i_69_n_0
    SLICE_X32Y8          LUT3 (Prop_lut3_I2_O)        0.124   134.163 r  x_reg[19]_i_18/O
                         net (fo=5, routed)           0.741   134.904    x_reg[19]_i_18_n_0
    SLICE_X32Y9          LUT6 (Prop_lut6_I0_O)        0.124   135.028 r  x_reg[19]_i_6/O
                         net (fo=6, routed)           0.996   136.024    x_reg[19]_i_6_n_0
    SLICE_X30Y11         LUT6 (Prop_lut6_I2_O)        0.124   136.148 r  x_reg[20]_i_189/O
                         net (fo=1, routed)           0.871   137.018    s_2_3_50
    SLICE_X30Y12         LUT3 (Prop_lut3_I2_O)        0.148   137.166 r  x_reg[20]_i_52/O
                         net (fo=5, routed)           1.546   138.713    s_2_3_5
    SLICE_X29Y10         LUT6 (Prop_lut6_I3_O)        0.328   139.041 r  x_reg[21]_i_316/O
                         net (fo=1, routed)           0.433   139.474    x_reg[21]_i_316_n_0
    SLICE_X29Y10         LUT3 (Prop_lut3_I1_O)        0.124   139.598 r  x_reg[21]_i_141/O
                         net (fo=1, routed)           1.011   140.608    x_reg[21]_i_141_n_0
    SLICE_X28Y12         LUT5 (Prop_lut5_I1_O)        0.124   140.732 r  x_reg[21]_i_44/O
                         net (fo=5, routed)           1.241   141.973    s_3_2_6
    SLICE_X19Y12         LUT4 (Prop_lut4_I2_O)        0.124   142.097 r  x_reg[21]_i_10/O
                         net (fo=3, routed)           0.286   142.383    x_reg[21]_i_10_n_0
    SLICE_X19Y12         LUT6 (Prop_lut6_I4_O)        0.124   142.507 r  x_reg[21]_i_3/O
                         net (fo=1, routed)           0.598   143.105    x_reg[21]_i_3_n_0
    SLICE_X25Y13         LUT5 (Prop_lut5_I0_O)        0.124   143.229 r  x_reg[21]_i_2/O
                         net (fo=1, routed)           1.693   144.922    x_next01285_out
    SLICE_X43Y19         LUT3 (Prop_lut3_I1_O)        0.124   145.046 r  x_reg[21]_i_1/O
                         net (fo=1, routed)           0.000   145.046    x_reg[21]_i_1_n_0
    SLICE_X43Y19         FDRE                                         r  x_reg_reg[21]/D
  -------------------------------------------------------------------    -------------------

Slack:                    inf
  Source:                 x_reg_reg[1]/C
                            (rising edge-triggered cell FDRE)
  Destination:            x_reg_reg[20]/D
  Path Group:             (none)
  Path Type:              Max at Slow Process Corner
  Data Path Delay:        141.509ns  (logic 18.763ns (13.259%)  route 122.746ns (86.741%))
  Logic Levels:           115  (FDRE=1 LUT2=12 LUT3=13 LUT4=27 LUT5=13 LUT6=49)

    Location             Delay type                Incr(ns)  Path(ns)    Netlist Resource(s)
  -------------------------------------------------------------------    -------------------
    SLICE_X21Y64         FDRE                         0.000     0.000 r  x_reg_reg[1]/C
    SLICE_X21Y64         FDRE (Prop_fdre_C_Q)         0.456     0.456 r  x_reg_reg[1]/Q
                         net (fo=47, routed)          2.408     2.864    s_OBUF[1]
    SLICE_X42Y61         LUT6 (Prop_lut6_I5_O)        0.124     2.988 r  x_reg[1]_i_1686/O
                         net (fo=1, routed)           0.483     3.471    s_2_19_250
    SLICE_X42Y61         LUT3 (Prop_lut3_I2_O)        0.124     3.595 r  x_reg[1]_i_1678/O
                         net (fo=5, routed)           1.614     5.209    s_2_19_25
    SLICE_X43Y75         LUT3 (Prop_lut3_I2_O)        0.152     5.361 r  x_reg[1]_i_1685/O
                         net (fo=2, routed)           0.673     6.034    x_reg[1]_i_1685_n_0
    SLICE_X42Y75         LUT6 (Prop_lut6_I5_O)        0.326     6.360 r  x_reg[1]_i_1673/O
                         net (fo=3, routed)           0.864     7.224    s_2_19_24
    SLICE_X42Y76         LUT2 (Prop_lut2_I0_O)        0.124     7.348 r  x_reg[1]_i_1683/O
                         net (fo=3, routed)           1.012     8.361    x_reg[1]_i_1683_n_0
    SLICE_X41Y75         LUT6 (Prop_lut6_I5_O)        0.124     8.485 r  x_reg[1]_i_1656/O
                         net (fo=7, routed)           1.188     9.672    s_2_19_23
    SLICE_X41Y76         LUT6 (Prop_lut6_I5_O)        0.124     9.796 r  x_reg[1]_i_1645/O
                         net (fo=4, routed)           1.054    10.850    x_reg[1]_i_1645_n_0
    SLICE_X42Y77         LUT6 (Prop_lut6_I4_O)        0.124    10.974 r  x_reg[1]_i_1627/O
                         net (fo=12, routed)          0.731    11.705    s_2_20_21
    SLICE_X43Y81         LUT3 (Prop_lut3_I1_O)        0.118    11.823 r  x_reg[1]_i_1602/O
                         net (fo=10, routed)          1.200    13.023    x_reg[1]_i_1602_n_0
    SLICE_X41Y79         LUT6 (Prop_lut6_I2_O)        0.326    13.349 r  x_reg[1]_i_1539/O
                         net (fo=8, routed)           1.745    15.094    s_2_19_21
    SLICE_X42Y83         LUT6 (Prop_lut6_I0_O)        0.124    15.218 r  x_reg[1]_i_1471/O
                         net (fo=9, routed)           1.075    16.293    s_3_19_21
    SLICE_X41Y85         LUT5 (Prop_lut5_I2_O)        0.124    16.417 r  x_reg[1]_i_1402/O
                         net (fo=7, routed)           1.129    17.546    s_4_18_22
    SLICE_X37Y87         LUT3 (Prop_lut3_I1_O)        0.152    17.698 r  x_reg[1]_i_1401/O
                         net (fo=18, routed)          1.277    18.975    x_reg[1]_i_1401_n_0
    SLICE_X37Y85         LUT4 (Prop_lut4_I0_O)        0.354    19.329 r  x_reg[1]_i_1461/O
                         net (fo=2, routed)           0.920    20.249    x_reg[1]_i_1461_n_0
    SLICE_X37Y86         LUT6 (Prop_lut6_I3_O)        0.326    20.575 r  x_reg[1]_i_1392/O
                         net (fo=8, routed)           1.070    21.645    x_reg[1]_i_1392_n_0
    SLICE_X35Y85         LUT4 (Prop_lut4_I0_O)        0.152    21.797 r  x_reg[1]_i_1390/O
                         net (fo=13, routed)          1.730    23.527    x_reg[1]_i_1390_n_0
    SLICE_X37Y81         LUT6 (Prop_lut6_I1_O)        0.326    23.853 r  x_reg[0]_i_459/O
                         net (fo=10, routed)          1.595    25.448    s_3_12_25
    SLICE_X32Y84         LUT2 (Prop_lut2_I0_O)        0.150    25.598 r  x_reg[0]_i_461/O
                         net (fo=2, routed)           1.018    26.616    x_reg[0]_i_461_n_0
    SLICE_X34Y84         LUT6 (Prop_lut6_I0_O)        0.328    26.944 r  x_reg[0]_i_555/O
                         net (fo=1, routed)           1.038    27.982    x_reg[0]_i_555_n_0
    SLICE_X32Y83         LUT6 (Prop_lut6_I3_O)        0.124    28.106 r  x_reg[0]_i_476/O
                         net (fo=2, routed)           0.601    28.707    x_reg[0]_i_476_n_0
    SLICE_X32Y82         LUT6 (Prop_lut6_I0_O)        0.124    28.831 r  x_reg[0]_i_490/O
                         net (fo=1, routed)           0.755    29.586    x_reg[0]_i_490_n_0
    SLICE_X34Y79         LUT6 (Prop_lut6_I3_O)        0.124    29.710 r  x_reg[0]_i_399/O
                         net (fo=1, routed)           0.670    30.380    x_reg[0]_i_399_n_0
    SLICE_X32Y79         LUT6 (Prop_lut6_I2_O)        0.124    30.504 r  x_reg[0]_i_318/O
                         net (fo=28, routed)          3.245    33.749    x_reg[0]_i_318_n_0
    SLICE_X36Y72         LUT4 (Prop_lut4_I1_O)        0.124    33.873 r  x_reg[0]_i_273/O
                         net (fo=3, routed)           1.063    34.936    s_3_16_18
    SLICE_X34Y71         LUT4 (Prop_lut4_I1_O)        0.124    35.060 r  x_reg[0]_i_272/O
                         net (fo=16, routed)          1.149    36.209    x_reg[0]_i_272_n_0
    SLICE_X42Y70         LUT6 (Prop_lut6_I4_O)        0.124    36.333 r  x_reg[1]_i_1227/O
                         net (fo=12, routed)          1.432    37.765    x_reg[1]_i_1227_n_0
    SLICE_X41Y69         LUT6 (Prop_lut6_I5_O)        0.124    37.889 r  x_reg[1]_i_1104/O
                         net (fo=4, routed)           1.118    39.007    s_2_15_17
    SLICE_X39Y67         LUT4 (Prop_lut4_I0_O)        0.124    39.131 r  x_reg[1]_i_1071/O
                         net (fo=13, routed)          1.589    40.720    x_reg[1]_i_1071_n_0
    SLICE_X37Y65         LUT6 (Prop_lut6_I3_O)        0.124    40.844 r  x_reg[1]_i_943/O
                         net (fo=5, routed)           0.738    41.582    s_2_15_16
    SLICE_X36Y65         LUT4 (Prop_lut4_I3_O)        0.150    41.732 r  x_reg[1]_i_959/O
                         net (fo=6, routed)           1.072    42.804    x_reg[1]_i_959_n_0
    SLICE_X35Y64         LUT6 (Prop_lut6_I0_O)        0.326    43.130 r  x_reg[1]_i_903/O
                         net (fo=1, routed)           0.507    43.637    x_reg[1]_i_903_n_0
    SLICE_X36Y64         LUT6 (Prop_lut6_I4_O)        0.124    43.761 r  x_reg[1]_i_709/O
                         net (fo=4, routed)           1.411    45.172    s_3_10_21
    SLICE_X30Y65         LUT2 (Prop_lut2_I1_O)        0.156    45.328 r  x_reg[1]_i_761/O
                         net (fo=5, routed)           0.966    46.293    x_reg[1]_i_761_n_0
    SLICE_X31Y62         LUT3 (Prop_lut3_I0_O)        0.349    46.642 r  x_reg[1]_i_749/O
                         net (fo=1, routed)           0.833    47.475    x_reg[1]_i_749_n_0
    SLICE_X32Y62         LUT5 (Prop_lut5_I3_O)        0.326    47.801 r  x_reg[1]_i_510/O
                         net (fo=6, routed)           1.197    48.998    s_4_6_25
    SLICE_X30Y63         LUT4 (Prop_lut4_I0_O)        0.124    49.122 r  x_reg[1]_i_505/O
                         net (fo=6, routed)           0.807    49.929    x_reg[1]_i_505_n_0
    SLICE_X27Y65         LUT6 (Prop_lut6_I3_O)        0.124    50.053 r  x_reg[1]_i_250/O
                         net (fo=4, routed)           1.499    51.552    s_4_12_18
    SLICE_X20Y66         LUT2 (Prop_lut2_I0_O)        0.157    51.709 r  x_reg[0]_i_26/O
                         net (fo=7, routed)           0.875    52.583    x_reg[0]_i_26_n_0
    SLICE_X20Y69         LUT6 (Prop_lut6_I3_O)        0.355    52.938 r  x_reg[0]_i_7/O
                         net (fo=71, routed)          1.738    54.676    x_reg[0]_i_7_n_0
    SLICE_X17Y73         LUT4 (Prop_lut4_I1_O)        0.124    54.800 r  x_reg[2]_i_107/O
                         net (fo=8, routed)           1.339    56.139    s_5_9_21
    SLICE_X8Y74          LUT4 (Prop_lut4_I2_O)        0.124    56.263 r  x_reg[1]_i_50/O
                         net (fo=10, routed)          1.069    57.332    x_reg[1]_i_50_n_0
    SLICE_X11Y71         LUT6 (Prop_lut6_I3_O)        0.124    57.456 r  x_reg[1]_i_11/O
                         net (fo=61, routed)          1.243    58.699    x_reg[1]_i_11_n_0
    SLICE_X14Y68         LUT6 (Prop_lut6_I5_O)        0.124    58.823 r  x_reg[1]_i_2/O
                         net (fo=18, routed)          1.617    60.440    x_reg[1]_i_2_n_0
    SLICE_X12Y66         LUT6 (Prop_lut6_I5_O)        0.124    60.564 r  x_reg[3]_i_208/O
                         net (fo=4, routed)           0.633    61.197    s_3_5_22
    SLICE_X9Y64          LUT4 (Prop_lut4_I3_O)        0.124    61.321 r  x_reg[3]_i_201/O
                         net (fo=5, routed)           1.138    62.459    x_reg[3]_i_201_n_0
    SLICE_X12Y63         LUT5 (Prop_lut5_I4_O)        0.124    62.583 r  x_reg[2]_i_69/O
                         net (fo=9, routed)           1.539    64.122    x_reg[2]_i_69_n_0
    SLICE_X14Y65         LUT6 (Prop_lut6_I0_O)        0.124    64.246 r  x_reg[3]_i_333/O
                         net (fo=1, routed)           0.818    65.064    x_reg[3]_i_333_n_0
    SLICE_X13Y65         LUT6 (Prop_lut6_I0_O)        0.124    65.188 r  x_reg[3]_i_185/O
                         net (fo=1, routed)           0.590    65.777    s_3_1_250
    SLICE_X15Y65         LUT6 (Prop_lut6_I5_O)        0.124    65.901 r  x_reg[3]_i_75/O
                         net (fo=4, routed)           0.820    66.722    s_3_1_25
    SLICE_X15Y63         LUT4 (Prop_lut4_I3_O)        0.124    66.846 r  x_reg[3]_i_26/O
                         net (fo=1, routed)           0.593    67.439    x_reg[3]_i_26_n_0
    SLICE_X13Y63         LUT6 (Prop_lut6_I1_O)        0.124    67.563 r  x_reg[3]_i_6/O
                         net (fo=22, routed)          1.551    69.113    x_reg[3]_i_6_n_0
    SLICE_X17Y60         LUT6 (Prop_lut6_I2_O)        0.124    69.237 r  x_reg[6]_i_348/O
                         net (fo=7, routed)           0.676    69.913    s_3_7_18
    SLICE_X17Y59         LUT4 (Prop_lut4_I0_O)        0.124    70.037 r  x_reg[4]_i_217/O
                         net (fo=5, routed)           0.952    70.989    x_reg[4]_i_217_n_0
    SLICE_X17Y58         LUT5 (Prop_lut5_I4_O)        0.124    71.113 r  x_reg[4]_i_99/O
                         net (fo=9, routed)           1.173    72.286    x_reg[4]_i_99_n_0
    SLICE_X19Y57         LUT5 (Prop_lut5_I3_O)        0.124    72.410 r  x_reg[6]_i_383/O
                         net (fo=1, routed)           0.852    73.262    x_reg[6]_i_383_n_0
    SLICE_X20Y56         LUT4 (Prop_lut4_I3_O)        0.124    73.386 r  x_reg[6]_i_254/O
                         net (fo=5, routed)           1.071    74.458    s_3_9_15
    SLICE_X19Y55         LUT4 (Prop_lut4_I3_O)        0.124    74.582 r  x_reg[5]_i_90/O
                         net (fo=6, routed)           0.678    75.259    x_reg[5]_i_90_n_0
    SLICE_X18Y56         LUT3 (Prop_lut3_I0_O)        0.124    75.383 r  x_reg[6]_i_372/O
                         net (fo=1, routed)           0.279    75.663    x_reg[6]_i_372_n_0
    SLICE_X18Y56         LUT6 (Prop_lut6_I4_O)        0.124    75.787 r  x_reg[6]_i_245/O
                         net (fo=4, routed)           1.506    77.293    s_4_4_20
    SLICE_X20Y53         LUT2 (Prop_lut2_I1_O)        0.124    77.417 r  x_reg[6]_i_116/O
                         net (fo=4, routed)           0.819    78.236    x_reg[6]_i_116_n_0
    SLICE_X21Y54         LUT4 (Prop_lut4_I0_O)        0.124    78.360 r  x_reg[6]_i_34/O
                         net (fo=5, routed)           1.248    79.608    x_reg[6]_i_34_n_0
    SLICE_X24Y53         LUT4 (Prop_lut4_I1_O)        0.124    79.732 r  x_reg[6]_i_8/O
                         net (fo=13, routed)          1.026    80.757    x_reg[6]_i_8_n_0
    SLICE_X21Y56         LUT6 (Prop_lut6_I5_O)        0.124    80.881 r  x_reg[7]_i_89/O
                         net (fo=3, routed)           0.803    81.684    s_4_10_13
    SLICE_X21Y52         LUT4 (Prop_lut4_I1_O)        0.124    81.808 r  x_reg[7]_i_29/O
                         net (fo=1, routed)           0.879    82.687    x_reg[7]_i_29_n_0
    SLICE_X21Y52         LUT4 (Prop_lut4_I1_O)        0.124    82.811 r  x_reg[7]_i_8/O
                         net (fo=38, routed)          0.957    83.768    x_reg[7]_i_8_n_0
    SLICE_X25Y52         LUT4 (Prop_lut4_I3_O)        0.124    83.892 r  x_reg[8]_i_122/O
                         net (fo=3, routed)           0.449    84.341    s_5_8_15
    SLICE_X23Y51         LUT6 (Prop_lut6_I2_O)        0.124    84.465 r  x_reg[8]_i_34/O
                         net (fo=1, routed)           0.670    85.135    x_reg[8]_i_34_n_0
    SLICE_X23Y51         LUT3 (Prop_lut3_I1_O)        0.124    85.259 r  x_reg[8]_i_8/O
                         net (fo=45, routed)          1.336    86.595    x_reg[8]_i_8_n_0
    SLICE_X31Y51         LUT5 (Prop_lut5_I1_O)        0.124    86.719 r  x_reg[11]_i_466/O
                         net (fo=4, routed)           1.187    87.907    s_6_5_18
    SLICE_X32Y50         LUT2 (Prop_lut2_I1_O)        0.146    88.053 r  x_reg[11]_i_477/O
                         net (fo=3, routed)           0.838    88.890    x_reg[11]_i_477_n_0
    SLICE_X33Y51         LUT3 (Prop_lut3_I2_O)        0.328    89.218 r  x_reg[10]_i_285/O
                         net (fo=5, routed)           0.843    90.061    x_reg[10]_i_285_n_0
    SLICE_X34Y52         LUT4 (Prop_lut4_I3_O)        0.146    90.207 r  x_reg[9]_i_44/O
                         net (fo=9, routed)           1.405    91.612    x_reg[9]_i_44_n_0
    SLICE_X39Y54         LUT4 (Prop_lut4_I3_O)        0.356    91.968 r  x_reg[10]_i_278/O
                         net (fo=1, routed)           0.433    92.401    x_reg[10]_i_278_n_0
    SLICE_X39Y54         LUT5 (Prop_lut5_I4_O)        0.326    92.727 r  x_reg[10]_i_134/O
                         net (fo=5, routed)           1.194    93.921    s_5_10_11
    SLICE_X40Y49         LUT2 (Prop_lut2_I0_O)        0.124    94.045 r  x_reg[10]_i_43/O
                         net (fo=1, routed)           0.943    94.988    x_reg[10]_i_43_n_0
    SLICE_X40Y50         LUT6 (Prop_lut6_I3_O)        0.124    95.112 r  x_reg[10]_i_11/O
                         net (fo=17, routed)          1.523    96.635    x_reg[10]_i_11_n_0
    SLICE_X42Y48         LUT6 (Prop_lut6_I5_O)        0.124    96.759 r  x_reg[12]_i_447/O
                         net (fo=4, routed)           1.122    97.881    s_5_9_11
    SLICE_X41Y46         LUT2 (Prop_lut2_I0_O)        0.124    98.005 r  x_reg[11]_i_108/O
                         net (fo=11, routed)          0.826    98.831    x_reg[11]_i_108_n_0
    SLICE_X41Y44         LUT4 (Prop_lut4_I0_O)        0.124    98.955 r  x_reg[11]_i_35/O
                         net (fo=22, routed)          1.909   100.864    x_reg[11]_i_35_n_0
    SLICE_X35Y42         LUT2 (Prop_lut2_I0_O)        0.152   101.016 r  x_reg[12]_i_206/O
                         net (fo=2, routed)           1.038   102.054    x_reg[12]_i_206_n_0
    SLICE_X39Y42         LUT6 (Prop_lut6_I0_O)        0.326   102.380 r  x_reg[12]_i_52/O
                         net (fo=2, routed)           0.649   103.029    x_reg[12]_i_52_n_0
    SLICE_X40Y41         LUT3 (Prop_lut3_I1_O)        0.124   103.153 r  x_reg[14]_i_349/O
                         net (fo=9, routed)           0.686   103.839    x_reg[14]_i_349_n_0
    SLICE_X40Y40         LUT6 (Prop_lut6_I0_O)        0.124   103.963 r  x_reg[13]_i_148/O
                         net (fo=34, routed)          2.782   106.744    x_reg[13]_i_148_n_0
    SLICE_X36Y38         LUT6 (Prop_lut6_I5_O)        0.124   106.868 r  x_reg[13]_i_143/O
                         net (fo=8, routed)           1.266   108.134    s_5_3_15
    SLICE_X37Y35         LUT4 (Prop_lut4_I2_O)        0.124   108.258 r  x_reg[13]_i_35/O
                         net (fo=3, routed)           0.815   109.073    x_reg[13]_i_35_n_0
    SLICE_X37Y34         LUT6 (Prop_lut6_I0_O)        0.124   109.197 r  x_reg[13]_i_9/O
                         net (fo=17, routed)          1.448   110.646    x_reg[13]_i_9_n_0
    SLICE_X32Y33         LUT3 (Prop_lut3_I2_O)        0.146   110.792 r  x_reg[15]_i_407/O
                         net (fo=1, routed)           0.685   111.477    x_reg[15]_i_407_n_0
    SLICE_X33Y33         LUT6 (Prop_lut6_I4_O)        0.328   111.805 r  x_reg[15]_i_160/O
                         net (fo=6, routed)           1.013   112.819    s_3_7_8
    SLICE_X27Y31         LUT6 (Prop_lut6_I3_O)        0.124   112.943 r  x_reg[15]_i_405/O
                         net (fo=1, routed)           1.023   113.965    x_reg[15]_i_405_n_0
    SLICE_X24Y31         LUT2 (Prop_lut2_I1_O)        0.124   114.089 r  x_reg[15]_i_158/O
                         net (fo=1, routed)           1.234   115.323    x_reg[15]_i_158_n_0
    SLICE_X36Y28         LUT6 (Prop_lut6_I2_O)        0.124   115.447 r  x_reg[15]_i_39/O
                         net (fo=3, routed)           1.165   116.612    s_4_6_9
    SLICE_X36Y25         LUT6 (Prop_lut6_I1_O)        0.124   116.736 r  x_reg[15]_i_9/O
                         net (fo=10, routed)          1.204   117.940    x_reg[15]_i_9_n_0
    SLICE_X34Y23         LUT2 (Prop_lut2_I1_O)        0.150   118.090 r  x_reg[16]_i_451/O
                         net (fo=1, routed)           0.815   118.905    x_reg[16]_i_451_n_0
    SLICE_X34Y22         LUT6 (Prop_lut6_I4_O)        0.348   119.253 r  x_reg[16]_i_193/O
                         net (fo=4, routed)           1.404   120.658    s_4_6_8
    SLICE_X36Y18         LUT4 (Prop_lut4_I1_O)        0.124   120.782 r  x_reg[16]_i_51/O
                         net (fo=4, routed)           0.657   121.438    x_reg[16]_i_51_n_0
    SLICE_X36Y20         LUT5 (Prop_lut5_I4_O)        0.124   121.562 r  x_reg[16]_i_10/O
                         net (fo=1, routed)           0.813   122.376    x_reg[16]_i_10_n_0
    SLICE_X39Y19         LUT6 (Prop_lut6_I1_O)        0.124   122.500 r  x_reg[16]_i_3/O
                         net (fo=17, routed)          1.079   123.579    x_reg[16]_i_3_n_0
    SLICE_X34Y19         LUT5 (Prop_lut5_I4_O)        0.124   123.703 r  x_reg[17]_i_42/O
                         net (fo=3, routed)           1.458   125.161    s_4_6_7
    SLICE_X37Y15         LUT5 (Prop_lut5_I2_O)        0.124   125.285 r  x_reg[17]_i_10/O
                         net (fo=1, routed)           0.828   126.113    x_reg[17]_i_10_n_0
    SLICE_X38Y14         LUT6 (Prop_lut6_I1_O)        0.124   126.237 r  x_reg[17]_i_3/O
                         net (fo=19, routed)          1.862   128.099    x_reg[17]_i_3_n_0
    SLICE_X36Y12         LUT6 (Prop_lut6_I5_O)        0.124   128.223 r  x_reg[19]_i_143/O
                         net (fo=7, routed)           1.054   129.277    s_5_2_11
    SLICE_X35Y11         LUT4 (Prop_lut4_I3_O)        0.124   129.401 r  x_reg[18]_i_133/O
                         net (fo=3, routed)           0.807   130.208    x_reg[18]_i_133_n_0
    SLICE_X34Y11         LUT5 (Prop_lut5_I4_O)        0.124   130.332 r  x_reg[18]_i_35/O
                         net (fo=9, routed)           1.155   131.487    x_reg[18]_i_35_n_0
    SLICE_X33Y10         LUT4 (Prop_lut4_I0_O)        0.152   131.639 r  x_reg[19]_i_428/O
                         net (fo=1, routed)           0.719   132.358    x_reg[19]_i_428_n_0
    SLICE_X33Y9          LUT5 (Prop_lut5_I4_O)        0.326   132.684 r  x_reg[19]_i_218/O
                         net (fo=3, routed)           0.551   133.235    s_4_2_9
    SLICE_X32Y8          LUT2 (Prop_lut2_I0_O)        0.124   133.359 r  x_reg[19]_i_69/O
                         net (fo=3, routed)           0.680   134.039    x_reg[19]_i_69_n_0
    SLICE_X32Y8          LUT3 (Prop_lut3_I2_O)        0.124   134.163 r  x_reg[19]_i_18/O
                         net (fo=5, routed)           0.741   134.904    x_reg[19]_i_18_n_0
    SLICE_X32Y9          LUT6 (Prop_lut6_I0_O)        0.124   135.028 r  x_reg[19]_i_6/O
                         net (fo=6, routed)           0.996   136.024    x_reg[19]_i_6_n_0
    SLICE_X30Y11         LUT6 (Prop_lut6_I2_O)        0.124   136.148 r  x_reg[20]_i_189/O
                         net (fo=1, routed)           0.871   137.018    s_2_3_50
    SLICE_X30Y12         LUT3 (Prop_lut3_I2_O)        0.148   137.166 r  x_reg[20]_i_52/O
                         net (fo=5, routed)           0.938   138.104    s_2_3_5
    SLICE_X26Y13         LUT4 (Prop_lut4_I3_O)        0.328   138.432 r  x_reg[20]_i_11/O
                         net (fo=3, routed)           0.471   138.903    x_reg[20]_i_11_n_0
    SLICE_X28Y12         LUT6 (Prop_lut6_I0_O)        0.124   139.027 r  x_reg[20]_i_4/O
                         net (fo=1, routed)           0.712   139.739    x_reg[20]_i_4_n_0
    SLICE_X29Y12         LUT5 (Prop_lut5_I1_O)        0.124   139.863 r  x_reg[20]_i_2/O
                         net (fo=1, routed)           1.494   141.357    x_next01282_out
    SLICE_X43Y19         LUT3 (Prop_lut3_I1_O)        0.152   141.509 r  x_reg[20]_i_1/O
                         net (fo=1, routed)           0.000   141.509    x_reg[20]_i_1_n_0
    SLICE_X43Y19         FDRE                                         r  x_reg_reg[20]/D
  -------------------------------------------------------------------    -------------------

Slack:                    inf
  Source:                 x_reg_reg[1]/C
                            (rising edge-triggered cell FDRE)
  Destination:            x_reg_reg[19]/D
  Path Group:             (none)
  Path Type:              Max at Slow Process Corner
  Data Path Delay:        137.760ns  (logic 18.011ns (13.074%)  route 119.749ns (86.926%))
  Logic Levels:           111  (FDRE=1 LUT2=12 LUT3=12 LUT4=26 LUT5=12 LUT6=48)

    Location             Delay type                Incr(ns)  Path(ns)    Netlist Resource(s)
  -------------------------------------------------------------------    -------------------
    SLICE_X21Y64         FDRE                         0.000     0.000 r  x_reg_reg[1]/C
    SLICE_X21Y64         FDRE (Prop_fdre_C_Q)         0.456     0.456 r  x_reg_reg[1]/Q
                         net (fo=47, routed)          2.408     2.864    s_OBUF[1]
    SLICE_X42Y61         LUT6 (Prop_lut6_I5_O)        0.124     2.988 r  x_reg[1]_i_1686/O
                         net (fo=1, routed)           0.483     3.471    s_2_19_250
    SLICE_X42Y61         LUT3 (Prop_lut3_I2_O)        0.124     3.595 r  x_reg[1]_i_1678/O
                         net (fo=5, routed)           1.614     5.209    s_2_19_25
    SLICE_X43Y75         LUT3 (Prop_lut3_I2_O)        0.152     5.361 r  x_reg[1]_i_1685/O
                         net (fo=2, routed)           0.673     6.034    x_reg[1]_i_1685_n_0
    SLICE_X42Y75         LUT6 (Prop_lut6_I5_O)        0.326     6.360 r  x_reg[1]_i_1673/O
                         net (fo=3, routed)           0.864     7.224    s_2_19_24
    SLICE_X42Y76         LUT2 (Prop_lut2_I0_O)        0.124     7.348 r  x_reg[1]_i_1683/O
                         net (fo=3, routed)           1.012     8.361    x_reg[1]_i_1683_n_0
    SLICE_X41Y75         LUT6 (Prop_lut6_I5_O)        0.124     8.485 r  x_reg[1]_i_1656/O
                         net (fo=7, routed)           1.188     9.672    s_2_19_23
    SLICE_X41Y76         LUT6 (Prop_lut6_I5_O)        0.124     9.796 r  x_reg[1]_i_1645/O
                         net (fo=4, routed)           1.054    10.850    x_reg[1]_i_1645_n_0
    SLICE_X42Y77         LUT6 (Prop_lut6_I4_O)        0.124    10.974 r  x_reg[1]_i_1627/O
                         net (fo=12, routed)          0.731    11.705    s_2_20_21
    SLICE_X43Y81         LUT3 (Prop_lut3_I1_O)        0.118    11.823 r  x_reg[1]_i_1602/O
                         net (fo=10, routed)          1.200    13.023    x_reg[1]_i_1602_n_0
    SLICE_X41Y79         LUT6 (Prop_lut6_I2_O)        0.326    13.349 r  x_reg[1]_i_1539/O
                         net (fo=8, routed)           1.745    15.094    s_2_19_21
    SLICE_X42Y83         LUT6 (Prop_lut6_I0_O)        0.124    15.218 r  x_reg[1]_i_1471/O
                         net (fo=9, routed)           1.075    16.293    s_3_19_21
    SLICE_X41Y85         LUT5 (Prop_lut5_I2_O)        0.124    16.417 r  x_reg[1]_i_1402/O
                         net (fo=7, routed)           1.129    17.546    s_4_18_22
    SLICE_X37Y87         LUT3 (Prop_lut3_I1_O)        0.152    17.698 r  x_reg[1]_i_1401/O
                         net (fo=18, routed)          1.277    18.975    x_reg[1]_i_1401_n_0
    SLICE_X37Y85         LUT4 (Prop_lut4_I0_O)        0.354    19.329 r  x_reg[1]_i_1461/O
                         net (fo=2, routed)           0.920    20.249    x_reg[1]_i_1461_n_0
    SLICE_X37Y86         LUT6 (Prop_lut6_I3_O)        0.326    20.575 r  x_reg[1]_i_1392/O
                         net (fo=8, routed)           1.070    21.645    x_reg[1]_i_1392_n_0
    SLICE_X35Y85         LUT4 (Prop_lut4_I0_O)        0.152    21.797 r  x_reg[1]_i_1390/O
                         net (fo=13, routed)          1.730    23.527    x_reg[1]_i_1390_n_0
    SLICE_X37Y81         LUT6 (Prop_lut6_I1_O)        0.326    23.853 r  x_reg[0]_i_459/O
                         net (fo=10, routed)          1.595    25.448    s_3_12_25
    SLICE_X32Y84         LUT2 (Prop_lut2_I0_O)        0.150    25.598 r  x_reg[0]_i_461/O
                         net (fo=2, routed)           1.018    26.616    x_reg[0]_i_461_n_0
    SLICE_X34Y84         LUT6 (Prop_lut6_I0_O)        0.328    26.944 r  x_reg[0]_i_555/O
                         net (fo=1, routed)           1.038    27.982    x_reg[0]_i_555_n_0
    SLICE_X32Y83         LUT6 (Prop_lut6_I3_O)        0.124    28.106 r  x_reg[0]_i_476/O
                         net (fo=2, routed)           0.601    28.707    x_reg[0]_i_476_n_0
    SLICE_X32Y82         LUT6 (Prop_lut6_I0_O)        0.124    28.831 r  x_reg[0]_i_490/O
                         net (fo=1, routed)           0.755    29.586    x_reg[0]_i_490_n_0
    SLICE_X34Y79         LUT6 (Prop_lut6_I3_O)        0.124    29.710 r  x_reg[0]_i_399/O
                         net (fo=1, routed)           0.670    30.380    x_reg[0]_i_399_n_0
    SLICE_X32Y79         LUT6 (Prop_lut6_I2_O)        0.124    30.504 r  x_reg[0]_i_318/O
                         net (fo=28, routed)          3.245    33.749    x_reg[0]_i_318_n_0
    SLICE_X36Y72         LUT4 (Prop_lut4_I1_O)        0.124    33.873 r  x_reg[0]_i_273/O
                         net (fo=3, routed)           1.063    34.936    s_3_16_18
    SLICE_X34Y71         LUT4 (Prop_lut4_I1_O)        0.124    35.060 r  x_reg[0]_i_272/O
                         net (fo=16, routed)          1.149    36.209    x_reg[0]_i_272_n_0
    SLICE_X42Y70         LUT6 (Prop_lut6_I4_O)        0.124    36.333 r  x_reg[1]_i_1227/O
                         net (fo=12, routed)          1.432    37.765    x_reg[1]_i_1227_n_0
    SLICE_X41Y69         LUT6 (Prop_lut6_I5_O)        0.124    37.889 r  x_reg[1]_i_1104/O
                         net (fo=4, routed)           1.118    39.007    s_2_15_17
    SLICE_X39Y67         LUT4 (Prop_lut4_I0_O)        0.124    39.131 r  x_reg[1]_i_1071/O
                         net (fo=13, routed)          1.589    40.720    x_reg[1]_i_1071_n_0
    SLICE_X37Y65         LUT6 (Prop_lut6_I3_O)        0.124    40.844 r  x_reg[1]_i_943/O
                         net (fo=5, routed)           0.738    41.582    s_2_15_16
    SLICE_X36Y65         LUT4 (Prop_lut4_I3_O)        0.150    41.732 r  x_reg[1]_i_959/O
                         net (fo=6, routed)           1.072    42.804    x_reg[1]_i_959_n_0
    SLICE_X35Y64         LUT6 (Prop_lut6_I0_O)        0.326    43.130 r  x_reg[1]_i_903/O
                         net (fo=1, routed)           0.507    43.637    x_reg[1]_i_903_n_0
    SLICE_X36Y64         LUT6 (Prop_lut6_I4_O)        0.124    43.761 r  x_reg[1]_i_709/O
                         net (fo=4, routed)           1.411    45.172    s_3_10_21
    SLICE_X30Y65         LUT2 (Prop_lut2_I1_O)        0.156    45.328 r  x_reg[1]_i_761/O
                         net (fo=5, routed)           0.966    46.293    x_reg[1]_i_761_n_0
    SLICE_X31Y62         LUT3 (Prop_lut3_I0_O)        0.349    46.642 r  x_reg[1]_i_749/O
                         net (fo=1, routed)           0.833    47.475    x_reg[1]_i_749_n_0
    SLICE_X32Y62         LUT5 (Prop_lut5_I3_O)        0.326    47.801 r  x_reg[1]_i_510/O
                         net (fo=6, routed)           1.197    48.998    s_4_6_25
    SLICE_X30Y63         LUT4 (Prop_lut4_I0_O)        0.124    49.122 r  x_reg[1]_i_505/O
                         net (fo=6, routed)           0.807    49.929    x_reg[1]_i_505_n_0
    SLICE_X27Y65         LUT6 (Prop_lut6_I3_O)        0.124    50.053 r  x_reg[1]_i_250/O
                         net (fo=4, routed)           1.499    51.552    s_4_12_18
    SLICE_X20Y66         LUT2 (Prop_lut2_I0_O)        0.157    51.709 r  x_reg[0]_i_26/O
                         net (fo=7, routed)           0.875    52.583    x_reg[0]_i_26_n_0
    SLICE_X20Y69         LUT6 (Prop_lut6_I3_O)        0.355    52.938 r  x_reg[0]_i_7/O
                         net (fo=71, routed)          1.738    54.676    x_reg[0]_i_7_n_0
    SLICE_X17Y73         LUT4 (Prop_lut4_I1_O)        0.124    54.800 r  x_reg[2]_i_107/O
                         net (fo=8, routed)           1.339    56.139    s_5_9_21
    SLICE_X8Y74          LUT4 (Prop_lut4_I2_O)        0.124    56.263 r  x_reg[1]_i_50/O
                         net (fo=10, routed)          1.069    57.332    x_reg[1]_i_50_n_0
    SLICE_X11Y71         LUT6 (Prop_lut6_I3_O)        0.124    57.456 r  x_reg[1]_i_11/O
                         net (fo=61, routed)          1.243    58.699    x_reg[1]_i_11_n_0
    SLICE_X14Y68         LUT6 (Prop_lut6_I5_O)        0.124    58.823 r  x_reg[1]_i_2/O
                         net (fo=18, routed)          1.617    60.440    x_reg[1]_i_2_n_0
    SLICE_X12Y66         LUT6 (Prop_lut6_I5_O)        0.124    60.564 r  x_reg[3]_i_208/O
                         net (fo=4, routed)           0.633    61.197    s_3_5_22
    SLICE_X9Y64          LUT4 (Prop_lut4_I3_O)        0.124    61.321 r  x_reg[3]_i_201/O
                         net (fo=5, routed)           1.138    62.459    x_reg[3]_i_201_n_0
    SLICE_X12Y63         LUT5 (Prop_lut5_I4_O)        0.124    62.583 r  x_reg[2]_i_69/O
                         net (fo=9, routed)           1.539    64.122    x_reg[2]_i_69_n_0
    SLICE_X14Y65         LUT6 (Prop_lut6_I0_O)        0.124    64.246 r  x_reg[3]_i_333/O
                         net (fo=1, routed)           0.818    65.064    x_reg[3]_i_333_n_0
    SLICE_X13Y65         LUT6 (Prop_lut6_I0_O)        0.124    65.188 r  x_reg[3]_i_185/O
                         net (fo=1, routed)           0.590    65.777    s_3_1_250
    SLICE_X15Y65         LUT6 (Prop_lut6_I5_O)        0.124    65.901 r  x_reg[3]_i_75/O
                         net (fo=4, routed)           0.820    66.722    s_3_1_25
    SLICE_X15Y63         LUT4 (Prop_lut4_I3_O)        0.124    66.846 r  x_reg[3]_i_26/O
                         net (fo=1, routed)           0.593    67.439    x_reg[3]_i_26_n_0
    SLICE_X13Y63         LUT6 (Prop_lut6_I1_O)        0.124    67.563 r  x_reg[3]_i_6/O
                         net (fo=22, routed)          1.551    69.113    x_reg[3]_i_6_n_0
    SLICE_X17Y60         LUT6 (Prop_lut6_I2_O)        0.124    69.237 r  x_reg[6]_i_348/O
                         net (fo=7, routed)           0.676    69.913    s_3_7_18
    SLICE_X17Y59         LUT4 (Prop_lut4_I0_O)        0.124    70.037 r  x_reg[4]_i_217/O
                         net (fo=5, routed)           0.952    70.989    x_reg[4]_i_217_n_0
    SLICE_X17Y58         LUT5 (Prop_lut5_I4_O)        0.124    71.113 r  x_reg[4]_i_99/O
                         net (fo=9, routed)           1.173    72.286    x_reg[4]_i_99_n_0
    SLICE_X19Y57         LUT5 (Prop_lut5_I3_O)        0.124    72.410 r  x_reg[6]_i_383/O
                         net (fo=1, routed)           0.852    73.262    x_reg[6]_i_383_n_0
    SLICE_X20Y56         LUT4 (Prop_lut4_I3_O)        0.124    73.386 r  x_reg[6]_i_254/O
                         net (fo=5, routed)           1.071    74.458    s_3_9_15
    SLICE_X19Y55         LUT4 (Prop_lut4_I3_O)        0.124    74.582 r  x_reg[5]_i_90/O
                         net (fo=6, routed)           0.678    75.259    x_reg[5]_i_90_n_0
    SLICE_X18Y56         LUT3 (Prop_lut3_I0_O)        0.124    75.383 r  x_reg[6]_i_372/O
                         net (fo=1, routed)           0.279    75.663    x_reg[6]_i_372_n_0
    SLICE_X18Y56         LUT6 (Prop_lut6_I4_O)        0.124    75.787 r  x_reg[6]_i_245/O
                         net (fo=4, routed)           1.506    77.293    s_4_4_20
    SLICE_X20Y53         LUT2 (Prop_lut2_I1_O)        0.124    77.417 r  x_reg[6]_i_116/O
                         net (fo=4, routed)           0.819    78.236    x_reg[6]_i_116_n_0
    SLICE_X21Y54         LUT4 (Prop_lut4_I0_O)        0.124    78.360 r  x_reg[6]_i_34/O
                         net (fo=5, routed)           1.248    79.608    x_reg[6]_i_34_n_0
    SLICE_X24Y53         LUT4 (Prop_lut4_I1_O)        0.124    79.732 r  x_reg[6]_i_8/O
                         net (fo=13, routed)          1.026    80.757    x_reg[6]_i_8_n_0
    SLICE_X21Y56         LUT6 (Prop_lut6_I5_O)        0.124    80.881 r  x_reg[7]_i_89/O
                         net (fo=3, routed)           0.803    81.684    s_4_10_13
    SLICE_X21Y52         LUT4 (Prop_lut4_I1_O)        0.124    81.808 r  x_reg[7]_i_29/O
                         net (fo=1, routed)           0.879    82.687    x_reg[7]_i_29_n_0
    SLICE_X21Y52         LUT4 (Prop_lut4_I1_O)        0.124    82.811 r  x_reg[7]_i_8/O
                         net (fo=38, routed)          0.957    83.768    x_reg[7]_i_8_n_0
    SLICE_X25Y52         LUT4 (Prop_lut4_I3_O)        0.124    83.892 r  x_reg[8]_i_122/O
                         net (fo=3, routed)           0.449    84.341    s_5_8_15
    SLICE_X23Y51         LUT6 (Prop_lut6_I2_O)        0.124    84.465 r  x_reg[8]_i_34/O
                         net (fo=1, routed)           0.670    85.135    x_reg[8]_i_34_n_0
    SLICE_X23Y51         LUT3 (Prop_lut3_I1_O)        0.124    85.259 r  x_reg[8]_i_8/O
                         net (fo=45, routed)          1.336    86.595    x_reg[8]_i_8_n_0
    SLICE_X31Y51         LUT5 (Prop_lut5_I1_O)        0.124    86.719 r  x_reg[11]_i_466/O
                         net (fo=4, routed)           1.187    87.907    s_6_5_18
    SLICE_X32Y50         LUT2 (Prop_lut2_I1_O)        0.146    88.053 r  x_reg[11]_i_477/O
                         net (fo=3, routed)           0.838    88.890    x_reg[11]_i_477_n_0
    SLICE_X33Y51         LUT3 (Prop_lut3_I2_O)        0.328    89.218 r  x_reg[10]_i_285/O
                         net (fo=5, routed)           0.843    90.061    x_reg[10]_i_285_n_0
    SLICE_X34Y52         LUT4 (Prop_lut4_I3_O)        0.146    90.207 r  x_reg[9]_i_44/O
                         net (fo=9, routed)           1.405    91.612    x_reg[9]_i_44_n_0
    SLICE_X39Y54         LUT4 (Prop_lut4_I3_O)        0.356    91.968 r  x_reg[10]_i_278/O
                         net (fo=1, routed)           0.433    92.401    x_reg[10]_i_278_n_0
    SLICE_X39Y54         LUT5 (Prop_lut5_I4_O)        0.326    92.727 r  x_reg[10]_i_134/O
                         net (fo=5, routed)           1.194    93.921    s_5_10_11
    SLICE_X40Y49         LUT2 (Prop_lut2_I0_O)        0.124    94.045 r  x_reg[10]_i_43/O
                         net (fo=1, routed)           0.943    94.988    x_reg[10]_i_43_n_0
    SLICE_X40Y50         LUT6 (Prop_lut6_I3_O)        0.124    95.112 r  x_reg[10]_i_11/O
                         net (fo=17, routed)          1.523    96.635    x_reg[10]_i_11_n_0
    SLICE_X42Y48         LUT6 (Prop_lut6_I5_O)        0.124    96.759 r  x_reg[12]_i_447/O
                         net (fo=4, routed)           1.122    97.881    s_5_9_11
    SLICE_X41Y46         LUT2 (Prop_lut2_I0_O)        0.124    98.005 r  x_reg[11]_i_108/O
                         net (fo=11, routed)          0.826    98.831    x_reg[11]_i_108_n_0
    SLICE_X41Y44         LUT4 (Prop_lut4_I0_O)        0.124    98.955 r  x_reg[11]_i_35/O
                         net (fo=22, routed)          1.909   100.864    x_reg[11]_i_35_n_0
    SLICE_X35Y42         LUT2 (Prop_lut2_I0_O)        0.152   101.016 r  x_reg[12]_i_206/O
                         net (fo=2, routed)           1.038   102.054    x_reg[12]_i_206_n_0
    SLICE_X39Y42         LUT6 (Prop_lut6_I0_O)        0.326   102.380 r  x_reg[12]_i_52/O
                         net (fo=2, routed)           0.649   103.029    x_reg[12]_i_52_n_0
    SLICE_X40Y41         LUT3 (Prop_lut3_I1_O)        0.124   103.153 r  x_reg[14]_i_349/O
                         net (fo=9, routed)           0.686   103.839    x_reg[14]_i_349_n_0
    SLICE_X40Y40         LUT6 (Prop_lut6_I0_O)        0.124   103.963 r  x_reg[13]_i_148/O
                         net (fo=34, routed)          2.782   106.744    x_reg[13]_i_148_n_0
    SLICE_X36Y38         LUT6 (Prop_lut6_I5_O)        0.124   106.868 r  x_reg[13]_i_143/O
                         net (fo=8, routed)           1.266   108.134    s_5_3_15
    SLICE_X37Y35         LUT4 (Prop_lut4_I2_O)        0.124   108.258 r  x_reg[13]_i_35/O
                         net (fo=3, routed)           0.815   109.073    x_reg[13]_i_35_n_0
    SLICE_X37Y34         LUT6 (Prop_lut6_I0_O)        0.124   109.197 r  x_reg[13]_i_9/O
                         net (fo=17, routed)          1.448   110.646    x_reg[13]_i_9_n_0
    SLICE_X32Y33         LUT3 (Prop_lut3_I2_O)        0.146   110.792 r  x_reg[15]_i_407/O
                         net (fo=1, routed)           0.685   111.477    x_reg[15]_i_407_n_0
    SLICE_X33Y33         LUT6 (Prop_lut6_I4_O)        0.328   111.805 r  x_reg[15]_i_160/O
                         net (fo=6, routed)           1.013   112.819    s_3_7_8
    SLICE_X27Y31         LUT6 (Prop_lut6_I3_O)        0.124   112.943 r  x_reg[15]_i_405/O
                         net (fo=1, routed)           1.023   113.965    x_reg[15]_i_405_n_0
    SLICE_X24Y31         LUT2 (Prop_lut2_I1_O)        0.124   114.089 r  x_reg[15]_i_158/O
                         net (fo=1, routed)           1.234   115.323    x_reg[15]_i_158_n_0
    SLICE_X36Y28         LUT6 (Prop_lut6_I2_O)        0.124   115.447 r  x_reg[15]_i_39/O
                         net (fo=3, routed)           1.165   116.612    s_4_6_9
    SLICE_X36Y25         LUT6 (Prop_lut6_I1_O)        0.124   116.736 r  x_reg[15]_i_9/O
                         net (fo=10, routed)          1.204   117.940    x_reg[15]_i_9_n_0
    SLICE_X34Y23         LUT2 (Prop_lut2_I1_O)        0.150   118.090 r  x_reg[16]_i_451/O
                         net (fo=1, routed)           0.815   118.905    x_reg[16]_i_451_n_0
    SLICE_X34Y22         LUT6 (Prop_lut6_I4_O)        0.348   119.253 r  x_reg[16]_i_193/O
                         net (fo=4, routed)           1.404   120.658    s_4_6_8
    SLICE_X36Y18         LUT4 (Prop_lut4_I1_O)        0.124   120.782 r  x_reg[16]_i_51/O
                         net (fo=4, routed)           0.657   121.438    x_reg[16]_i_51_n_0
    SLICE_X36Y20         LUT5 (Prop_lut5_I4_O)        0.124   121.562 r  x_reg[16]_i_10/O
                         net (fo=1, routed)           0.813   122.376    x_reg[16]_i_10_n_0
    SLICE_X39Y19         LUT6 (Prop_lut6_I1_O)        0.124   122.500 r  x_reg[16]_i_3/O
                         net (fo=17, routed)          1.079   123.579    x_reg[16]_i_3_n_0
    SLICE_X34Y19         LUT5 (Prop_lut5_I4_O)        0.124   123.703 r  x_reg[17]_i_42/O
                         net (fo=3, routed)           1.458   125.161    s_4_6_7
    SLICE_X37Y15         LUT5 (Prop_lut5_I2_O)        0.124   125.285 r  x_reg[17]_i_10/O
                         net (fo=1, routed)           0.828   126.113    x_reg[17]_i_10_n_0
    SLICE_X38Y14         LUT6 (Prop_lut6_I1_O)        0.124   126.237 r  x_reg[17]_i_3/O
                         net (fo=19, routed)          1.862   128.099    x_reg[17]_i_3_n_0
    SLICE_X36Y12         LUT6 (Prop_lut6_I5_O)        0.124   128.223 r  x_reg[19]_i_143/O
                         net (fo=7, routed)           1.054   129.277    s_5_2_11
    SLICE_X35Y11         LUT4 (Prop_lut4_I3_O)        0.124   129.401 r  x_reg[18]_i_133/O
                         net (fo=3, routed)           0.807   130.208    x_reg[18]_i_133_n_0
    SLICE_X34Y11         LUT5 (Prop_lut5_I4_O)        0.124   130.332 r  x_reg[18]_i_35/O
                         net (fo=9, routed)           1.155   131.487    x_reg[18]_i_35_n_0
    SLICE_X33Y10         LUT4 (Prop_lut4_I0_O)        0.152   131.639 r  x_reg[19]_i_428/O
                         net (fo=1, routed)           0.719   132.358    x_reg[19]_i_428_n_0
    SLICE_X33Y9          LUT5 (Prop_lut5_I4_O)        0.326   132.684 r  x_reg[19]_i_218/O
                         net (fo=3, routed)           0.551   133.235    s_4_2_9
    SLICE_X32Y8          LUT2 (Prop_lut2_I0_O)        0.124   133.359 r  x_reg[19]_i_69/O
                         net (fo=3, routed)           0.680   134.039    x_reg[19]_i_69_n_0
    SLICE_X32Y8          LUT3 (Prop_lut3_I2_O)        0.124   134.163 r  x_reg[19]_i_18/O
                         net (fo=5, routed)           0.741   134.904    x_reg[19]_i_18_n_0
    SLICE_X32Y9          LUT6 (Prop_lut6_I0_O)        0.124   135.028 r  x_reg[19]_i_6/O
                         net (fo=6, routed)           1.125   136.153    x_reg[19]_i_6_n_0
    SLICE_X31Y12         LUT6 (Prop_lut6_I3_O)        0.124   136.277 r  x_reg[19]_i_2/O
                         net (fo=1, routed)           1.359   137.636    x_next01278_out
    SLICE_X43Y19         LUT3 (Prop_lut3_I1_O)        0.124   137.760 r  x_reg[19]_i_1/O
                         net (fo=1, routed)           0.000   137.760    x_reg[19]_i_1_n_0
    SLICE_X43Y19         FDRE                                         r  x_reg_reg[19]/D
  -------------------------------------------------------------------    -------------------

Slack:                    inf
  Source:                 x_reg_reg[1]/C
                            (rising edge-triggered cell FDRE)
  Destination:            x_reg_reg[18]/D
  Path Group:             (none)
  Path Type:              Max at Slow Process Corner
  Data Path Delay:        133.238ns  (logic 17.285ns (12.973%)  route 115.953ns (87.027%))
  Logic Levels:           107  (FDRE=1 LUT2=11 LUT3=10 LUT4=25 LUT5=11 LUT6=49)

    Location             Delay type                Incr(ns)  Path(ns)    Netlist Resource(s)
  -------------------------------------------------------------------    -------------------
    SLICE_X21Y64         FDRE                         0.000     0.000 r  x_reg_reg[1]/C
    SLICE_X21Y64         FDRE (Prop_fdre_C_Q)         0.456     0.456 r  x_reg_reg[1]/Q
                         net (fo=47, routed)          2.408     2.864    s_OBUF[1]
    SLICE_X42Y61         LUT6 (Prop_lut6_I5_O)        0.124     2.988 r  x_reg[1]_i_1686/O
                         net (fo=1, routed)           0.483     3.471    s_2_19_250
    SLICE_X42Y61         LUT3 (Prop_lut3_I2_O)        0.124     3.595 r  x_reg[1]_i_1678/O
                         net (fo=5, routed)           1.614     5.209    s_2_19_25
    SLICE_X43Y75         LUT3 (Prop_lut3_I2_O)        0.152     5.361 r  x_reg[1]_i_1685/O
                         net (fo=2, routed)           0.673     6.034    x_reg[1]_i_1685_n_0
    SLICE_X42Y75         LUT6 (Prop_lut6_I5_O)        0.326     6.360 r  x_reg[1]_i_1673/O
                         net (fo=3, routed)           0.864     7.224    s_2_19_24
    SLICE_X42Y76         LUT2 (Prop_lut2_I0_O)        0.124     7.348 r  x_reg[1]_i_1683/O
                         net (fo=3, routed)           1.012     8.361    x_reg[1]_i_1683_n_0
    SLICE_X41Y75         LUT6 (Prop_lut6_I5_O)        0.124     8.485 r  x_reg[1]_i_1656/O
                         net (fo=7, routed)           1.188     9.672    s_2_19_23
    SLICE_X41Y76         LUT6 (Prop_lut6_I5_O)        0.124     9.796 r  x_reg[1]_i_1645/O
                         net (fo=4, routed)           1.054    10.850    x_reg[1]_i_1645_n_0
    SLICE_X42Y77         LUT6 (Prop_lut6_I4_O)        0.124    10.974 r  x_reg[1]_i_1627/O
                         net (fo=12, routed)          0.731    11.705    s_2_20_21
    SLICE_X43Y81         LUT3 (Prop_lut3_I1_O)        0.118    11.823 r  x_reg[1]_i_1602/O
                         net (fo=10, routed)          1.200    13.023    x_reg[1]_i_1602_n_0
    SLICE_X41Y79         LUT6 (Prop_lut6_I2_O)        0.326    13.349 r  x_reg[1]_i_1539/O
                         net (fo=8, routed)           1.745    15.094    s_2_19_21
    SLICE_X42Y83         LUT6 (Prop_lut6_I0_O)        0.124    15.218 r  x_reg[1]_i_1471/O
                         net (fo=9, routed)           1.075    16.293    s_3_19_21
    SLICE_X41Y85         LUT5 (Prop_lut5_I2_O)        0.124    16.417 r  x_reg[1]_i_1402/O
                         net (fo=7, routed)           1.129    17.546    s_4_18_22
    SLICE_X37Y87         LUT3 (Prop_lut3_I1_O)        0.152    17.698 r  x_reg[1]_i_1401/O
                         net (fo=18, routed)          1.277    18.975    x_reg[1]_i_1401_n_0
    SLICE_X37Y85         LUT4 (Prop_lut4_I0_O)        0.354    19.329 r  x_reg[1]_i_1461/O
                         net (fo=2, routed)           0.920    20.249    x_reg[1]_i_1461_n_0
    SLICE_X37Y86         LUT6 (Prop_lut6_I3_O)        0.326    20.575 r  x_reg[1]_i_1392/O
                         net (fo=8, routed)           1.070    21.645    x_reg[1]_i_1392_n_0
    SLICE_X35Y85         LUT4 (Prop_lut4_I0_O)        0.152    21.797 r  x_reg[1]_i_1390/O
                         net (fo=13, routed)          1.730    23.527    x_reg[1]_i_1390_n_0
    SLICE_X37Y81         LUT6 (Prop_lut6_I1_O)        0.326    23.853 r  x_reg[0]_i_459/O
                         net (fo=10, routed)          1.595    25.448    s_3_12_25
    SLICE_X32Y84         LUT2 (Prop_lut2_I0_O)        0.150    25.598 r  x_reg[0]_i_461/O
                         net (fo=2, routed)           1.018    26.616    x_reg[0]_i_461_n_0
    SLICE_X34Y84         LUT6 (Prop_lut6_I0_O)        0.328    26.944 r  x_reg[0]_i_555/O
                         net (fo=1, routed)           1.038    27.982    x_reg[0]_i_555_n_0
    SLICE_X32Y83         LUT6 (Prop_lut6_I3_O)        0.124    28.106 r  x_reg[0]_i_476/O
                         net (fo=2, routed)           0.601    28.707    x_reg[0]_i_476_n_0
    SLICE_X32Y82         LUT6 (Prop_lut6_I0_O)        0.124    28.831 r  x_reg[0]_i_490/O
                         net (fo=1, routed)           0.755    29.586    x_reg[0]_i_490_n_0
    SLICE_X34Y79         LUT6 (Prop_lut6_I3_O)        0.124    29.710 r  x_reg[0]_i_399/O
                         net (fo=1, routed)           0.670    30.380    x_reg[0]_i_399_n_0
    SLICE_X32Y79         LUT6 (Prop_lut6_I2_O)        0.124    30.504 r  x_reg[0]_i_318/O
                         net (fo=28, routed)          3.245    33.749    x_reg[0]_i_318_n_0
    SLICE_X36Y72         LUT4 (Prop_lut4_I1_O)        0.124    33.873 r  x_reg[0]_i_273/O
                         net (fo=3, routed)           1.063    34.936    s_3_16_18
    SLICE_X34Y71         LUT4 (Prop_lut4_I1_O)        0.124    35.060 r  x_reg[0]_i_272/O
                         net (fo=16, routed)          1.149    36.209    x_reg[0]_i_272_n_0
    SLICE_X42Y70         LUT6 (Prop_lut6_I4_O)        0.124    36.333 r  x_reg[1]_i_1227/O
                         net (fo=12, routed)          1.432    37.765    x_reg[1]_i_1227_n_0
    SLICE_X41Y69         LUT6 (Prop_lut6_I5_O)        0.124    37.889 r  x_reg[1]_i_1104/O
                         net (fo=4, routed)           1.118    39.007    s_2_15_17
    SLICE_X39Y67         LUT4 (Prop_lut4_I0_O)        0.124    39.131 r  x_reg[1]_i_1071/O
                         net (fo=13, routed)          1.589    40.720    x_reg[1]_i_1071_n_0
    SLICE_X37Y65         LUT6 (Prop_lut6_I3_O)        0.124    40.844 r  x_reg[1]_i_943/O
                         net (fo=5, routed)           0.738    41.582    s_2_15_16
    SLICE_X36Y65         LUT4 (Prop_lut4_I3_O)        0.150    41.732 r  x_reg[1]_i_959/O
                         net (fo=6, routed)           1.072    42.804    x_reg[1]_i_959_n_0
    SLICE_X35Y64         LUT6 (Prop_lut6_I0_O)        0.326    43.130 r  x_reg[1]_i_903/O
                         net (fo=1, routed)           0.507    43.637    x_reg[1]_i_903_n_0
    SLICE_X36Y64         LUT6 (Prop_lut6_I4_O)        0.124    43.761 r  x_reg[1]_i_709/O
                         net (fo=4, routed)           1.411    45.172    s_3_10_21
    SLICE_X30Y65         LUT2 (Prop_lut2_I1_O)        0.156    45.328 r  x_reg[1]_i_761/O
                         net (fo=5, routed)           0.966    46.293    x_reg[1]_i_761_n_0
    SLICE_X31Y62         LUT3 (Prop_lut3_I0_O)        0.349    46.642 r  x_reg[1]_i_749/O
                         net (fo=1, routed)           0.833    47.475    x_reg[1]_i_749_n_0
    SLICE_X32Y62         LUT5 (Prop_lut5_I3_O)        0.326    47.801 r  x_reg[1]_i_510/O
                         net (fo=6, routed)           1.197    48.998    s_4_6_25
    SLICE_X30Y63         LUT4 (Prop_lut4_I0_O)        0.124    49.122 r  x_reg[1]_i_505/O
                         net (fo=6, routed)           0.807    49.929    x_reg[1]_i_505_n_0
    SLICE_X27Y65         LUT6 (Prop_lut6_I3_O)        0.124    50.053 r  x_reg[1]_i_250/O
                         net (fo=4, routed)           1.499    51.552    s_4_12_18
    SLICE_X20Y66         LUT2 (Prop_lut2_I0_O)        0.157    51.709 r  x_reg[0]_i_26/O
                         net (fo=7, routed)           0.875    52.583    x_reg[0]_i_26_n_0
    SLICE_X20Y69         LUT6 (Prop_lut6_I3_O)        0.355    52.938 r  x_reg[0]_i_7/O
                         net (fo=71, routed)          1.738    54.676    x_reg[0]_i_7_n_0
    SLICE_X17Y73         LUT4 (Prop_lut4_I1_O)        0.124    54.800 r  x_reg[2]_i_107/O
                         net (fo=8, routed)           1.339    56.139    s_5_9_21
    SLICE_X8Y74          LUT4 (Prop_lut4_I2_O)        0.124    56.263 r  x_reg[1]_i_50/O
                         net (fo=10, routed)          1.069    57.332    x_reg[1]_i_50_n_0
    SLICE_X11Y71         LUT6 (Prop_lut6_I3_O)        0.124    57.456 r  x_reg[1]_i_11/O
                         net (fo=61, routed)          1.243    58.699    x_reg[1]_i_11_n_0
    SLICE_X14Y68         LUT6 (Prop_lut6_I5_O)        0.124    58.823 r  x_reg[1]_i_2/O
                         net (fo=18, routed)          1.617    60.440    x_reg[1]_i_2_n_0
    SLICE_X12Y66         LUT6 (Prop_lut6_I5_O)        0.124    60.564 r  x_reg[3]_i_208/O
                         net (fo=4, routed)           0.633    61.197    s_3_5_22
    SLICE_X9Y64          LUT4 (Prop_lut4_I3_O)        0.124    61.321 r  x_reg[3]_i_201/O
                         net (fo=5, routed)           1.138    62.459    x_reg[3]_i_201_n_0
    SLICE_X12Y63         LUT5 (Prop_lut5_I4_O)        0.124    62.583 r  x_reg[2]_i_69/O
                         net (fo=9, routed)           1.539    64.122    x_reg[2]_i_69_n_0
    SLICE_X14Y65         LUT6 (Prop_lut6_I0_O)        0.124    64.246 r  x_reg[3]_i_333/O
                         net (fo=1, routed)           0.818    65.064    x_reg[3]_i_333_n_0
    SLICE_X13Y65         LUT6 (Prop_lut6_I0_O)        0.124    65.188 r  x_reg[3]_i_185/O
                         net (fo=1, routed)           0.590    65.777    s_3_1_250
    SLICE_X15Y65         LUT6 (Prop_lut6_I5_O)        0.124    65.901 r  x_reg[3]_i_75/O
                         net (fo=4, routed)           0.820    66.722    s_3_1_25
    SLICE_X15Y63         LUT4 (Prop_lut4_I3_O)        0.124    66.846 r  x_reg[3]_i_26/O
                         net (fo=1, routed)           0.593    67.439    x_reg[3]_i_26_n_0
    SLICE_X13Y63         LUT6 (Prop_lut6_I1_O)        0.124    67.563 r  x_reg[3]_i_6/O
                         net (fo=22, routed)          1.551    69.113    x_reg[3]_i_6_n_0
    SLICE_X17Y60         LUT6 (Prop_lut6_I2_O)        0.124    69.237 r  x_reg[6]_i_348/O
                         net (fo=7, routed)           0.676    69.913    s_3_7_18
    SLICE_X17Y59         LUT4 (Prop_lut4_I0_O)        0.124    70.037 r  x_reg[4]_i_217/O
                         net (fo=5, routed)           0.952    70.989    x_reg[4]_i_217_n_0
    SLICE_X17Y58         LUT5 (Prop_lut5_I4_O)        0.124    71.113 r  x_reg[4]_i_99/O
                         net (fo=9, routed)           1.173    72.286    x_reg[4]_i_99_n_0
    SLICE_X19Y57         LUT5 (Prop_lut5_I3_O)        0.124    72.410 r  x_reg[6]_i_383/O
                         net (fo=1, routed)           0.852    73.262    x_reg[6]_i_383_n_0
    SLICE_X20Y56         LUT4 (Prop_lut4_I3_O)        0.124    73.386 r  x_reg[6]_i_254/O
                         net (fo=5, routed)           1.071    74.458    s_3_9_15
    SLICE_X19Y55         LUT4 (Prop_lut4_I3_O)        0.124    74.582 r  x_reg[5]_i_90/O
                         net (fo=6, routed)           0.678    75.259    x_reg[5]_i_90_n_0
    SLICE_X18Y56         LUT3 (Prop_lut3_I0_O)        0.124    75.383 r  x_reg[6]_i_372/O
                         net (fo=1, routed)           0.279    75.663    x_reg[6]_i_372_n_0
    SLICE_X18Y56         LUT6 (Prop_lut6_I4_O)        0.124    75.787 r  x_reg[6]_i_245/O
                         net (fo=4, routed)           1.506    77.293    s_4_4_20
    SLICE_X20Y53         LUT2 (Prop_lut2_I1_O)        0.124    77.417 r  x_reg[6]_i_116/O
                         net (fo=4, routed)           0.819    78.236    x_reg[6]_i_116_n_0
    SLICE_X21Y54         LUT4 (Prop_lut4_I0_O)        0.124    78.360 r  x_reg[6]_i_34/O
                         net (fo=5, routed)           1.248    79.608    x_reg[6]_i_34_n_0
    SLICE_X24Y53         LUT4 (Prop_lut4_I1_O)        0.124    79.732 r  x_reg[6]_i_8/O
                         net (fo=13, routed)          1.026    80.757    x_reg[6]_i_8_n_0
    SLICE_X21Y56         LUT6 (Prop_lut6_I5_O)        0.124    80.881 r  x_reg[7]_i_89/O
                         net (fo=3, routed)           0.803    81.684    s_4_10_13
    SLICE_X21Y52         LUT4 (Prop_lut4_I1_O)        0.124    81.808 r  x_reg[7]_i_29/O
                         net (fo=1, routed)           0.879    82.687    x_reg[7]_i_29_n_0
    SLICE_X21Y52         LUT4 (Prop_lut4_I1_O)        0.124    82.811 r  x_reg[7]_i_8/O
                         net (fo=38, routed)          0.957    83.768    x_reg[7]_i_8_n_0
    SLICE_X25Y52         LUT4 (Prop_lut4_I3_O)        0.124    83.892 r  x_reg[8]_i_122/O
                         net (fo=3, routed)           0.449    84.341    s_5_8_15
    SLICE_X23Y51         LUT6 (Prop_lut6_I2_O)        0.124    84.465 r  x_reg[8]_i_34/O
                         net (fo=1, routed)           0.670    85.135    x_reg[8]_i_34_n_0
    SLICE_X23Y51         LUT3 (Prop_lut3_I1_O)        0.124    85.259 r  x_reg[8]_i_8/O
                         net (fo=45, routed)          1.336    86.595    x_reg[8]_i_8_n_0
    SLICE_X31Y51         LUT5 (Prop_lut5_I1_O)        0.124    86.719 r  x_reg[11]_i_466/O
                         net (fo=4, routed)           1.187    87.907    s_6_5_18
    SLICE_X32Y50         LUT2 (Prop_lut2_I1_O)        0.146    88.053 r  x_reg[11]_i_477/O
                         net (fo=3, routed)           0.838    88.890    x_reg[11]_i_477_n_0
    SLICE_X33Y51         LUT3 (Prop_lut3_I2_O)        0.328    89.218 r  x_reg[10]_i_285/O
                         net (fo=5, routed)           0.843    90.061    x_reg[10]_i_285_n_0
    SLICE_X34Y52         LUT4 (Prop_lut4_I3_O)        0.146    90.207 r  x_reg[9]_i_44/O
                         net (fo=9, routed)           1.405    91.612    x_reg[9]_i_44_n_0
    SLICE_X39Y54         LUT4 (Prop_lut4_I3_O)        0.356    91.968 r  x_reg[10]_i_278/O
                         net (fo=1, routed)           0.433    92.401    x_reg[10]_i_278_n_0
    SLICE_X39Y54         LUT5 (Prop_lut5_I4_O)        0.326    92.727 r  x_reg[10]_i_134/O
                         net (fo=5, routed)           1.194    93.921    s_5_10_11
    SLICE_X40Y49         LUT2 (Prop_lut2_I0_O)        0.124    94.045 r  x_reg[10]_i_43/O
                         net (fo=1, routed)           0.943    94.988    x_reg[10]_i_43_n_0
    SLICE_X40Y50         LUT6 (Prop_lut6_I3_O)        0.124    95.112 r  x_reg[10]_i_11/O
                         net (fo=17, routed)          1.523    96.635    x_reg[10]_i_11_n_0
    SLICE_X42Y48         LUT6 (Prop_lut6_I5_O)        0.124    96.759 r  x_reg[12]_i_447/O
                         net (fo=4, routed)           1.122    97.881    s_5_9_11
    SLICE_X41Y46         LUT2 (Prop_lut2_I0_O)        0.124    98.005 r  x_reg[11]_i_108/O
                         net (fo=11, routed)          0.826    98.831    x_reg[11]_i_108_n_0
    SLICE_X41Y44         LUT4 (Prop_lut4_I0_O)        0.124    98.955 r  x_reg[11]_i_35/O
                         net (fo=22, routed)          1.909   100.864    x_reg[11]_i_35_n_0
    SLICE_X35Y42         LUT2 (Prop_lut2_I0_O)        0.152   101.016 r  x_reg[12]_i_206/O
                         net (fo=2, routed)           1.038   102.054    x_reg[12]_i_206_n_0
    SLICE_X39Y42         LUT6 (Prop_lut6_I0_O)        0.326   102.380 r  x_reg[12]_i_52/O
                         net (fo=2, routed)           0.649   103.029    x_reg[12]_i_52_n_0
    SLICE_X40Y41         LUT3 (Prop_lut3_I1_O)        0.124   103.153 r  x_reg[14]_i_349/O
                         net (fo=9, routed)           0.686   103.839    x_reg[14]_i_349_n_0
    SLICE_X40Y40         LUT6 (Prop_lut6_I0_O)        0.124   103.963 r  x_reg[13]_i_148/O
                         net (fo=34, routed)          2.782   106.744    x_reg[13]_i_148_n_0
    SLICE_X36Y38         LUT6 (Prop_lut6_I5_O)        0.124   106.868 r  x_reg[13]_i_143/O
                         net (fo=8, routed)           1.266   108.134    s_5_3_15
    SLICE_X37Y35         LUT4 (Prop_lut4_I2_O)        0.124   108.258 r  x_reg[13]_i_35/O
                         net (fo=3, routed)           0.815   109.073    x_reg[13]_i_35_n_0
    SLICE_X37Y34         LUT6 (Prop_lut6_I0_O)        0.124   109.197 r  x_reg[13]_i_9/O
                         net (fo=17, routed)          1.448   110.646    x_reg[13]_i_9_n_0
    SLICE_X32Y33         LUT3 (Prop_lut3_I2_O)        0.146   110.792 r  x_reg[15]_i_407/O
                         net (fo=1, routed)           0.685   111.477    x_reg[15]_i_407_n_0
    SLICE_X33Y33         LUT6 (Prop_lut6_I4_O)        0.328   111.805 r  x_reg[15]_i_160/O
                         net (fo=6, routed)           1.013   112.819    s_3_7_8
    SLICE_X27Y31         LUT6 (Prop_lut6_I3_O)        0.124   112.943 r  x_reg[15]_i_405/O
                         net (fo=1, routed)           1.023   113.965    x_reg[15]_i_405_n_0
    SLICE_X24Y31         LUT2 (Prop_lut2_I1_O)        0.124   114.089 r  x_reg[15]_i_158/O
                         net (fo=1, routed)           1.234   115.323    x_reg[15]_i_158_n_0
    SLICE_X36Y28         LUT6 (Prop_lut6_I2_O)        0.124   115.447 r  x_reg[15]_i_39/O
                         net (fo=3, routed)           1.165   116.612    s_4_6_9
    SLICE_X36Y25         LUT6 (Prop_lut6_I1_O)        0.124   116.736 r  x_reg[15]_i_9/O
                         net (fo=10, routed)          1.204   117.940    x_reg[15]_i_9_n_0
    SLICE_X34Y23         LUT2 (Prop_lut2_I1_O)        0.150   118.090 r  x_reg[16]_i_451/O
                         net (fo=1, routed)           0.815   118.905    x_reg[16]_i_451_n_0
    SLICE_X34Y22         LUT6 (Prop_lut6_I4_O)        0.348   119.253 r  x_reg[16]_i_193/O
                         net (fo=4, routed)           1.404   120.658    s_4_6_8
    SLICE_X36Y18         LUT4 (Prop_lut4_I1_O)        0.124   120.782 r  x_reg[16]_i_51/O
                         net (fo=4, routed)           0.657   121.438    x_reg[16]_i_51_n_0
    SLICE_X36Y20         LUT5 (Prop_lut5_I4_O)        0.124   121.562 r  x_reg[16]_i_10/O
                         net (fo=1, routed)           0.813   122.376    x_reg[16]_i_10_n_0
    SLICE_X39Y19         LUT6 (Prop_lut6_I1_O)        0.124   122.500 r  x_reg[16]_i_3/O
                         net (fo=17, routed)          1.079   123.579    x_reg[16]_i_3_n_0
    SLICE_X34Y19         LUT5 (Prop_lut5_I4_O)        0.124   123.703 r  x_reg[17]_i_42/O
                         net (fo=3, routed)           1.458   125.161    s_4_6_7
    SLICE_X37Y15         LUT5 (Prop_lut5_I2_O)        0.124   125.285 r  x_reg[17]_i_10/O
                         net (fo=1, routed)           0.828   126.113    x_reg[17]_i_10_n_0
    SLICE_X38Y14         LUT6 (Prop_lut6_I1_O)        0.124   126.237 r  x_reg[17]_i_3/O
                         net (fo=19, routed)          1.862   128.099    x_reg[17]_i_3_n_0
    SLICE_X36Y12         LUT6 (Prop_lut6_I5_O)        0.124   128.223 r  x_reg[19]_i_143/O
                         net (fo=7, routed)           1.054   129.277    s_5_2_11
    SLICE_X35Y11         LUT4 (Prop_lut4_I3_O)        0.124   129.401 r  x_reg[18]_i_133/O
                         net (fo=3, routed)           0.807   130.208    x_reg[18]_i_133_n_0
    SLICE_X34Y11         LUT5 (Prop_lut5_I4_O)        0.124   130.332 r  x_reg[18]_i_35/O
                         net (fo=9, routed)           0.854   131.186    x_reg[18]_i_35_n_0
    SLICE_X33Y11         LUT6 (Prop_lut6_I5_O)        0.124   131.310 r  x_reg[18]_i_6/O
                         net (fo=5, routed)           0.576   131.886    x_reg[18]_i_6_n_0
    SLICE_X33Y13         LUT6 (Prop_lut6_I0_O)        0.124   132.010 r  x_reg[18]_i_2/O
                         net (fo=1, routed)           1.105   133.114    x_reg[18]_i_2_n_0
    SLICE_X34Y18         LUT6 (Prop_lut6_I0_O)        0.124   133.238 r  x_reg[18]_i_1/O
                         net (fo=1, routed)           0.000   133.238    x_reg[18]_i_1_n_0
    SLICE_X34Y18         FDRE                                         r  x_reg_reg[18]/D
  -------------------------------------------------------------------    -------------------





Min Delay Paths
--------------------------------------------------------------------------------------
Slack:                    inf
  Source:                 x_reg_reg[10]/C
                            (rising edge-triggered cell FDRE)
  Destination:            x_reg_reg[10]/D
  Path Group:             (none)
  Path Type:              Min at Fast Process Corner
  Data Path Delay:        0.511ns  (logic 0.231ns (45.204%)  route 0.280ns (54.796%))
  Logic Levels:           3  (FDRE=1 LUT6=2)

    Location             Delay type                Incr(ns)  Path(ns)    Netlist Resource(s)
  -------------------------------------------------------------------    -------------------
    SLICE_X35Y45         FDRE                         0.000     0.000 r  x_reg_reg[10]/C
    SLICE_X35Y45         FDRE (Prop_fdre_C_Q)         0.141     0.141 r  x_reg_reg[10]/Q
                         net (fo=74, routed)          0.124     0.265    s_OBUF[10]
    SLICE_X34Y45         LUT6 (Prop_lut6_I2_O)        0.045     0.310 r  x_reg[10]_i_3/O
                         net (fo=1, routed)           0.156     0.466    x_reg[10]_i_3_n_0
    SLICE_X35Y45         LUT6 (Prop_lut6_I2_O)        0.045     0.511 r  x_reg[10]_i_1/O
                         net (fo=1, routed)           0.000     0.511    x_reg[10]_i_1_n_0
    SLICE_X35Y45         FDRE                                         r  x_reg_reg[10]/D
  -------------------------------------------------------------------    -------------------

Slack:                    inf
  Source:                 x_reg_reg[1]/C
                            (rising edge-triggered cell FDRE)
  Destination:            x_reg_reg[1]/D
  Path Group:             (none)
  Path Type:              Min at Fast Process Corner
  Data Path Delay:        0.600ns  (logic 0.231ns (38.478%)  route 0.369ns (61.522%))
  Logic Levels:           3  (FDRE=1 LUT6=2)

    Location             Delay type                Incr(ns)  Path(ns)    Netlist Resource(s)
  -------------------------------------------------------------------    -------------------
    SLICE_X21Y64         FDRE                         0.000     0.000 r  x_reg_reg[1]/C
    SLICE_X21Y64         FDRE (Prop_fdre_C_Q)         0.141     0.141 r  x_reg_reg[1]/Q
                         net (fo=47, routed)          0.318     0.459    s_OBUF[1]
    SLICE_X21Y64         LUT6 (Prop_lut6_I2_O)        0.045     0.504 r  x_reg[1]_i_3/O
                         net (fo=1, routed)           0.051     0.555    x_reg[1]_i_3_n_0
    SLICE_X21Y64         LUT6 (Prop_lut6_I1_O)        0.045     0.600 r  x_reg[1]_i_1/O
                         net (fo=1, routed)           0.000     0.600    x_reg[1]_i_1_n_0
    SLICE_X21Y64         FDRE                                         r  x_reg_reg[1]/D
  -------------------------------------------------------------------    -------------------

Slack:                    inf
  Source:                 a[16]
                            (input port)
  Destination:            x_reg_reg[16]/D
  Path Group:             (none)
  Path Type:              Min at Fast Process Corner
  Data Path Delay:        0.608ns  (logic 0.250ns (41.037%)  route 0.359ns (58.963%))
  Logic Levels:           2  (IBUF=1 LUT3=1)

    Location             Delay type                Incr(ns)  Path(ns)    Netlist Resource(s)
  -------------------------------------------------------------------    -------------------
    R11                                               0.000     0.000 r  a[16] (IN)
                         net (fo=0)                   0.000     0.000    a[16]
    R11                  IBUF (Prop_ibuf_I_O)         0.205     0.205 r  a_IBUF[16]_inst/O
                         net (fo=1, routed)           0.359     0.563    a_IBUF[16]
    SLICE_X43Y18         LUT3 (Prop_lut3_I0_O)        0.045     0.608 r  x_reg[16]_i_1/O
                         net (fo=1, routed)           0.000     0.608    x_reg[16]_i_1_n_0
    SLICE_X43Y18         FDRE                                         r  x_reg_reg[16]/D
  -------------------------------------------------------------------    -------------------

Slack:                    inf
  Source:                 a[17]
                            (input port)
  Destination:            x_reg_reg[17]/D
  Path Group:             (none)
  Path Type:              Min at Fast Process Corner
  Data Path Delay:        0.628ns  (logic 0.253ns (40.310%)  route 0.375ns (59.690%))
  Logic Levels:           2  (IBUF=1 LUT3=1)

    Location             Delay type                Incr(ns)  Path(ns)    Netlist Resource(s)
  -------------------------------------------------------------------    -------------------
    P11                                               0.000     0.000 r  a[17] (IN)
                         net (fo=0)                   0.000     0.000    a[17]
    P11                  IBUF (Prop_ibuf_I_O)         0.207     0.207 r  a_IBUF[17]_inst/O
                         net (fo=1, routed)           0.375     0.582    a_IBUF[17]
    SLICE_X43Y18         LUT3 (Prop_lut3_I0_O)        0.046     0.628 r  x_reg[17]_i_1/O
                         net (fo=1, routed)           0.000     0.628    x_reg[17]_i_1_n_0
    SLICE_X43Y18         FDRE                                         r  x_reg_reg[17]/D
  -------------------------------------------------------------------    -------------------

Slack:                    inf
  Source:                 a[21]
                            (input port)
  Destination:            x_reg_reg[21]/D
  Path Group:             (none)
  Path Type:              Min at Fast Process Corner
  Data Path Delay:        0.636ns  (logic 0.236ns (37.026%)  route 0.401ns (62.974%))
  Logic Levels:           2  (IBUF=1 LUT3=1)

    Location             Delay type                Incr(ns)  Path(ns)    Netlist Resource(s)
  -------------------------------------------------------------------    -------------------
    N11                                               0.000     0.000 r  a[21] (IN)
                         net (fo=0)                   0.000     0.000    a[21]
    N11                  IBUF (Prop_ibuf_I_O)         0.191     0.191 r  a_IBUF[21]_inst/O
                         net (fo=1, routed)           0.401     0.591    a_IBUF[21]
    SLICE_X43Y19         LUT3 (Prop_lut3_I0_O)        0.045     0.636 r  x_reg[21]_i_1/O
                         net (fo=1, routed)           0.000     0.636    x_reg[21]_i_1_n_0
    SLICE_X43Y19         FDRE                                         r  x_reg_reg[21]/D
  -------------------------------------------------------------------    -------------------

Slack:                    inf
  Source:                 x_reg_reg[11]/C
                            (rising edge-triggered cell FDRE)
  Destination:            x_reg_reg[11]/D
  Path Group:             (none)
  Path Type:              Min at Fast Process Corner
  Data Path Delay:        0.649ns  (logic 0.254ns (39.121%)  route 0.395ns (60.879%))
  Logic Levels:           3  (FDRE=1 LUT6=2)

    Location             Delay type                Incr(ns)  Path(ns)    Netlist Resource(s)
  -------------------------------------------------------------------    -------------------
    SLICE_X34Y40         FDRE                         0.000     0.000 r  x_reg_reg[11]/C
    SLICE_X34Y40         FDRE (Prop_fdre_C_Q)         0.164     0.164 r  x_reg_reg[11]/Q
                         net (fo=74, routed)          0.279     0.443    s_OBUF[11]
    SLICE_X34Y41         LUT6 (Prop_lut6_I2_O)        0.045     0.488 r  x_reg[11]_i_2/O
                         net (fo=1, routed)           0.117     0.604    x_reg[11]_i_2_n_0
    SLICE_X34Y40         LUT6 (Prop_lut6_I1_O)        0.045     0.649 r  x_reg[11]_i_1/O
                         net (fo=1, routed)           0.000     0.649    x_reg[11]_i_1_n_0
    SLICE_X34Y40         FDRE                                         r  x_reg_reg[11]/D
  -------------------------------------------------------------------    -------------------

Slack:                    inf
  Source:                 a[20]
                            (input port)
  Destination:            x_reg_reg[20]/D
  Path Group:             (none)
  Path Type:              Min at Fast Process Corner
  Data Path Delay:        0.709ns  (logic 0.227ns (32.076%)  route 0.482ns (67.924%))
  Logic Levels:           2  (IBUF=1 LUT3=1)

    Location             Delay type                Incr(ns)  Path(ns)    Netlist Resource(s)
  -------------------------------------------------------------------    -------------------
    N12                                               0.000     0.000 r  a[20] (IN)
                         net (fo=0)                   0.000     0.000    a[20]
    N12                  IBUF (Prop_ibuf_I_O)         0.185     0.185 r  a_IBUF[20]_inst/O
                         net (fo=1, routed)           0.482     0.667    a_IBUF[20]
    SLICE_X43Y19         LUT3 (Prop_lut3_I0_O)        0.042     0.709 r  x_reg[20]_i_1/O
                         net (fo=1, routed)           0.000     0.709    x_reg[20]_i_1_n_0
    SLICE_X43Y19         FDRE                                         r  x_reg_reg[20]/D
  -------------------------------------------------------------------    -------------------

Slack:                    inf
  Source:                 a[23]
                            (input port)
  Destination:            x_reg_reg[23]/D
  Path Group:             (none)
  Path Type:              Min at Fast Process Corner
  Data Path Delay:        0.739ns  (logic 0.234ns (31.662%)  route 0.505ns (68.338%))
  Logic Levels:           2  (IBUF=1 LUT3=1)

    Location             Delay type                Incr(ns)  Path(ns)    Netlist Resource(s)
  -------------------------------------------------------------------    -------------------
    L12                                               0.000     0.000 r  a[23] (IN)
                         net (fo=0)                   0.000     0.000    a[23]
    L12                  IBUF (Prop_ibuf_I_O)         0.189     0.189 r  a_IBUF[23]_inst/O
                         net (fo=1, routed)           0.375     0.564    a_IBUF[23]
    SLICE_X43Y26         LUT3 (Prop_lut3_I0_O)        0.045     0.609 r  x_reg[23]_i_1/O
                         net (fo=2, routed)           0.130     0.739    x_reg[23]_i_1_n_0
    SLICE_X43Y26         FDRE                                         r  x_reg_reg[23]/D
  -------------------------------------------------------------------    -------------------

Slack:                    inf
  Source:                 x_reg_reg[12]/C
                            (rising edge-triggered cell FDRE)
  Destination:            x_reg_reg[12]/D
  Path Group:             (none)
  Path Type:              Min at Fast Process Corner
  Data Path Delay:        0.742ns  (logic 0.231ns (31.133%)  route 0.511ns (68.867%))
  Logic Levels:           3  (FDRE=1 LUT4=1 LUT6=1)

    Location             Delay type                Incr(ns)  Path(ns)    Netlist Resource(s)
  -------------------------------------------------------------------    -------------------
    SLICE_X40Y36         FDRE                         0.000     0.000 r  x_reg_reg[12]/C
    SLICE_X40Y36         FDRE (Prop_fdre_C_Q)         0.141     0.141 r  x_reg_reg[12]/Q
                         net (fo=71, routed)          0.229     0.370    s_OBUF[12]
    SLICE_X38Y36         LUT4 (Prop_lut4_I1_O)        0.045     0.415 r  x_reg[12]_i_3/O
                         net (fo=1, routed)           0.282     0.697    x_reg[12]_i_3_n_0
    SLICE_X40Y36         LUT6 (Prop_lut6_I2_O)        0.045     0.742 r  x_reg[12]_i_1/O
                         net (fo=1, routed)           0.000     0.742    x_reg[12]_i_1_n_0
    SLICE_X40Y36         FDRE                                         r  x_reg_reg[12]/D
  -------------------------------------------------------------------    -------------------

Slack:                    inf
  Source:                 a[19]
                            (input port)
  Destination:            x_reg_reg[19]/D
  Path Group:             (none)
  Path Type:              Min at Fast Process Corner
  Data Path Delay:        0.752ns  (logic 0.237ns (31.567%)  route 0.515ns (68.433%))
  Logic Levels:           2  (IBUF=1 LUT3=1)

    Location             Delay type                Incr(ns)  Path(ns)    Netlist Resource(s)
  -------------------------------------------------------------------    -------------------
    P15                                               0.000     0.000 r  a[19] (IN)
                         net (fo=0)                   0.000     0.000    a[19]
    P15                  IBUF (Prop_ibuf_I_O)         0.192     0.192 r  a_IBUF[19]_inst/O
                         net (fo=1, routed)           0.515     0.707    a_IBUF[19]
    SLICE_X43Y19         LUT3 (Prop_lut3_I0_O)        0.045     0.752 r  x_reg[19]_i_1/O
                         net (fo=1, routed)           0.000     0.752    x_reg[19]_i_1_n_0
    SLICE_X43Y19         FDRE                                         r  x_reg_reg[19]/D
  -------------------------------------------------------------------    -------------------





